Aberdeen	Aberdeen City	c	57.1498	-2.0938
Ashford		t	51.1484	0.8711
Addlestone	Runnymede	t	51.3707	-0.4929
Ashford	Spelthorne	t	51.4329	-0.462
Arundel	Arun	t	50.8543	-0.5538
Aldeburgh	East Suffolk	t	52.1521	1.6014
Attleborough	Breckland	t	52.5165	1.0146
Acton	Babergh	t	52.0707	0.761
Ampthill	Central Bedfordshire	t	52.0317	-0.4931
Aylsham	Broadland	t	52.795	1.2511
Axminster	East Devon	t	50.7821	-2.9994
Ashburton	Teignbridge	t	50.5156	-3.7557
Amersham	Buckinghamshire	t	51.6769	-0.6076
Aldershot	Rushmoor	t	51.2499	-0.7617
Alton	East Hampshire	t	51.1486	-0.9758
Abingdon-on-Thames	Vale of White Horse	t	51.6701	-1.281
Andover	Test Valley	t	51.2075	-1.4792
Amesbury	Wiltshire	t	51.1719	-1.7805
Axbridge	Sedgemoor	t	51.2872	-2.8174
Abercarn	Caerffili - Caerphilly	t	51.6473	-3.1348
Aberpennar	Rhondda Cynon Taf - Rhondda Cynon Taf	t	51.6841	-3.3785
Abercynon	Rhondda Cynon Taf - Rhondda Cynon Taf	t	51.6461	-3.3285
Aylesbury	Buckinghamshire	t	51.8171	-0.8106
Atherstone	North Warwickshire	t	52.5772	-1.5464
Alcester	Stratford-on-Avon	t	52.2137	-1.871
Abersychan	Torfaen - Torfaen	t	51.7358	-3.0672
Abertyleri	Blaenau Gwent - Blaenau Gwent	t	51.7304	-3.1339
Abergavenny	Sir Fynwy - Monmouthshire	t	51.8219	-3.0184
Aberhonddu	Powys - Powys	t	51.9476	-3.3917
Aberdare	Rhondda Cynon Taf - Rhondda Cynon Taf	t	51.7136	-3.4478
Aberystwyth	Sir Ceredigion - Ceredigion	t	52.415	-4.0837
Aberaeron	Sir Ceredigion - Ceredigion	t	52.2423	-4.2593
Arberth	Sir Benfro - Pembrokeshire	t	51.7997	-4.7441
Abergwaun	Sir Benfro - Pembrokeshire	t	51.9939	-4.9762
Arnold	Gedling	t	53.0024	-1.1259
Alfreton	Amber Valley	t	53.0975	-1.3876
Ashby-de-la-Zouch	North West Leicestershire	t	52.747	-1.4718
Ashbourne	Derbyshire Dales	t	53.0177	-1.7317
Aldridge	Walsall	t	52.6054	-1.9172
Ashton-under-Lyne	Tameside	t	53.4903	-2.0938
Altrincham	Trafford	t	53.3881	-2.3515
Alsager	Cheshire East	t	53.0961	-2.3047
Ashton-in-Makerfield	Wigan	t	53.4886	-2.6385
Abergele	Conwy - Conwy	t	53.2844	-3.5829
Abermaw	Gwynedd - Gwynedd	t	52.7221	-4.0559
Amlwch	Sir Ynys Mon - Isle of Anglesey	t	53.4102	-4.3457
Adwick le Street	Doncaster	t	53.5719	-1.1861
Accrington	Hyndburn	t	53.7528	-2.3642
Adlington	Chorley	t	53.6173	-2.5974
Atherton	Wigan	t	53.5255	-2.4872
Ashington	Northumberland	t	55.1831	-1.5691
Annfield Plain	County Durham	t	54.8634	-1.7451
Alston	Eden	t	54.8125	-2.4414
Appleby-in-Westmorland	Eden	t	54.5778	-2.4913
Ambleside	South Lakeland	t	54.4326	-2.9631
Annan	Dumfries and Galloway	t	54.9873	-3.2618
Aspatria	Allerdale	t	54.7635	-3.3334
Amble	Northumberland	t	55.3336	-1.5843
Alnwick	Northumberland	t	55.4116	-1.7056
Alloa	Clackmannanshire	t	56.116	-3.7917
Alva	Clackmannanshire	t	56.153	-3.8027
Armadale	West Lothian	t	55.8987	-3.7
Airdrie	North Lanarkshire	t	55.866	-3.9809
Alexandria	West Dunbartonshire	t	55.9879	-4.5823
Ardrossan	North Ayrshire	t	55.6406	-4.8145
Ayr	South Ayrshire	t	55.4582	-4.629
Arbroath	Angus	t	56.5623	-2.5841
Anstruther	Fife	t	56.2249	-2.6965
Alyth	Perth and Kinross	t	56.6219	-3.2298
Auchtermuchty	Fife	t	56.2921	-3.2329
Aberfeldy	Perth and Kinross	t	56.619	-3.8684
Auchterarder	Perth and Kinross	t	56.2964	-3.7064
An Gearasdan	Highland	t	56.8196	-5.106
Aberchirder	Aberdeenshire	t	57.5603	-2.6288
Alford	Aberdeenshire	t	57.2319	-2.7021
Aviemore	Highland	t	57.1917	-3.829
Alness	Highland	t	57.6955	-4.2497
Aycliff	Dover	a	51.1138	1.2946
Allington	Maidstone	a	51.2866	0.4969
Ardleigh Green	Havering	a	51.5809	0.2202
Aldborough Hatch	Redbridge	a	51.583	0.1013
Aldersbrook	Redbridge	a	51.5632	0.0241
Avery Hill	Greenwich	a	51.4503	0.0806
Abbey Wood	Greenwich	a	51.4908	0.1081
Alderbrook	Wealden	a	51.041	0.1689
Alexandra Park	Haringey	a	51.599	-0.1369
Arkley	Barnet	a	51.6477	-0.232
Addington	Croydon	a	51.3582	-0.0323
Acton Green	Ealing	a	51.4962	-0.2703
Addiscombe	Croydon	a	51.3773	-0.0745
Anerley	Bromley	a	51.412	-0.0657
Aldrington	The City of Brighton and Hove	a	50.831	-0.1937
Alperton	Brent	a	51.542	-0.2957
Ashley Park	Elmbridge	a	51.3793	-0.4193
Addlestonemoor	Runnymede	a	51.3813	-0.4897
Ash Estates	Elmbridge	a	51.3905	-0.4243
Abbotswood	Guildford	a	51.252	-0.5563
Ashtead Common	Mole Valley	a	51.3195	-0.3215
Andrew's Hill	Horsham	a	51.0078	-0.4637
Arbury	Cambridge	a	52.226	0.122
Alwalton	Huntingdonshire	a	52.5488	-0.3291
Adeyfield	Dacorum	a	51.7552	-0.4587
Apsley	Dacorum	a	51.7349	-0.4647
Arlington	Norwich	a	52.6236	1.2768
Anlaby Common	City of Kingston upon Hull	a	53.7441	-0.4102
Anlaby Park	City of Kingston upon Hull	a	53.74	-0.4102
Aldwick	Arun	a	50.7823	-0.7078
Alverstoke	Gosport	a	50.7869	-1.1501
Appley	Isle of Wight	a	50.7232	-1.1446
Afton	Isle of Wight	a	50.6776	-1.5048
Alum Chine	"Bournemouth, Christchurch and Poole"	a	50.7144	-1.904
Allington	Dorset	a	50.7372	-2.7645
Alphington	Exeter	a	50.6996	-3.5336
Aller Park	Teignbridge	a	50.5207	-3.581
Abbotsbury	Teignbridge	a	50.5329	-3.6125
Axtown	West Devon	a	50.4865	-4.0973
Albaston	Cornwall	a	50.5112	-4.2256
Addington	Cornwall	a	50.4599	-4.4562
Alverton	Cornwall	a	50.1151	-5.5521
Amersham Old Town	Buckinghamshire	a	51.6669	-0.6187
Amersham on the Hill	Buckinghamshire	a	51.6761	-0.6033
Amersham Common	Buckinghamshire	a	51.6712	-0.5957
Amen Corner	Bracknell Forest	a	51.4125	-0.7875
Aaron's Hill	Waverley	a	51.1829	-0.631
Almshouse Common	Waverley	a	51.0861	-0.6877
Ancton	Arun	a	50.7954	-0.6076
Anstey	East Hampshire	a	51.1574	-0.9621
Anchorage Park	City of Portsmouth	a	50.8268	-1.0525
Anthill Common	Winchester	a	50.9104	-1.0858
Abbotts Barton	Winchester	a	51.0749	-1.3136
Allbrook	Eastleigh	a	50.9947	-1.3507
Aldermoor	City of Southampton	a	50.9343	-1.4362
Ash Brake	Swindon	a	51.6011	-1.8018
Abbey Meads	Swindon	a	51.6008	-1.7964
Ameysford	Dorset	a	50.8197	-1.9021
Alcester	Dorset	a	51.0029	-2.206
Alveston Down	South Gloucestershire	a	51.5914	-2.5371
Arno's Vale	City of Bristol	a	51.4415	-2.56
Ashgrove	Bath and North East Somerset	a	51.32	-2.4193
Ansford	South Somerset	a	51.0938	-2.515
Ashton Vale	City of Bristol	a	51.4316	-2.6256
Ashley Down	City of Bristol	a	51.4806	-2.582
Ashton Gate	City of Bristol	a	51.4401	-2.6166
Alvington	South Somerset	a	50.9429	-2.6766
Allt-yr-yn	Casnewydd - Newport	a	51.591	-3.0087
Alway	Casnewydd - Newport	a	51.5874	-2.9557
Axeford Estate	South Somerset	a	50.8415	-2.9391
Abercwmboi	Rhondda Cynon Taf - Rhondda Cynon Taf	a	51.6897	-3.411
Adamsdown	Caerdydd - Cardiff	a	51.4814	-3.166
Atlantic Wharf	Caerdydd - Cardiff	a	51.471	-3.1649
Abergarw	Pen-y-bont ar Ogwr - Bridgend	a	51.5539	-3.5745
Alcombe	Somerset West and Taunton	a	51.1966	-3.4669
Aberavon	Castell-nedd Port Talbot - Neath Port Talbot	a	51.5933	-3.802
Atterbury	Milton Keynes	a	52.0484	-0.7009
Ashland	Milton Keynes	a	52.0155	-0.732
Abington	West Northamptonshire	a	52.245	-0.8584
Abington Vale	West Northamptonshire	a	52.2413	-0.8518
Astrop	West Northamptonshire	a	52.0226	-1.2664
Alderman's Green	Coventry	a	52.4482	-1.4723
Allesley Green	Coventry	a	52.4209	-1.574
Allesley	Coventry	a	52.4304	-1.5693
Ansley Common	North Warwickshire	a	52.5381	-1.5343
Attleborough	Nuneaton and Bedworth	a	52.5148	-1.4548
Abbey Fields	Warwick	a	52.3449	-1.585
Abbey End	Warwick	a	52.3441	-1.5804
Acocks Green	Birmingham	a	52.4457	-1.8271
All Saints	Birmingham	a	52.4927	-1.9222
Alum Rock	Birmingham	a	52.4865	-1.8249
Aston	Birmingham	a	52.5017	-1.8835
Alcester Lane's End	Birmingham	a	52.4237	-1.893
Aston New Town	Birmingham	a	52.4962	-1.8879
Abbeydale	Redditch	a	52.3117	-1.9266
Albion	Sandwell	a	52.5171	-2.022
Amblecote	Dudley	a	52.4645	-2.1468
Astley Cross	Wyre Forest	a	52.3244	-2.2944
Areley Kings	Wyre Forest	a	52.3312	-2.2915
Aston Fields	Bromsgrove	a	52.3228	-2.0504
Aggborough	Wyre Forest	a	52.3779	-2.2444
Astwood	Worcester	a	52.2114	-2.2068
Alstone	Cheltenham	a	51.9012	-2.0928
Arle	Cheltenham	a	51.9102	-2.1032
Abbeydale	Gloucester	a	51.8462	-2.1992
Allaston	Forest of Dean	a	51.7411	-2.5252
Ashbrook	Shropshire	a	52.5417	-2.8097
Aylestone Hill	County of Herefordshire	a	52.0649	-2.7013
Ashfield	County of Herefordshire	a	51.9107	-2.5857
Archenfield	County of Herefordshire	a	51.9081	-2.591
Aberaman	Rhondda Cynon Taf - Rhondda Cynon Taf	a	51.7017	-3.4297
Abermorlais	Merthyr Tudful - Merthyr Tydfil	a	51.749	-3.3814
Ashvale	Blaenau Gwent - Blaenau Gwent	a	51.7844	-3.2569
Abernant	Rhondda Cynon Taf - Rhondda Cynon Taf	a	51.7193	-3.436
Aber-Clydach	Abertawe - Swansea	a	51.6945	-3.8999
Achddu	Sir Gaerfyrddin - Carmarthenshire	a	51.6908	-4.249
Aber-Arad	Sir Gaerfyrddin - Carmarthenshire	a	52.036	-4.4569
Adpar	Sir Ceredigion - Ceredigion	a	52.0439	-4.466
Albert Town	Sir Benfro - Pembrokeshire	a	51.8001	-4.9907
Adbolton	Rushcliffe	a	52.9385	-1.106
Aldwarke	Rotherham	a	53.4484	-1.3256
Alexandra Park	City of Nottingham	a	52.9711	-1.1383
Annesley Lane End	Ashfield	a	53.0709	-1.2897
Allen's Green	Ashfield	a	53.0695	-1.304
Aspley	City of Nottingham	a	52.9701	-1.1995
Alma	Ashfield	a	53.0651	-1.2989
Annesley	Ashfield	a	53.0757	-1.2338
Attenborough	Broxtowe	a	52.907	-1.2321
Agar Nook	North West Leicestershire	a	52.7235	-1.329
Aylestone	City of Leicester	a	52.6014	-1.1534
Aylestone Park	City of Leicester	a	52.6049	-1.1431
Attercliffe	Sheffield	a	53.3921	-1.4342
Abbeydale Park	Sheffield	a	53.3229	-1.5254
Arbourthorne Estate	Sheffield	a	53.3583	-1.4475
Abbeydale	Sheffield	a	53.3361	-1.5101
Attercliffe Hill Top	Sheffield	a	53.4	-1.4206
Arbourthorne	Sheffield	a	53.3689	-1.4447
Ashgate	Chesterfield	a	53.2397	-1.4573
Alvaston	City of Derby	a	52.8953	-1.427
Allestree	City of Derby	a	52.9518	-1.4915
Amington	Tamworth	a	52.6305	-1.6605
Albert Village	North West Leicestershire	a	52.7583	-1.5529
Ardwick	Manchester	a	53.4718	-2.2201
Arden Park	Stockport	a	53.42	-2.1236
Ancoats	Manchester	a	53.4812	-2.2279
Adswood	Stockport	a	53.3913	-2.1696
Astbury Marsh	Cheshire East	a	53.1574	-2.2345
Adderley Green	City of Stoke-on-Trent	a	52.9999	-2.1211
Ash Bank	Staffordshire Moorlands	a	53.0205	-2.1105
Acres Nook	Newcastle-under-Lyme	a	53.0761	-2.2368
Armshead	Staffordshire Moorlands	a	53.0335	-2.0973
Abbey Hulton	City of Stoke-on-Trent	a	53.0351	-2.14
Ashmore Lake	Walsall	a	52.5989	-2.0516
Aldersley	City of Wolverhampton	a	52.6072	-2.1513
Ashmore Park	City of Wolverhampton	a	52.6135	-2.0671
Astley Green	Wigan	a	53.493	-2.4496
Aspull Common	Wigan	a	53.4783	-2.5452
Ashley Heath	Trafford	a	53.3711	-2.3455
Ashton upon Mersey	Trafford	a	53.4263	-2.3371
Alder Forest	Salford	a	53.4938	-2.3755
Appleton Park	Warrington	a	53.3494	-2.5748
Anderton	Cheshire West and Chester	a	53.2758	-2.5408
Ashley Heath	Newcastle-under-Lyme	a	52.9217	-2.3756
Aqueduct	Telford and Wrekin	a	52.6478	-2.4601
Arleston	Telford and Wrekin	a	52.6919	-2.5021
Admaston	Telford and Wrekin	a	52.713	-2.5427
Appleton	Halton	a	53.3744	-2.7333
Ashton Heath	Wigan	a	53.4835	-2.6269
Astmoor	Halton	a	53.344	-2.7036
Allerton	Liverpool	a	53.3686	-2.8887
Ashton's Green	St. Helens	a	53.4519	-2.6939
Arrowe Hill	Wirral	a	53.3757	-3.0996
Aigburth	Liverpool	a	53.366	-2.917
Aigburth Vale	Liverpool	a	53.3773	-2.9306
Anfield	Liverpool	a	53.4323	-2.9539
Abbot's Mead	Cheshire West and Chester	a	53.2067	-2.9015
Aber-nant	Wrecsam - Wrexham	a	52.9781	-3.0794
Afon Eitha	Wrecsam - Wrexham	a	52.9998	-3.0564
Acton	Wrecsam - Wrexham	a	53.0596	-2.9835
Amlwch Port	Sir Ynys Mon - Isle of Anglesey	a	53.412	-4.3338
Aber Pwll	Gwynedd - Gwynedd	a	53.1914	-4.1961
Ashby	North Lincolnshire	a	53.5639	-0.6467
Acomb	York	a	53.9555	-1.1265
Airedale	Wakefield	a	53.7249	-1.3136
Alwoodley Gates	Leeds	a	53.8619	-1.527
Alwoodley Park	Leeds	a	53.8626	-1.5579
Adel	Leeds	a	53.8539	-1.5902
Altofts	Wakefield	a	53.7078	-1.4361
America Moor	Leeds	a	53.7325	-1.6048
Adwalton	Leeds	a	53.7495	-1.6608
Alwoodley	Leeds	a	53.8517	-1.5409
Austhorpe	Leeds	a	53.7991	-1.4403
Adel East Moor	Leeds	a	53.8513	-1.5774
Armley	Leeds	a	53.7994	-1.5846
Ashfield	Wakefield	a	53.7041	-1.4148
Atkinson Hill	Leeds	a	53.78	-1.5242
Alverthorpe	Wakefield	a	53.6915	-1.5352
Arthursdale	Leeds	a	53.8338	-1.4256
Athersley South	Barnsley	a	53.5761	-1.4685
Addingford	Wakefield	a	53.6555	-1.5595
Athersley North	Barnsley	a	53.5803	-1.4736
Agbrigg	Wakefield	a	53.667	-1.4784
Ardsley	Barnsley	a	53.5476	-1.4318
Aireworth	Bradford	a	53.8742	-1.8942
Apperley Bridge	Bradford	a	53.8373	-1.714
Akroydon	Calderdale	a	53.7326	-1.8657
Allerton	Bradford	a	53.8031	-1.8174
Aspley	Kirklees	a	53.6432	-1.7753
Ainley Top	Kirklees	a	53.6703	-1.819
Almondbury Common	Kirklees	a	53.6256	-1.7504
Almondbury	Kirklees	a	53.6354	-1.7484
Armitage Bridge	Kirklees	a	53.6195	-1.8003
Ashenhurst	Kirklees	a	53.6333	-1.7764
Acre	Oldham	a	53.5522	-2.097
Alt	Oldham	a	53.5249	-2.0847
Alkrington Garden Village	Rochdale	a	53.5375	-2.1962
Austerlands	Oldham	a	53.5461	-2.0546
Alder Root	Oldham	a	53.5389	-2.1365
Alleytroyds	Hyndburn	a	53.7514	-2.3914
Anchor	Blackburn with Darwen	a	53.7124	-2.479
Abram Brow	Wigan	a	53.5079	-2.5903
Astley Bridge	Bolton	a	53.6042	-2.4315
Anderton	Chorley	a	53.6178	-2.5967
Aikrigg	South Lakeland	a	54.3194	-2.7311
Abraham Heights	Lancaster	a	54.0442	-2.8177
Avenham	Preston	a	53.7557	-2.6971
Adelphi	Preston	a	53.7662	-2.7086
Ashton Bank	Preston	a	53.7646	-2.7488
Ashton-on-Ribble	Preston	a	53.7685	-2.7395
Astley Village	Chorley	a	53.6624	-2.6452
Aughton Park	West Lancashire	a	53.5534	-2.8923
Ashurst	West Lancashire	a	53.5637	-2.7752
Abbotsmead	Barrow-in-Furness	a	54.1159	-3.2014
Anchorsholme	Blackpool	a	53.8717	-3.0334
Ansdell	Fylde	a	53.7469	-2.9924
Ainsdale	Sefton	a	53.602	-3.0404
Acklam	Middlesbrough	a	54.5429	-1.2543
Arthur's Hill	Newcastle upon Tyne	a	54.9757	-1.6352
Annitsford	Northumberland	a	55.0648	-1.587
Albany	Sunderland	a	54.9071	-1.5324
Ayton	Sunderland	a	54.8942	-1.5564
Ayre's Quay	Sunderland	a	54.9112	-1.396
Allerdene	Gateshead	a	54.9218	-1.5963
Ashbrooke	Sunderland	a	54.8953	-1.389
Aycliffe Village	County Durham	a	54.5991	-1.5618
Albert Hill	Darlington	a	54.5332	-1.5396
Anchorage Hill	Richmondshire	a	54.405	-1.7266
Arrowthwaite	Copeland	a	54.5421	-3.595
Alnwickhill	City of Edinburgh	a	55.9069	-3.1671
Arniston	Midlothian	a	55.8477	-3.057
Abbeyhill	City of Edinburgh	a	55.9574	-3.1697
Abbey Parks	Fife	a	56.0699	-3.4616
Adambrae	West Lothian	a	55.8766	-3.5321
Almondvale	West Lothian	a	55.8826	-3.5141
Antonshill	Falkirk	a	56.0355	-3.8135
Arnothill	Falkirk	a	55.9985	-3.7933
Abronhill	North Lanarkshire	a	55.958	-3.9486
Auchinairn	East Dunbartonshire	a	55.8976	-4.2105
Afton Bridgend	East Ayrshire	a	55.3944	-4.1794
Auldhouse	Glasgow City	a	55.8178	-4.2927
Anderston	Glasgow City	a	55.8631	-4.2725
Acre	Glasgow City	a	55.8991	-4.3052
Anniesland	Glasgow City	a	55.89	-4.3279
Arden	Glasgow City	a	55.8073	-4.3302
Auchenback	East Renfrewshire	a	55.7919	-4.3767
Arthurlie	East Renfrewshire	a	55.7967	-4.3943
Altonhill	East Ayrshire	a	55.6193	-4.5029
Ashton	Inverclyde	a	55.9559	-4.8266
Auchenharvie	North Ayrshire	a	55.6367	-4.7695
Alloway	South Ayrshire	a	55.431	-4.636
Ardnadam	Argyll and Bute	a	55.9792	-4.9427
Auchencairn	North Ayrshire	a	55.5047	-5.1019
Airds	Argyll and Bute	a	55.5911	-5.4682
Askomill	Argyll and Bute	a	55.4288	-5.5853
Anstruther Wester	Fife	a	56.2221	-2.7043
Anstruther Easter	Fife	a	56.2228	-2.7005
Ardler	Dundee City	a	56.486	-3.0161
Auchmuty	Fife	a	56.1948	-3.1661
Alburne Park	Fife	a	56.1982	-3.1508
Auchendryne	Aberdeenshire	a	57.0055	-3.4072
Achlonan	Argyll and Bute	a	56.4331	-5.2332
Anaheilt	Highland	a	56.7084	-5.5626
Ardnastang	Highland	a	56.6957	-5.5911
Altens	Aberdeen City	a	57.1156	-2.0782
Alltan an t-Salainn	Highland	a	57.6996	-4.1411
Auchtercairn	Highland	a	57.7283	-5.6921
An Àrd	Highland	a	57.7123	-5.6804
An Leth-Pheighinn	Highland	a	57.4479	-6.7072
Ardachew	Highland	a	58.0139	-3.8707
Achnabat	Highland	a	58.5318	-4.2992
Achtoty	Highland	a	58.5286	-4.2786
Achnahuaigh	Highland	a	58.5425	-4.4414
Appietown	Orkney Islands	a	59.0415	-3.1925
Acol	Thanet	v	51.3561	1.3128
Aylesham	Dover	v	51.2251	1.2008
Ash	Dover	v	51.2789	1.2779
Adisham	Canterbury	v	51.2384	1.1868
Ashley	Dover	v	51.1913	1.301
Alkham	Dover	v	51.1358	1.224
Aldington	Ashford	v	51.0881	0.9398
Aldington Frith	Ashford	v	51.0947	0.9184
Ashingdon	Rochford	v	51.6075	0.6914
Althorne	Maldon	v	51.6633	0.7588
Allhallows	Medway	v	51.4698	0.6455
Allhallows-on-Sea	Medway	v	51.4735	0.6522
Appledore	Ashford	v	51.0299	0.7892
Appledore Heath	Ashford	v	51.0459	0.7824
Aylesford	Tonbridge and Malling	v	51.3036	0.4816
Addington	Tonbridge and Malling	v	51.3049	0.3783
Abridge	Epping Forest	v	51.6511	0.118
Aveley	Thurrock	v	51.4993	0.2518
Ash	Sevenoaks	v	51.3569	0.2944
Ashurst Wood	Mid Sussex	v	51.1108	0.0263
Ashurst	Tunbridge Wells	v	51.1305	0.1598
Argos Hill	Wealden	v	51.0342	0.2385
Alciston	Wealden	v	50.8311	0.1376
Alfriston	Wealden	v	50.8091	0.1558
Anglefield Corner	Tandridge	v	51.2051	-0.0576
Ardingly	Mid Sussex	v	51.0485	-0.0781
Ansty	Mid Sussex	v	50.9917	-0.1599
Albourne	Mid Sussex	v	50.9333	-0.1996
Albourne Green	Mid Sussex	v	50.9373	-0.2012
Albourne Street	Mid Sussex	v	50.9338	-0.2023
Aldenham	Hertsmere	v	51.6733	-0.3535
Ashford Common	Spelthorne	v	51.4254	-0.4342
Albury	Guildford	v	51.2188	-0.497
Abinger Hammer	Mole Valley	v	51.2142	-0.4314
Abinger Common	Mole Valley	v	51.1995	-0.4018
Adversane	Horsham	v	50.9993	-0.4714
Alfold	Waverley	v	51.0957	-0.5188
Alfold Crossways	Waverley	v	51.1056	-0.5159
Alfold Bars	Chichester	v	51.0896	-0.5209
Atherington	Arun	v	50.8023	-0.5787
Amberley	Horsham	v	50.9004	-0.5396
Ashington	Horsham	v	50.9332	-0.39
Ashurst	Horsham	v	50.9323	-0.3228
Angmering	Arun	v	50.8292	-0.4835
Aldeby	South Norfolk	v	52.486	1.6076
Aldringham	East Suffolk	v	52.1933	1.5776
Alburgh Street	South Norfolk	v	52.4374	1.332
All Saints' South Elmham	East Suffolk	v	52.3909	1.4397
Alburgh	South Norfolk	v	52.4315	1.339
Ashfield Cum Thorpe	Mid Suffolk	v	52.2204	1.235
Alderton	East Suffolk	v	52.0237	1.4152
Aslacton	South Norfolk	v	52.4751	1.1743
Ashwellthorpe	South Norfolk	v	52.5352	1.1454
Ashbocking	East Suffolk	v	52.1396	1.1873
Aldham	Babergh	v	52.0633	0.9714
Aingers Green	Tendring	v	51.8415	1.0731
Ardleigh	Tendring	v	51.9244	0.9848
Alresford	Tendring	v	51.8528	0.9977
Abberton	Colchester	v	51.8344	0.9107
Alpheton	Babergh	v	52.1273	0.7506
Assington	Babergh	v	52.0076	0.8166
Aldham	Colchester	v	51.8979	0.7861
Alphamstone	Braintree	v	51.9849	0.732
Asheldham	Maldon	v	51.6767	0.852
Ashley	East Cambridgeshire	v	52.2268	0.4847
Ashen	Braintree	v	52.0507	0.5469
Aldreth	East Cambridgeshire	v	52.3399	0.1204
Ashdon	Uttlesford	v	52.0549	0.3132
Anstey	East Hertfordshire	v	51.978	0.0455
Arkesden	Uttlesford	v	51.9891	0.1569
Albury	East Hertfordshire	v	51.9018	0.0801
Allen's Green	East Hertfordshire	v	51.8309	0.1097
Abbess Roding	Epping Forest	v	51.7782	0.2769
Ardley End	Uttlesford	v	51.8078	0.2128
Abbots Ripton	Huntingdonshire	v	52.3872	-0.1933
Abbotsley	Huntingdonshire	v	52.1932	-0.2029
Arrington	South Cambridgeshire	v	52.1344	-0.0621
Abington Pigotts	South Cambridgeshire	v	52.0833	-0.0937
Ashwell	North Hertfordshire	v	52.0413	-0.151
Aston	East Hertfordshire	v	51.8857	-0.151
Aspenden	East Hertfordshire	v	51.936	-0.021
Ardeley	East Hertfordshire	v	51.9277	-0.0969
Ayot Green	Welwyn Hatfield	v	51.8141	-0.2349
Ashton	North Northamptonshire	v	52.4824	-0.4468
Apethorpe	North Northamptonshire	v	52.5499	-0.4924
Aldwincle	North Northamptonshire	v	52.4258	-0.5234
Ailsworth	City of Peterborough	v	52.5758	-0.3529
Alconbury	Huntingdonshire	v	52.3688	-0.2601
Alconbury Weston	Huntingdonshire	v	52.3779	-0.2708
Apsley End	Central Bedfordshire	v	51.9851	-0.3674
Arlesey	Central Bedfordshire	v	52.007	-0.2655
Aley Green	Central Bedfordshire	v	51.8539	-0.4464
Ayot St Lawrence	Welwyn Hatfield	v	51.836	-0.2682
Abbots Langley	Three Rivers	v	51.7058	-0.4175
Acle	Broadland	v	52.6395	1.5482
Ashmanhaugh	North Norfolk	v	52.7356	1.4213
Antingham	North Norfolk	v	52.8463	1.3456
Alpington	South Norfolk	v	52.5615	1.386
Ashby St Mary	South Norfolk	v	52.5697	1.4304
Arminghall	South Norfolk	v	52.5893	1.3241
Aylmerton	North Norfolk	v	52.9208	1.2483
Alby Hill	North Norfolk	v	52.8606	1.2554
Aldborough	North Norfolk	v	52.8611	1.242
Attlebridge	Broadland	v	52.7072	1.1511
Ashill	Breckland	v	52.6061	0.7859
Anmer	King's Lynn and West Norfolk	v	52.8347	0.584
Ashwicken	King's Lynn and West Norfolk	v	52.7475	0.5042
Authorpe	East Lindsey	v	53.3067	0.0999
Alford	East Lindsey	v	53.2616	0.1793
Aby	East Lindsey	v	53.2834	0.1167
Anderby	East Lindsey	v	53.2562	0.2939
Ashby by Partney	East Lindsey	v	53.1773	0.1353
Addlethorpe	East Lindsey	v	53.1951	0.3171
Anderby Creek	East Lindsey	v	53.2596	0.3211
Alvingham	East Lindsey	v	53.4013	0.0481
Amber Hill	Boston	v	53.0006	-0.1566
Anton's Gowt	East Lindsey	v	53.0107	-0.0705
Algarkirk	Boston	v	52.8996	-0.0799
Anwick	North Kesteven	v	53.0409	-0.3389
Ashby de la Launde	North Kesteven	v	53.0818	-0.4262
Aslackby	South Kesteven	v	52.86	-0.3905
Aunsby	North Kesteven	v	52.9368	-0.4482
Aisby	South Kesteven	v	52.9372	-0.4967
Aldbrough	East Riding of Yorkshire	v	53.8298	-0.1128
Ashby cum Fenby	North East Lincolnshire	v	53.4891	-0.1116
Aylesby	North East Lincolnshire	v	53.5517	-0.1862
Arnold	East Riding of Yorkshire	v	53.857	-0.289
Atwick	East Riding of Yorkshire	v	53.9399	-0.1879
Anlaby	East Riding of Yorkshire	v	53.7452	-0.4322
Almodington	Chichester	v	50.7725	-0.8294
Adgestone	Isle of Wight	v	50.6726	-1.1595
Alverstone Garden Village	Isle of Wight	v	50.6652	-1.1915
Arreton	Isle of Wight	v	50.6731	-1.2366
Apse Heath	Isle of Wight	v	50.6472	-1.2028
Alverstone	Isle of Wight	v	50.6658	-1.1847
Ashley	New Forest	v	50.758	-1.6379
Avon	New Forest	v	50.7886	-1.7934
Affpuddle	Dorset	v	50.7418	-2.2762
Anderson	Dorset	v	50.7755	-2.1722
Acton	Dorset	v	50.6058	-2.017
Abbotsbury	Dorset	v	50.6656	-2.5995
Askerswell	Dorset	v	50.7327	-2.6686
Axmouth	East Devon	v	50.7144	-3.051
Aylesbeare	East Devon	v	50.7174	-3.3628
Alfington	East Devon	v	50.7745	-3.2564
Abbotskerswell	Teignbridge	v	50.5077	-3.6134
Ashprington	South Hams	v	50.4015	-3.6636
Aish	South Hams	v	50.4308	-3.8429
Avonwick	South Hams	v	50.4097	-3.8139
Aveton Gifford	South Hams	v	50.3109	-3.8371
Ashwater	Torridge	v	50.7344	-4.2891
Altarnun	Cornwall	v	50.6041	-4.5122
Antony	Cornwall	v	50.3686	-4.2513
Ashton	Cornwall	v	50.1096	-5.3533
Angarrack	Cornwall	v	50.1948	-5.3861
Ascot	Windsor and Maidenhead	v	51.4108	-0.6754
Ash Green	Guildford	v	51.2395	-0.709
Artington	Guildford	v	51.22	-0.5805
Ash	Guildford	v	51.2457	-0.7256
Ash Vale	Guildford	v	51.2725	-0.7223
Arford	East Hampshire	v	51.124	-0.8186
Aldingbourne	Arun	v	50.8407	-0.6871
Aston Rowant	South Oxfordshire	v	51.6819	-0.9474
Arborfield Cross	Wokingham	v	51.3954	-0.9056
Aldermaston Soke	West Berkshire	v	51.3699	-1.1208
Arborfield	Wokingham	v	51.4029	-0.9182
Aldermaston Wharf	West Berkshire	v	51.4011	-1.1379
Arborfield Garrison	Wokingham	v	51.3864	-0.8955
Axford	Basingstoke and Deane	v	51.1865	-1.129
Ardington	Vale of White Horse	v	51.5924	-1.3787
Aston Upthorpe	South Oxfordshire	v	51.5733	-1.2004
Appleford-on-Thames	Vale of White Horse	v	51.6389	-1.2403
Aston Tirrold	South Oxfordshire	v	51.5678	-1.1996
Ashford Hill	Basingstoke and Deane	v	51.3536	-1.2038
Ashmore Green	West Berkshire	v	51.4223	-1.2747
Aldermaston	West Berkshire	v	51.3819	-1.1517
Ashampstead	West Berkshire	v	51.4888	-1.186
Ashmansworth	Basingstoke and Deane	v	51.3145	-1.4058
Avington	Winchester	v	51.0845	-1.2434
Abbots Worthy	Winchester	v	51.0913	-1.291
Ashbury	Vale of White Horse	v	51.5637	-1.6199
Axford	Wiltshire	v	51.4287	-1.663
Aldbourne	Wiltshire	v	51.4788	-1.621
Amport	Test Valley	v	51.1968	-1.5692
Appleshaw	Test Valley	v	51.2358	-1.5608
Aughton	Wiltshire	v	51.3059	-1.6583
Abbotts Ann	Test Valley	v	51.1907	-1.5314
Andover Down	Test Valley	v	51.213	-1.4361
Anna Valley	Test Valley	v	51.1936	-1.508
Ampfield	Test Valley	v	51.0064	-1.4344
Awbridge	Test Valley	v	51.0139	-1.5351
Abbotswood	Test Valley	v	51.0093	-1.4866
Allington	Wiltshire	v	51.153	-1.708
Ashurst Bridge	New Forest	v	50.9114	-1.5183
Ashurst	New Forest	v	50.8924	-1.5226
Ashton Keynes	Wiltshire	v	51.6466	-1.9298
All Cannings	Wiltshire	v	51.3565	-1.8974
Alton Priors	Wiltshire	v	51.36	-1.8426
Avebury	Wiltshire	v	51.4284	-1.8551
Avebury Trusloe	Wiltshire	v	51.4252	-1.865
Alton Barnes	Wiltshire	v	51.3574	-1.8505
Alderbury	Wiltshire	v	51.0426	-1.7317
Alderholt	Dorset	v	50.9116	-1.8378
Ashley	Dorset	v	50.8389	-1.8052
Ashley Heath	Dorset	v	50.8378	-1.8383
Ashford	New Forest	v	50.9287	-1.8061
Acton Turville	South Gloucestershire	v	51.5276	-2.2748
Alderton	Wiltshire	v	51.5436	-2.2338
Avening	Cotswold	v	51.6801	-2.169
Atworth	Wiltshire	v	51.3926	-2.1969
Ashley	Wiltshire	v	51.4151	-2.2673
Ashton Common	Wiltshire	v	51.3226	-2.1473
Ansty	Wiltshire	v	51.0396	-2.065
Ashmore	Dorset	v	50.9598	-2.1254
Alveston	South Gloucestershire	v	51.5896	-2.5319
Almondsbury	South Gloucestershire	v	51.5546	-2.5737
Ashmead Green	Stroud	v	51.6974	-2.3389
Alhampton	Mendip	v	51.1115	-2.533
Alford	South Somerset	v	51.0879	-2.5654
Abbas Combe	South Somerset	v	51.0028	-2.4182
Alweston	Dorset	v	50.9272	-2.4787
Alton Pancras	Dorset	v	50.8193	-2.4267
Ansty	Dorset	v	50.8251	-2.3378
Aust	South Gloucestershire	v	51.5985	-2.6165
Abbots Leigh	North Somerset	v	51.4607	-2.6664
Ashcott	Sedgemoor	v	51.1291	-2.8106
Ash	South Somerset	v	50.9828	-2.7499
Alstone	Sedgemoor	v	51.2165	-2.983
Aller	South Somerset	v	51.0592	-2.858
Adsborough	Somerset West and Taunton	v	51.0571	-3.0323
Ashill	South Somerset	v	50.952	-2.9669
All Saints	East Devon	v	50.8082	-2.9822
Abertridwr	Caerffili - Caerphilly	v	51.5961	-3.2714
Aberthin	Bro Morgannwg - the Vale of Glamorgan	v	51.468	-3.4263
Ash Priors	Somerset West and Taunton	v	51.0586	-3.2115
Ashbrittle	Somerset West and Taunton	v	50.9843	-3.3517
Ashill	Mid Devon	v	50.8942	-3.2993
Ash Thomas	Mid Devon	v	50.8916	-3.4161
Awliscombe	East Devon	v	50.8079	-3.2283
Abercregan	Castell-nedd Port Talbot - Neath Port Talbot	v	51.6563	-3.6636
Aberkenfig	Pen-y-bont ar Ogwr - Bridgend	v	51.5402	-3.5968
Abergwynfi	Castell-nedd Port Talbot - Neath Port Talbot	v	51.6533	-3.6011
Allerford	Somerset West and Taunton	v	51.2109	-3.5689
Aberdulais	Castell-nedd Port Talbot - Neath Port Talbot	v	51.6815	-3.7748
Ashreigney	Torridge	v	50.9061	-3.9506
Abbotsham	Torridge	v	51.0161	-4.2474
Atherington	North Devon	v	50.9891	-4.0085
Ashford	North Devon	v	51.0974	-4.0987
Appledore	Torridge	v	51.053	-4.1915
Astwood	Milton Keynes	v	52.116	-0.6105
Aspley Guise	Central Bedfordshire	v	52.0139	-0.6283
Aspley Heath	Central Bedfordshire	v	52.0042	-0.6518
Aston Abbotts	Buckinghamshire	v	51.873	-0.7702
Ashley Green	Buckinghamshire	v	51.7369	-0.5867
Asheridge	Buckinghamshire	v	51.7298	-0.6405
Aldbury	Dacorum	v	51.8022	-0.6021
Aston Clinton	Buckinghamshire	v	51.8019	-0.7333
Askett	Buckinghamshire	v	51.7395	-0.8198
Arnesby	Harborough	v	52.5264	-1.0922
Arthingworth	West Northamptonshire	v	52.4254	-0.8921
Ashley	North Northamptonshire	v	52.5101	-0.8293
Ashton	West Northamptonshire	v	52.1421	-0.8828
Astcote	West Northamptonshire	v	52.1737	-1.0115
Abthorpe	West Northamptonshire	v	52.1125	-1.0527
Alderton	West Northamptonshire	v	52.114	-0.9201
Akeley	Buckinghamshire	v	52.0312	-0.9698
Adstock	Buckinghamshire	v	51.9656	-0.9277
Ambrosden	Cherwell	v	51.8699	-1.1234
Ashendon	Buckinghamshire	v	51.8217	-0.9786
Ashby Parva	Harborough	v	52.4907	-1.226
Ashby Magna	Harborough	v	52.512	-1.1774
Aston Flamville	Blaby	v	52.5297	-1.3195
Ashby St Ledgers	West Northamptonshire	v	52.3083	-1.1622
Adstone	West Northamptonshire	v	52.1589	-1.1314
Aston le Walls	West Northamptonshire	v	52.153	-1.2773
Avon Dassett	Stratford-on-Avon	v	52.1464	-1.4025
Aynho	West Northamptonshire	v	51.9978	-1.2511
Adderbury	Cherwell	v	52.0169	-1.3117
Ardley	Cherwell	v	51.9418	-1.2119
Appleton	Vale of White Horse	v	51.7094	-1.3613
Ansley	North Warwickshire	v	52.5264	-1.5655
Ash Green	Nuneaton and Bedworth	v	52.4622	-1.5099
Ansty	Rugby	v	52.446	-1.417
Ashow	Warwick	v	52.3304	-1.5452
Alderminster	Stratford-on-Avon	v	52.1365	-1.6638
Armscote	Stratford-on-Avon	v	52.1004	-1.646
Atherstone on Stour	Stratford-on-Avon	v	52.1568	-1.7019
Ashorne	Stratford-on-Avon	v	52.2171	-1.5545
Alveston	Stratford-on-Avon	v	52.2064	-1.6582
Alkerton	Cherwell	v	52.0827	-1.4504
Adlestrop	Cotswold	v	51.9413	-1.6472
Aston	West Oxfordshire	v	51.7248	-1.5081
Alvescot	West Oxfordshire	v	51.7387	-1.6081
Ascott-under-Wychwood	West Oxfordshire	v	51.8651	-1.565
Astwood Bank	Redditch	v	52.2572	-1.9372
Aspley Heath	Stratford-on-Avon	v	52.3319	-1.8596
Alvechurch	Bromsgrove	v	52.3518	-1.9595
Abbots Morton	Wychavon	v	52.194	-1.9604
Aston Cantlow	Stratford-on-Avon	v	52.2375	-1.7983
Alne End	Stratford-on-Avon	v	52.2315	-1.8359
Aldington	Wychavon	v	52.095	-1.9085
Abbot's Salford	Stratford-on-Avon	v	52.1508	-1.9011
Atch Lench	Wychavon	v	52.1554	-1.9519
Ardens Grafton	Stratford-on-Avon	v	52.1868	-1.8343
Arrow	Stratford-on-Avon	v	52.2064	-1.8844
Aston Magna	Cotswold	v	52.0193	-1.7134
Aston Somerville	Wychavon	v	52.0416	-1.9332
Alderton	Tewkesbury	v	51.9982	-1.9992
Andoversford	Cotswold	v	51.8752	-1.966
Arlington	Cotswold	v	51.7586	-1.8408
Ablington	Cotswold	v	51.7673	-1.85
Ampney St Peter	Cotswold	v	51.7117	-1.8837
Ampney Crucis	Cotswold	v	51.715	-1.9053
Aldsworth	Cotswold	v	51.7893	-1.7769
Ampney St Mary	Cotswold	v	51.7174	-1.876
Acton	Wychavon	v	52.3046	-2.2298
Ashchurch	Tewkesbury	v	51.9978	-2.1055
Ashton under Hill	Wychavon	v	52.0419	-2.0055
Alstone	Tewkesbury	v	51.9921	-2.0256
Aston on Carrant	Tewkesbury	v	52.0094	-2.0873
Ashleworth	Tewkesbury	v	51.9284	-2.2745
Aston Cross	Tewkesbury	v	52.0021	-2.086
Apperley	Tewkesbury	v	51.9536	-2.202
Amberley	Stroud	v	51.7068	-2.2173
Alveley	Shropshire	v	52.4571	-2.3544
Ackleton	Shropshire	v	52.5853	-2.3402
Astley Abbotts	Shropshire	v	52.5652	-2.4302
Astley	Malvern Hills	v	52.3105	-2.3056
Abberley	Malvern Hills	v	52.3052	-2.3757
Alfrick	Malvern Hills	v	52.1763	-2.3692
Ashperton	County of Herefordshire	v	52.0724	-2.5213
Aston Ingham	County of Herefordshire	v	51.9106	-2.4587
Ayleford	Forest of Dean	v	51.778	-2.4909
Awre	Forest of Dean	v	51.7729	-2.4297
Aylburton	Forest of Dean	v	51.7136	-2.5552
Alvington	Forest of Dean	v	51.7061	-2.5768
Arlingham	Stroud	v	51.7949	-2.4132
Aston Munslow	Shropshire	v	52.4759	-2.7215
All Stretton	Shropshire	v	52.5559	-2.7973
Ashford Carbonell	Shropshire	v	52.3364	-2.7025
Aston on Clun	Shropshire	v	52.4301	-2.8947
Adforton	County of Herefordshire	v	52.3347	-2.8824
Almeley	County of Herefordshire	v	52.1589	-2.971
Abbey Dore	County of Herefordshire	v	51.9695	-2.8961
Aberbeeg	Blaenau Gwent - Blaenau Gwent	v	51.7103	-3.148
Aber-miwl	Powys - Powys	v	52.5442	-3.2367
Aberhafesp	Powys - Powys	v	52.5213	-3.3736
Aberedw	Powys - Powys	v	52.1172	-3.3469
Aberllynfi	Powys - Powys	v	52.0332	-3.2044
Abertysswg	Caerffili - Caerphilly	v	51.7423	-3.2593
Argoed	Caerffili - Caerphilly	v	51.6967	-3.1943
Aberbargod	Caerffili - Caerphilly	v	51.6937	-3.2242
Abercanaid	Merthyr Tudful - Merthyr Tydfil	v	51.7236	-3.3644
Aberfan	Merthyr Tudful - Merthyr Tydfil	v	51.6928	-3.3459
Aberhosan	Powys - Powys	v	52.5614	-3.7544
Abergarwed	Castell-nedd Port Talbot - Neath Port Talbot	v	51.7077	-3.7141
Abercrave	Powys - Powys	v	51.7998	-3.7172
Aberdyfi	Gwynedd - Gwynedd	v	52.544	-4.0443
Ashfield	Sir Gaerfyrddin - Carmarthenshire	v	51.9411	-3.9029
Alltwen	Castell-nedd Port Talbot - Neath Port Talbot	v	51.7143	-3.8449
Aberarth	Sir Ceredigion - Ceredigion	v	52.2501	-4.2282
Alltyblaca	Sir Ceredigion - Ceredigion	v	52.0847	-4.1603
Alltwalis	Sir Gaerfyrddin - Carmarthenshire	v	51.9625	-4.2639
Abergwili	Sir Gaerfyrddin - Carmarthenshire	v	51.8685	-4.2722
Abergorlech	Sir Gaerfyrddin - Carmarthenshire	v	51.9829	-4.0621
Allt	Sir Gaerfyrddin - Carmarthenshire	v	51.7013	-4.0886
Aber-banc	Sir Ceredigion - Ceredigion	v	52.0497	-4.3988
Aberporth	Sir Ceredigion - Ceredigion	v	52.1326	-4.5417
Abercych	Sir Benfro - Pembrokeshire	v	52.0387	-4.555
Ambleston	Sir Benfro - Pembrokeshire	v	51.8952	-4.9061
Amroth	Sir Benfro - Pembrokeshire	v	51.733	-4.6552
Angle	Sir Benfro - Pembrokeshire	v	51.6849	-5.0917
Aisthorpe	West Lindsey	v	53.3104	-0.577
Aubourn	North Kesteven	v	53.1517	-0.6258
Allington	South Kesteven	v	52.9524	-0.726
Ancaster	South Kesteven	v	52.9841	-0.5352
Ashwell	Rutland	v	52.7115	-0.719
Austerfield	Doncaster	v	53.4438	-1.0064
Askham	Bassetlaw	v	53.267	-0.8916
Averham	Newark and Sherwood	v	53.082	-0.8614
Aslockton	Rushcliffe	v	52.9529	-0.8971
Ab Kettleby	Melton	v	52.8001	-0.928
Asfordby	Melton	v	52.7642	-0.9514
Ashby Folville	Melton	v	52.702	-0.9609
Asfordby Hill	Melton	v	52.7673	-0.9248
Aston	Rotherham	v	53.3627	-1.2979
Aughton	Rotherham	v	53.373	-1.3184
Arkwright Town	North East Derbyshire	v	53.2347	-1.3601
Annesley Woodhouse	Ashfield	v	53.0762	-1.2575
Awsworth	Broxtowe	v	52.9936	-1.2827
Ambaston	South Derbyshire	v	52.8872	-1.3642
Aston-on-Trent	South Derbyshire	v	52.8612	-1.3851
Anstey	Charnwood	v	52.673	-1.1877
Apperknowle	North East Derbyshire	v	53.2979	-1.43
Ashover	North East Derbyshire	v	53.1673	-1.4805
Alton	North East Derbyshire	v	53.1744	-1.4587
Ambergate	Amber Valley	v	53.0607	-1.4814
Alderwasley	Amber Valley	v	53.0785	-1.5287
Anslow	East Staffordshire	v	52.8253	-1.6866
Alder Moor	East Staffordshire	v	52.8421	-1.6709
Austrey	North Warwickshire	v	52.6529	-1.5628
Appleby Magna	North West Leicestershire	v	52.6849	-1.5309
Alvecote	North Warwickshire	v	52.6371	-1.6311
Acresford	North West Leicestershire	v	52.7151	-1.5583
Ashford in the Water	Derbyshire Dales	v	53.2286	-1.7115
Alstonefield	Staffordshire Moorlands	v	53.0984	-1.8074
Alton	Staffordshire Moorlands	v	52.9773	-1.8933
Abbots Bromley	East Staffordshire	v	52.8172	-1.8772
Alrewas	Lichfield	v	52.7328	-1.7494
Armitage	Lichfield	v	52.7418	-1.8768
Adlington	Cheshire East	v	53.3208	-2.1293
Alderley Edge	Cheshire East	v	53.3016	-2.2362
Astbury	Cheshire East	v	53.1511	-2.2323
Adder's Moss	Cheshire East	v	53.2873	-2.1976
Acton	Newcastle-under-Lyme	v	52.97	-2.2645
Alsagers Bank	Newcastle-under-Lyme	v	53.0313	-2.2914
Aston-by-Stone	Stafford	v	52.8719	-2.1302
Acton Trussell	South Staffordshire	v	52.7616	-2.0951
Albrighton	Shropshire	v	52.6349	-2.2783
Ashley	Cheshire East	v	53.3545	-2.3401
Appleton Thorn	Warrington	v	53.3504	-2.5452
Antrobus	Cheshire West and Chester	v	53.3136	-2.5372
Arclid	Cheshire East	v	53.1583	-2.3171
Allostock	Cheshire West and Chester	v	53.2369	-2.3865
Audlem	Cheshire East	v	52.9889	-2.5079
Acton	Cheshire East	v	53.073	-2.5502
Aston	Cheshire East	v	53.0166	-2.5814
Aston juxta Mondrum	Cheshire East	v	53.1072	-2.5214
Aston	Newcastle-under-Lyme	v	52.966	-2.3666
Audley	Newcastle-under-Lyme	v	53.0538	-2.3019
Adderley	Shropshire	v	52.9543	-2.5037
Ashley	Newcastle-under-Lyme	v	52.9273	-2.3591
Adbaston	Stafford	v	52.853	-2.3481
Ashley Dale	Newcastle-under-Lyme	v	52.9203	-2.3645
Allscott	Telford and Wrekin	v	52.7107	-2.5752
Ashton Hayes	Cheshire West and Chester	v	53.2174	-2.7428
Alvanley	Cheshire West and Chester	v	53.2615	-2.756
Acton Bridge	Cheshire West and Chester	v	53.2736	-2.6065
Alpraham	Cheshire East	v	53.1313	-2.6191
Aldford	Cheshire West and Chester	v	53.1286	-2.8699
Ash Magna	Shropshire	v	52.9534	-2.642
Aston	Shropshire	v	52.8483	-2.6939
Acton Burnell	Shropshire	v	52.6139	-2.6943
Atcham	Shropshire	v	52.6796	-2.6789
Annscroft	Shropshire	v	52.662	-2.8164
Astley	Shropshire	v	52.7637	-2.6987
Aintree	Sefton	v	53.4829	-2.9365
Alltami	Sir y Fflint - Flintshire	v	53.1789	-3.0922
Aston	Sir y Fflint - Flintshire	v	53.1964	-3.0417
Acrefair	Wrecsam - Wrexham	v	52.9791	-3.0805
Asterley	Shropshire	v	52.6582	-2.9266
Alberbury	Shropshire	v	52.7227	-2.9517
Arddleen	Powys - Powys	v	52.7346	-3.0994
Axton	Sir y Fflint - Flintshire	v	53.3097	-3.3378
Aberchwiler	Sir Ddinbych - Denbighshire	v	53.2136	-3.354
Afon-wen	Sir y Fflint - Flintshire	v	53.2345	-3.3029
Adfa	Powys - Powys	v	52.5994	-3.3897
Abertridwr	Powys - Powys	v	52.7611	-3.4334
Aberriw	Powys - Powys	v	52.5995	-3.1998
Abercegir	Powys - Powys	v	52.6003	-3.7689
Aberangell	Gwynedd - Gwynedd	v	52.6781	-3.7116
Abergwyngregyn	Gwynedd - Gwynedd	v	53.234	-4.0152
Arthog	Gwynedd - Gwynedd	v	52.7104	-4.0131
Abergynolwyn	Gwynedd - Gwynedd	v	52.6446	-3.9567
Aberllefenni	Gwynedd - Gwynedd	v	52.6736	-3.8197
Aberdesach	Gwynedd - Gwynedd	v	53.0361	-4.349
Aberffraw	Sir Ynys Mon - Isle of Anglesey	v	53.1914	-4.4648
Abererch	Gwynedd - Gwynedd	v	52.9035	-4.3833
Abersoch	Gwynedd - Gwynedd	v	52.8247	-4.5044
Aberdaron	Gwynedd - Gwynedd	v	52.8106	-4.7074
Allerston	Ryedale	v	54.231	-0.6529
Adlingfleet	East Riding of Yorkshire	v	53.6786	-0.7247
Alkborough	North Lincolnshire	v	53.6874	-0.6622
Appleby	North Lincolnshire	v	53.6232	-0.5617
Amcotts	North Lincolnshire	v	53.6167	-0.7107
Althorpe	North Lincolnshire	v	53.575	-0.7446
Aislaby	Ryedale	v	54.2611	-0.8102
Appleton-le-Moors	Ryedale	v	54.2831	-0.8732
Appleton-le-Street	Ryedale	v	54.152	-0.8725
Amotherby	Ryedale	v	54.1514	-0.8537
Acklam	Ryedale	v	54.0452	-0.8056
Allerthorpe	East Riding of Yorkshire	v	53.916	-0.8091
Aughton	East Riding of Yorkshire	v	53.8394	-0.9301
Airmyn	East Riding of Yorkshire	v	53.719	-0.9028
Asselby	East Riding of Yorkshire	v	53.7438	-0.9123
Armthorpe	Doncaster	v	53.5367	-1.0615
Auckley	Doncaster	v	53.5033	-1.0216
Aldwark	Hambleton	v	54.0659	-1.2894
Ampleforth	Ryedale	v	54.201	-1.1079
Aldborough	Harrogate	v	54.091	-1.3812
Alne	Hambleton	v	54.0831	-1.2415
Acaster Malbis	York	v	53.9019	-1.1069
Appleton Roebuck	Selby	v	53.8744	-1.1577
Allerton Mauleverer	Harrogate	v	54.0146	-1.367
Askham Richard	York	v	53.9259	-1.1855
Askham Bryan	York	v	53.9238	-1.1589
Ackton	Wakefield	v	53.6914	-1.3783
Allerton Bywater	Leeds	v	53.7454	-1.3684
Aberford	Leeds	v	53.8298	-1.343
Adwick upon Dearne	Doncaster	v	53.5095	-1.2935
Arksey	Doncaster	v	53.5551	-1.127
Askern	Doncaster	v	53.616	-1.1523
Ackworth Moor Top	Wakefield	v	53.6405	-1.3442
Aiskew	Hambleton	v	54.2906	-1.5876
Ainderby Steeple	Hambleton	v	54.3204	-1.4831
Asenby	Harrogate	v	54.1729	-1.3901
Arkendale	Harrogate	v	54.0427	-1.4075
Arthington	Leeds	v	53.8967	-1.5862
Aysgarth	Richmondshire	v	54.2913	-1.9995
Appletreewick	Craven	v	54.0369	-1.9215
Addingham	Bradford	v	53.944	-1.8828
Askwith	Harrogate	v	53.9303	-1.7439
Askrigg	Richmondshire	v	54.3148	-2.0812
Arncliffe	Craven	v	54.1422	-2.1062
Airton	Craven	v	54.0279	-2.152
Austwick	Craven	v	54.1118	-2.3573
Altham	Hyndburn	v	53.7896	-2.3473
Acre	Rossendale	v	53.7203	-2.3241
Abbey Village	Chorley	v	53.7001	-2.5459
Astley	Wigan	v	53.5	-2.4591
Ainsworth	Bury	v	53.588	-2.3579
Aspull	Wigan	v	53.5686	-2.5854
Affetside	Bury	v	53.6178	-2.3709
Abram	Wigan	v	53.5095	-2.5926
Ackenthwaite	South Lakeland	v	54.2295	-2.7588
Arnside	South Lakeland	v	54.2016	-2.8354
Arkholme	Lancaster	v	54.1442	-2.6404
Aldcliffe	Lancaster	v	54.0345	-2.8154
Appley Bridge	West Lancashire	v	53.5845	-2.7207
Andertons Mill	West Lancashire	v	53.6223	-2.7374
Ayside	South Lakeland	v	54.2446	-2.933
Allithwaite	South Lakeland	v	54.1821	-2.9411
Askam in Furness	Barrow-in-Furness	v	54.1887	-3.2047
Aughton	West Lancashire	v	53.54	-2.9184
Aislaby	Scarborough	v	54.4658	-0.6778
Ainthorpe	Scarborough	v	54.4626	-0.9142
Aislaby	Stockton-on-Tees	v	54.505	-1.3769
Aldbrough St John	Richmondshire	v	54.4976	-1.6871
Appleton Wiske	Hambleton	v	54.4373	-1.3996
Acomb	Northumberland	v	54.9926	-2.1089
Allenheads	Northumberland	v	54.8025	-2.2198
Allendale Town	Northumberland	v	54.897	-2.2537
Aglionby	Carlisle	v	54.8997	-2.8644
Ainstable	Eden	v	54.8102	-2.7393
Armathwaite	Eden	v	54.8089	-2.7692
Askham	Eden	v	54.6071	-2.7567
Aikton	Allerdale	v	54.8706	-3.1318
Angerton	Allerdale	v	54.9024	-3.2044
Applethwaite	Allerdale	v	54.6213	-3.1396
Abbeytown	Allerdale	v	54.8447	-3.2897
Anthorn	Allerdale	v	54.9122	-3.2575
Allonby	Allerdale	v	54.771	-3.4305
Allerby	Allerdale	v	54.7423	-3.4169
Asby	Copeland	v	54.5695	-3.4532
Arlecdon	Copeland	v	54.5568	-3.471
Amisfield	Dumfries and Galloway	v	55.1291	-3.5711
Ae	Dumfries and Galloway	v	55.1871	-3.596
Auldgirth	Dumfries and Galloway	v	55.1607	-3.7074
Auchencairn	Dumfries and Galloway	v	54.8431	-3.8726
Ardwell	Dumfries and Galloway	v	54.7707	-4.9411
Acklington	Northumberland	v	55.3099	-1.6502
Alnmouth	Northumberland	v	55.3896	-1.6129
Ayton	Scottish Borders	v	55.8423	-2.1229
Auchencrow	Scottish Borders	v	55.839	-2.2356
Allanton	Scottish Borders	v	55.7836	-2.217
Ancrum	Scottish Borders	v	55.5137	-2.5911
Aberlady	East Lothian	v	56.0095	-2.8589
Athelstaneford	East Lothian	v	55.989	-2.7457
Ashkirk	Scottish Borders	v	55.4881	-2.8464
Auchterderran	Fife	v	56.1503	-3.2668
Auchtertool	Fife	v	56.1028	-3.2604
Auchendinny	Midlothian	v	55.8438	-3.1938
Aberdour	Fife	v	56.0537	-3.3018
Airth	Falkirk	v	56.0685	-3.7702
Avonbridge	Falkirk	v	55.9338	-3.7448
Addiewell	West Lothian	v	55.8475	-3.6083
Addiebrownhill	West Lothian	v	55.8425	-3.6161
Allanton	North Lanarkshire	v	55.8003	-3.8339
Auchenheath	South Lanarkshire	v	55.6717	-3.8952
Auchlochan	South Lanarkshire	v	55.6156	-3.8898
Abington	South Lanarkshire	v	55.4921	-3.692
Annathill	North Lanarkshire	v	55.9105	-4.0383
Allandale	Falkirk	v	55.9859	-3.9263
Auchinloch	North Lanarkshire	v	55.909	-4.1495
Allanton	South Lanarkshire	v	55.7653	-4.0023
Ashgill	South Lanarkshire	v	55.7275	-3.9295
Auchinleck	East Ayrshire	v	55.4719	-4.2972
Annbank	South Ayrshire	v	55.4772	-4.5204
Ardpeaton	Argyll and Bute	v	56.0288	-4.8617
Ardentinny	Argyll and Bute	v	56.0429	-4.9093
Ascog	Argyll and Bute	v	55.8238	-5.0243
Ardbeg	Argyll and Bute	v	55.8507	-5.063
Ardrishaig	Argyll and Bute	v	56.0168	-5.4491
Achnamara	Argyll and Bute	v	56.0254	-5.566
Ardminish	Argyll and Bute	v	55.674	-5.741
Arbuthnott	Aberdeenshire	v	56.8694	-2.3325
Auchenblae	Aberdeenshire	v	56.8996	-2.4502
Auchmithie	Angus	v	56.5886	-2.5263
Arbirlot	Angus	v	56.5546	-2.6512
Aboyne	Aberdeenshire	v	57.0759	-2.7921
Arncroach	Fife	v	56.236	-2.7863
Ardler	Perth and Kinross	v	56.5634	-3.1999
Abernyte	Perth and Kinross	v	56.4673	-3.205
Auchterhouse	Angus	v	56.5249	-3.0869
Almondbank	Perth and Kinross	v	56.4196	-3.5166
Aberargie	Perth and Kinross	v	56.3269	-3.3575
Abernethy	Perth and Kinross	v	56.3326	-3.3114
Aberuthven	Perth and Kinross	v	56.3197	-3.65
Acharn	Perth and Kinross	v	56.5701	-4.0256
Ardeonaig	Stirling	v	56.4952	-4.1645
Ashfield	Stirling	v	56.2126	-3.9588
Aberfoyle	Stirling	v	56.1781	-4.3787
A' Chrìon Làraich	Stirling	v	56.3926	-4.6159
Arrochar	Argyll and Bute	v	56.1968	-4.7442
An Cárn Dubh	Argyll and Bute	v	56.255	-4.9388
Appin	Argyll and Bute	v	56.5624	-5.3597
Ardchattan	Argyll and Bute	v	56.4623	-5.2958
Ardfern	Argyll and Bute	v	56.181	-5.5364
Arisaig	Highland	v	56.9093	-5.8445
An Saìlean	Highland	v	56.7172	-5.778
Arinagour	Argyll and Bute	v	56.6236	-6.5266
Ardtun	Argyll and Bute	v	56.3273	-6.235
Auchnagatt	Aberdeenshire	v	57.4672	-2.1147
Auchleven	Aberdeenshire	v	57.3099	-2.6256
Arradoul	Moray	v	57.6526	-2.9729
Archiestown	Moray	v	57.4813	-3.2829
Alves	Moray	v	57.6408	-3.4549
Arabella	Highland	v	57.7527	-4.0153
Auldearn	Highland	v	57.576	-3.8079
Ardross	Highland	v	57.7374	-4.3262
Avoch	Highland	v	57.5674	-4.1722
Ardersier	Highland	v	57.5686	-4.0366
Ardgay	Highland	v	57.882	-4.3634
Alcaig	Highland	v	57.5821	-4.3988
Aultbea	Highland	v	57.8391	-5.5805
Achantraid	Highland	v	57.3887	-5.5959
Ardelve	Highland	v	57.2847	-5.5326
Achmore	Highland	v	57.3416	-5.5648
Applecross	Highland	v	57.4336	-5.8132
Am Ploc	Highland	v	57.334	-5.6654
An t-Àth Leathann	Highland	v	57.2418	-5.9111
Ardvasar	Highland	v	57.0601	-5.905
An Teanga	Highland	v	57.1122	-5.8589
Achadh a'Choirce	Highland	v	57.4326	-6.1985
An t-Ob	Na h-Eileanan an Iar	v	57.7666	-7.021
Armadale	Highland	v	58.553	-4.0879
Am Blàran Odhar	Highland	v	58.5263	-4.2218
An Druim Beag	Highland	v	58.2423	-5.2
Achiltibuie	Highland	v	58.0149	-5.3384
Aird Tong	Na h-Eileanan an Iar	v	58.2469	-6.3322
Aignish	Na h-Eileanan an Iar	v	58.2092	-6.2796
Aird	Na h-Eileanan an Iar	v	58.2473	-6.1647
An Cnoc	Na h-Eileanan an Iar	v	58.2045	-6.2664
Arnol	Na h-Eileanan an Iar	v	58.3432	-6.5965
Acha Mòr	Na h-Eileanan an Iar	v	58.1673	-6.5621
Aywick	Shetland Islands	v	60.5602	-1.0327
Aith	Shetland Islands	v	60.2849	-1.3839
Ansdore	Canterbury	h	51.2008	1.0351
Anvil Green	Canterbury	h	51.2067	1.0151
Acrise	Folkestone and Hythe	h	51.1386	1.1362
Arpinge	Folkestone and Hythe	h	51.11	1.1309
Ashbank	Maidstone	h	51.2508	0.6178
Acton	Ashford	h	51.0179	0.7172
Addlestead	Tonbridge and Malling	h	51.2124	0.3761
Ashton Green	Lewes	h	50.8908	0.0784
Arlington	Wealden	h	50.8457	0.192
Abbotsford	Mid Sussex	h	50.973	-0.1443
Albury Heath	Guildford	h	51.2123	-0.4786
Abinger Bottom	Mole Valley	h	51.191	-0.3878
Abingworth	Horsham	h	50.9394	-0.4332
Annesons Corner	East Suffolk	h	52.2457	1.5548
Apsey Green	East Suffolk	h	52.2224	1.3268
Ashfield Green	Mid Suffolk	h	52.3141	1.3147
Athelington	Mid Suffolk	h	52.2931	1.2397
Ash Corner	East Suffolk	h	52.1546	1.3886
Anchor Corner	Breckland	h	52.5426	0.955
Allwood Green	Mid Suffolk	h	52.311	1.0091
Aspall	Mid Suffolk	h	52.2393	1.1711
Ash Street	Babergh	h	52.0811	0.9328
Akenham	Mid Suffolk	h	52.0946	1.1332
Ashbocking	Mid Suffolk	h	52.1477	1.1709
Ardleigh Heath	Tendring	h	51.9335	0.9749
Ampton	West Suffolk	h	52.3085	0.7368
Audley End	Babergh	h	52.1493	0.71
Almshouse Green	Babergh	h	52.1462	0.8311
Audley End	Braintree	h	52.0071	0.6397
Ashfield Green	West Suffolk	h	52.1721	0.572
Assington Green	West Suffolk	h	52.1348	0.5899
Attleton Green	West Suffolk	h	52.1651	0.5408
Albury End	East Hertfordshire	h	51.8944	0.0752
Audley End	Uttlesford	h	52.0203	0.2146
Ashwell End	North Hertfordshire	h	52.0447	-0.1749
Ashbrook	North Hertfordshire	h	51.9353	-0.2523
Aston End	East Hertfordshire	h	51.902	-0.1512
Astwick	Central Bedfordshire	h	52.0322	-0.2258
Aimes Green	Epping Forest	h	51.7072	0.0203
Ayot St Peter	Welwyn Hatfield	h	51.8207	-0.2334
Armston	North Northamptonshire	h	52.4609	-0.4409
Achurch	North Northamptonshire	h	52.4347	-0.4951
Appley Corner	Central Bedfordshire	h	52.0574	-0.3879
Ansells End	North Hertfordshire	h	51.8572	-0.3184
Amwell	St. Albans	h	51.8048	-0.3084
Ayres End	St. Albans	h	51.7971	-0.3247
Alby	North Norfolk	h	52.8496	1.2905
Alderford	Broadland	h	52.724	1.146
Ailby	East Lindsey	h	53.2701	0.1525
Asserby Turn	East Lindsey	h	53.2739	0.2162
Asserby	East Lindsey	h	53.2751	0.241
Authorpe Row	East Lindsey	h	53.2351	0.3022
Asgarby	East Lindsey	h	53.1807	-0.0036
Austendike	South Holland	h	52.7778	-0.0748
Apley	West Lindsey	h	53.2618	-0.337
Asgarby	North Kesteven	h	52.993	-0.3384
Aunby	South Kesteven	h	52.7183	-0.4813
Ashton	City of Peterborough	h	52.6376	-0.3728
Ashby Hill	North East Lincolnshire	h	53.4863	-0.1277
Aike	East Riding of Yorkshire	h	53.8985	-0.4052
Arram	East Riding of Yorkshire	h	53.8847	-0.4257
Ashengrove	Isle of Wight	h	50.6857	-1.3735
Ashey	Isle of Wight	h	50.7002	-1.183
Atherfield Green	Isle of Wight	h	50.614	-1.3458
Ashley	New Forest	h	50.7466	-1.6275
Ashington	"Bournemouth, Christchurch and Poole"	h	50.7836	-2
Avon Common	"Bournemouth, Christchurch and Poole"	h	50.787	-1.8185
Almer	Dorset	h	50.7897	-2.1249
Arne	Dorset	h	50.6928	-2.0402
Athelhampton	Dorset	h	50.7468	-2.3282
Atrim	Dorset	h	50.7582	-2.7833
Allercombe	East Devon	h	50.743	-3.3486
Ashcombe	Teignbridge	h	50.6058	-3.5369
Aish	South Hams	h	50.4188	-3.6307
Ash	South Hams	h	50.3366	-3.6344
Allaleigh	South Hams	h	50.371	-3.6759
Ashford	South Hams	h	50.3225	-3.8434
Ashbury	West Devon	h	50.7614	-4.1184
Antony Passage	Cornwall	h	50.3949	-4.2326
Ashmill	Torridge	h	50.7352	-4.278
Ashton	Cornwall	h	50.4929	-4.2793
Antron	Cornwall	h	50.1587	-5.1352
Ansteadbrook	Waverley	h	51.0848	-0.6745
Apuldram	Chichester	h	50.8221	-0.8055
Avisford	Arun	h	50.849	-0.6135
Aston	Wokingham	h	51.5512	-0.8702
Adwell	South Oxfordshire	h	51.6904	-0.994
Andwell	Basingstoke and Deane	h	51.2686	-1.0148
Aldsworth	Chichester	h	50.8733	-0.9162
Anmore	Winchester	h	50.9009	-1.0492
Adsdean	Chichester	h	50.8768	-0.8707
Axmansford	Basingstoke and Deane	h	51.3474	-1.1765
Adbury	Basingstoke and Deane	h	51.3677	-1.3029
Aldworth	West Berkshire	h	51.5132	-1.2012
Ashampstead Green	West Berkshire	h	51.492	-1.1879
Ashe	Basingstoke and Deane	h	51.2461	-1.2351
Ashe Warren	Basingstoke and Deane	h	51.2621	-1.2322
Abbotstone	Winchester	h	51.1072	-1.1971
Ashlett	New Forest	h	50.8266	-1.3447
Ashton	Winchester	h	50.9707	-1.2158
Abshot	Fareham	h	50.8475	-1.266
Avington	West Berkshire	h	51.4108	-1.469
Ashley	Test Valley	h	51.0751	-1.453
Allum Green	New Forest	h	50.862	-1.6043
Ashfield	Test Valley	h	50.9744	-1.4794
Applemore	New Forest	h	50.8638	-1.4344
Allington	Wiltshire	h	51.3676	-1.9017
Alton	Wiltshire	h	51.2189	-1.7816
Ablington	Wiltshire	h	51.2219	-1.7729
Ashley	Cotswold	h	51.6524	-2.0997
Allington	Wiltshire	h	51.4769	-2.1552
Avon	Wiltshire	h	51.4886	-2.0603
Allington Bar	Wiltshire	h	51.4701	-2.1511
Alcombe	Wiltshire	h	51.4228	-2.2756
Avoncliff	Wiltshire	h	51.3377	-2.2809
Alvediston	Wiltshire	h	51.0101	-2.0347
Ash	Dorset	h	50.892	-2.1924
Alderley	Stroud	h	51.617	-2.336
Avening Green	South Gloucestershire	h	51.6432	-2.422
Abson	South Gloucestershire	h	51.472	-2.4265
Amesbury	Bath and North East Somerset	h	51.3264	-2.4963
Ashwick	Mendip	h	51.229	-2.5261
Aller	Dorset	h	50.8262	-2.3323
Ansty Cross	Dorset	h	50.8315	-2.3288
Awkley	South Gloucestershire	h	51.5694	-2.5869
Aldwick	North Somerset	h	51.3458	-2.7284
Ashton Watering	North Somerset	h	51.4248	-2.6827
Ashton	Sedgemoor	h	51.2445	-2.8426
Ashcott Corner	Sedgemoor	h	51.1536	-2.789
Adber	Dorset	h	50.9798	-2.5737
Asney	Mendip	h	51.1293	-2.7631
Ashington	South Somerset	h	50.9902	-2.6262
Adam's Green	Dorset	h	50.8661	-2.6452
Andersea	Sedgemoor	h	51.0955	-2.9577
Ash Cross	Somerset West and Taunton	h	51.0022	-3.0243
Athelney	Somerset West and Taunton	h	51.0569	-2.9328
Alston	East Devon	h	50.8188	-2.985
Atherstone	South Somerset	h	50.9446	-2.878
Ammerham	South Somerset	h	50.8493	-2.9016
Allowenshay	South Somerset	h	50.916	-2.8654
Ashwell	South Somerset	h	50.9389	-2.9085
Aisholt	Sedgemoor	h	51.1145	-3.1575
Appley	Somerset West and Taunton	h	50.9851	-3.3244
Adscombe	Sedgemoor	h	51.1341	-3.1703
Allerford	Somerset West and Taunton	h	51.0196	-3.1717
Aley	Sedgemoor	h	51.1364	-3.1621
Appledore	Mid Devon	h	50.9222	-3.328
Abbey	East Devon	h	50.889	-3.2228
Aller	Mid Devon	h	50.8509	-3.3464
Aunk	East Devon	h	50.7945	-3.3511
Angersleigh	Somerset West and Taunton	h	50.9632	-3.1431
Ayshford	Mid Devon	h	50.9279	-3.3555
Arlington	North Devon	h	51.1491	-3.9839
Alderford	North Devon	h	51.2155	-3.7725
Arlington Beccott	North Devon	h	51.1584	-3.9771
Alswear	North Devon	h	50.9848	-3.8182
Ash Mill	North Devon	h	50.9958	-3.7319
Alwington	Torridge	h	50.9865	-4.2738
Alverdiscott	Torridge	h	51.0064	-4.1125
Ash Cross	Torridge	h	50.8539	-4.1066
Alminstone Cross	Torridge	h	50.9566	-4.3538
Ashmansworthy	Torridge	h	50.9374	-4.3648
Alfardisworthy	Torridge	h	50.8789	-4.4262
Abbots Bickington	Torridge	h	50.8974	-4.2994
Ascott	Buckinghamshire	h	51.9012	-0.7024
Astrope	Dacorum	h	51.8268	-0.7037
Alscot	Buckinghamshire	h	51.7329	-0.8387
Addington	Buckinghamshire	h	51.9508	-0.9201
Aston Sandford	Buckinghamshire	h	51.7638	-0.9044
Albury	South Oxfordshire	h	51.7408	-1.0525
Appletree	West Northamptonshire	h	52.1434	-1.2938
Atterton	Hinckley and Bosworth	h	52.5816	-1.4804
Astley	North Warwickshire	h	52.5017	-1.5445
Admington	Stratford-on-Avon	h	52.1159	-1.7057
Arlescote	Stratford-on-Avon	h	52.1346	-1.4316
Ascott	Stratford-on-Avon	h	52.0101	-1.5311
Asthall Leigh	West Oxfordshire	h	51.8121	-1.555
Asthall	West Oxfordshire	h	51.7998	-1.5827
Allen End	North Warwickshire	h	52.5671	-1.757
Ab Lench	Wychavon	h	52.1645	-1.9834
Aston Subedge	Cotswold	h	52.0714	-1.7996
Aylworth	Cotswold	h	51.8974	-1.8422
Alderton Fields	Tewkesbury	h	51.9885	-2.0002
Aston	Shropshire	h	52.5385	-2.2835
Ashwood	South Staffordshire	h	52.4912	-2.2013
Apes Dale	Bromsgrove	h	52.3545	-2.0189
Astley Burf	Malvern Hills	h	52.3091	-2.2831
Astwood	Wychavon	h	52.2844	-2.0982
Abbotswood	Wychavon	h	52.1416	-2.1634
Abberton	Wychavon	h	52.1796	-2.0082
Arlebrook	Stroud	h	51.7705	-2.273
Atterley	Shropshire	h	52.5741	-2.5314
Aston Eyre	Shropshire	h	52.5434	-2.5122
Acton Round	Shropshire	h	52.5568	-2.5374
Aston Botterell	Shropshire	h	52.4548	-2.5429
Aston Bank	Malvern Hills	h	52.3297	-2.5573
Ashfield	Malvern Hills	h	52.1684	-2.3474
Acton Beauchamp	County of Herefordshire	h	52.1485	-2.4749
Acton Green	County of Herefordshire	h	52.1474	-2.4427
Ailscroft	County of Herefordshire	h	52.0912	-2.4359
Alfrick Pound	Malvern Hills	h	52.1666	-2.3762
Aylton	County of Herefordshire	h	52.037	-2.4988
Aston Crews	County of Herefordshire	h	51.9072	-2.4793
Abwell	Stroud	h	51.7051	-2.4587
Abdon	Shropshire	h	52.4734	-2.6285
Acton Scott	Shropshire	h	52.5049	-2.8056
Alcaston	Shropshire	h	52.4796	-2.8013
Ashford Bowdler	Shropshire	h	52.3355	-2.7124
Ashton	County of Herefordshire	h	52.2759	-2.7128
Ashley Moor	County of Herefordshire	h	52.3017	-2.7721
Aston	County of Herefordshire	h	52.2596	-2.7939
Aymestrey	County of Herefordshire	h	52.2811	-2.8427
Aldon	Shropshire	h	52.4117	-2.8303
Auberrow	County of Herefordshire	h	52.122	-2.7439
Aulden	County of Herefordshire	h	52.1892	-2.7876
Allensmore	County of Herefordshire	h	52.0204	-2.7779
Acton	Shropshire	h	52.4584	-3.0123
Appletree	Powys - Powys	h	52.5641	-3.0017
Alport	Powys - Powys	h	52.5499	-3.0727
Asterton	Shropshire	h	52.5153	-2.8886
Argoed	Shropshire	h	52.454	-3.0389
Adley Moor	County of Herefordshire	h	52.3659	-2.9126
Abcott	Shropshire	h	52.402	-2.8962
Archenfield	County of Herefordshire	h	52.0758	-3.0812
Almeley Wootton	County of Herefordshire	h	52.1669	-2.9769
Anchor	Shropshire	h	52.4612	-3.2176
Aberbechan	Powys - Powys	h	52.5374	-3.2747
Abaty Cwm-hir	Powys - Powys	h	52.3311	-3.3899
Aber	Powys - Powys	h	51.8838	-3.3016
Abergwesyn	Powys - Powys	h	52.1611	-3.6757
Aberbran	Powys - Powys	h	51.956	-3.4796
Aberyscir	Powys - Powys	h	51.9585	-3.4576
Aber-Tafol	Gwynedd - Gwynedd	h	52.5536	-3.994
Aberffrwd	Sir Ceredigion - Ceredigion	h	52.3917	-3.9317
Abermagwr	Sir Ceredigion - Ceredigion	h	52.3461	-3.9603
Aber	Sir Ceredigion - Ceredigion	h	52.1132	-4.2254
Abermeurig	Sir Ceredigion - Ceredigion	h	52.1832	-4.1075
Aber-Giâr	Sir Gaerfyrddin - Carmarthenshire	h	52.048	-4.1835
Abernant	Sir Gaerfyrddin - Carmarthenshire	h	51.8827	-4.4126
Abercastle	Sir Benfro - Pembrokeshire	h	51.9582	-5.1247
Aber Eiddy	Sir Benfro - Pembrokeshire	h	51.9361	-5.2045
Aisby	West Lindsey	h	53.426	-0.6891
Atterby	West Lindsey	h	53.4246	-0.5244
Allexton	Harborough	h	52.5955	-0.793
Ayston	Rutland	h	52.5992	-0.7299
Averham Park	Newark and Sherwood	h	53.1007	-0.8893
Alverton	Newark and Sherwood	h	52.9723	-0.8193
Ault Hucknall	Bolsover	h	53.1819	-1.3029
Astwith	Bolsover	h	53.1728	-1.3472
Ashover Hay	North East Derbyshire	h	53.1433	-1.4669
Alport	Derbyshire Dales	h	53.1778	-1.6696
Aldwark	Derbyshire Dales	h	53.1127	-1.6594
Ashleyhay	Amber Valley	h	53.0575	-1.5632
Anslow Common	East Staffordshire	h	52.8168	-1.6967
Appleby Parva	North West Leicestershire	h	52.6777	-1.5445
Aston	High Peak	h	53.3518	-1.7227
Abney	Derbyshire Dales	h	53.3148	-1.7044
Alsop en le Dale	Derbyshire Dales	h	53.0933	-1.7622
Above Church	Staffordshire Moorlands	h	53.0509	-1.977
Aston	Derbyshire Dales	h	52.8845	-1.7538
Admaston	East Staffordshire	h	52.8065	-1.9268
Alders	East Staffordshire	h	52.947	-1.8669
Aston Heath	Derbyshire Dales	h	52.8919	-1.7458
Alkmonton	Derbyshire Dales	h	52.9439	-1.7237
Anslow Gate	East Staffordshire	h	52.8224	-1.7093
Ashmore Brook	Lichfield	h	52.6969	-1.8593
Ackers Crossing	Cheshire East	h	53.1274	-2.2297
Apedale	Newcastle-under-Lyme	h	53.0387	-2.2797
Abbey Green	Staffordshire Moorlands	h	53.1171	-2.0328
Amerton	Stafford	h	52.8463	-2.0097
Aspley	Stafford	h	52.8942	-2.2731
Aston	Stafford	h	52.8104	-2.1564
Apeton	Stafford	h	52.7619	-2.221
Allimore Green	Stafford	h	52.7681	-2.2187
Arley Green	Cheshire East	h	53.3236	-2.479
Arley	Cheshire East	h	53.3242	-2.4956
Arclid Green	Cheshire East	h	53.1528	-2.3248
Almington	Newcastle-under-Lyme	h	52.9087	-2.4447
Ashfields	Shropshire	h	52.8337	-2.4414
Adeney	Telford and Wrekin	h	52.763	-2.4442
Aston	Telford and Wrekin	h	52.6835	-2.5748
Aston	Cheshire West and Chester	h	53.2995	-2.6621
Aston Heath	Cheshire West and Chester	h	53.3057	-2.6584
Aldersey Park	Cheshire West and Chester	h	53.0994	-2.809
Aldersey Green	Cheshire West and Chester	h	53.1052	-2.8055
Acton Reynald	Shropshire	h	52.8062	-2.6849
Alderton	Shropshire	h	52.81	-2.7485
Abbey Green	Shropshire	h	52.8939	-2.7347
Arowry	Wrecsam - Wrexham	h	52.9471	-2.807
Ash Parva	Shropshire	h	52.9508	-2.6318
Alkington	Shropshire	h	52.9492	-2.6993
Acton Pigott	Shropshire	h	52.621	-2.6773
Albrighton	Shropshire	h	52.7607	-2.747
Arscott	Shropshire	h	52.6649	-2.8362
Aber-oer	Wrecsam - Wrexham	h	53.0336	-3.0674
Argoed	Wrecsam - Wrexham	h	52.9768	-2.9296
Argoed	Shropshire	h	52.7761	-2.9945
Aston Pigott	Shropshire	h	52.6478	-2.9805
Aston Rogers	Shropshire	h	52.6516	-2.9731
Aber Rhaeadr	Powys - Powys	h	52.8146	-3.2917
Aber-Cywarch	Gwynedd - Gwynedd	h	52.7277	-3.6771
Abergeirw	Gwynedd - Gwynedd	h	52.8381	-3.8337
Afon Wen	Gwynedd - Gwynedd	h	52.9128	-4.325
Angram	Harrogate	h	53.9311	-1.2096
Almholme	Doncaster	h	53.5662	-1.1096
Arrathorne	Richmondshire	h	54.3346	-1.693
Ainderby Quernhow	Hambleton	h	54.2231	-1.4687
Aldfield	Harrogate	h	54.1204	-1.5942
Azerley	Harrogate	h	54.1675	-1.6029
Agglethorpe	Richmondshire	h	54.2738	-1.8678
Arkleside	Richmondshire	h	54.2213	-1.9343
Arrunden	Kirklees	h	53.5546	-1.7919
Appersett	Richmondshire	h	54.3114	-2.22
Angram	Richmondshire	h	54.3934	-2.1744
Alt Hill	Tameside	h	53.5141	-2.0851
Abbeystead	Lancaster	h	53.9836	-2.667
Arrad Foot	South Lakeland	h	54.2194	-3.0625
Aldingham	South Lakeland	h	54.1303	-3.0986
Arnaby	Copeland	h	54.2512	-3.2556
Alum Waters	County Durham	h	54.7675	-1.6367
Archdeacon Newton	Darlington	h	54.5494	-1.6082
Aydon	Northumberland	h	54.9886	-1.9889
Allensford	County Durham	h	54.8462	-1.88
Aske	Richmondshire	h	54.4273	-1.7277
Arkle Town	Richmondshire	h	54.413	-1.9904
Applegarth	Richmondshire	h	54.4102	-1.8022
Anick	Northumberland	h	54.9839	-2.0738
Aukside	County Durham	h	54.6359	-2.0901
Ayle	Northumberland	h	54.84	-2.4393
Allenwood	Carlisle	h	54.8949	-2.7973
Aiketgate	Eden	h	54.8124	-2.8111
Aikhead	Allerdale	h	54.8327	-3.1888
Aughertree	Allerdale	h	54.7353	-3.1576
Ae Bridgend	Dumfries and Galloway	h	55.1653	-3.5543
Aldoth	Allerdale	h	54.8257	-3.3347
Auchencairn	Dumfries and Galloway	h	55.1469	-3.6029
Anwoth	Dumfries and Galloway	h	54.8806	-4.2111
Auchenmalg	Dumfries and Galloway	h	54.8336	-4.7525
Ancroft	Northumberland	h	55.6999	-2.0012
Akeld	Northumberland	h	55.5611	-2.0697
Alwinton	Northumberland	h	55.3509	-2.1258
Alnham	Northumberland	h	55.392	-2.0083
Abbey St Bathans	Scottish Borders	h	55.8493	-2.381
Appletreehall	Scottish Borders	h	55.4488	-2.763
Abercorn	West Lothian	h	55.9941	-3.4728
Almondhill	City of Edinburgh	h	55.9587	-3.3931
Auchengray	South Lanarkshire	h	55.7712	-3.6019
Auchincloch	Falkirk	h	55.9871	-3.9824
Auchinstarry	North Lanarkshire	h	55.9668	-4.0517
Auldhouse	South Lanarkshire	h	55.7261	-4.1923
Aldochlay	Argyll and Bute	h	56.0863	-4.6369
Arden	Argyll and Bute	h	56.0259	-4.6345
Ardoch	Argyll and Bute	h	55.9522	-4.6217
Auchentiber	North Ayrshire	h	55.6902	-4.6038
Auchagallon	North Ayrshire	h	55.5588	-5.3437
Auchencar	North Ayrshire	h	55.576	-5.3456
Achahoish	Argyll and Bute	h	55.9398	-5.5568
Ardfernal	Argyll and Bute	h	55.8758	-5.9024
Ardbeg	Argyll and Bute	h	55.6424	-6.1096
Auchlunies	Aberdeenshire	h	57.0897	-2.1808
Allardice	Aberdeenshire	h	56.8625	-2.2974
Adendale	Aberdeenshire	h	57.0197	-2.5537
Auchattie	Aberdeenshire	h	57.0419	-2.5066
Aberlemno	Angus	h	56.6905	-2.7833
Abercrombie	Fife	h	56.2157	-2.779
Abergeldie	Aberdeenshire	h	57.0414	-3.1775
Airlie	Angus	h	56.6383	-3.1168
Arthurstone	Perth and Kinross	h	56.5769	-3.2023
Auchmuirbridge	Perth and Kinross	h	56.1978	-3.2636
Airntully	Perth and Kinross	h	56.5025	-3.4648
Aldclune	Perth and Kinross	h	56.7509	-3.7982
Amulree	Perth and Kinross	h	56.5105	-3.7899
Ardtalnaig	Perth and Kinross	h	56.527	-4.1119
Achduchil	Highland	h	57.0016	-4.3176
Ardchyle	Stirling	h	56.4303	-4.3916
Auchlyne	Stirling	h	56.4341	-4.4146
Auchtubh	Stirling	h	56.3564	-4.3408
Achluachrach	Highland	h	56.8896	-4.7918
Ardgartan	Argyll and Bute	h	56.1882	-4.7836
Achnacarry	Highland	h	56.9463	-5.0016
Achaphubuil	Highland	h	56.8353	-5.1436
Ardbrecknish	Argyll and Bute	h	56.3431	-5.1242
Annat	Argyll and Bute	h	56.3507	-5.1803
Achnacroish	Argyll and Bute	h	56.5116	-5.4938
Airds Bay	Argyll and Bute	h	56.441	-5.2523
Ardanstur	Argyll and Bute	h	56.2664	-5.5126
A' Mhointeach	Highland	h	56.7485	-5.7961
An Fhadail Dubh	Highland	h	56.7625	-5.8527
Achnaha	Highland	h	56.7367	-6.15
Achosnich	Highland	h	56.7256	-6.1788
Acha	Argyll and Bute	h	56.6009	-6.5863
Ardallie	Aberdeenshire	h	57.443	-1.9841
Aldie	Aberdeenshire	h	57.4487	-1.8877
Arnage	Aberdeenshire	h	57.44	-2.0751
Arthrath	Aberdeenshire	h	57.4171	-2.0604
Auchininna	Aberdeenshire	h	57.5102	-2.5859
Aquhythie	Aberdeenshire	h	57.255	-2.427
Aultmore	Moray	h	57.5643	-2.9993
Auchenhalrig	Moray	h	57.6424	-3.0531
Altonside	Moray	h	57.5984	-3.1846
Auchbreck	Moray	h	57.341	-3.3145
Auchnarrow	Moray	h	57.2959	-3.3089
Avielochan	Highland	h	57.227	-3.8164
Ardmore	Highland	h	57.8456	-4.1875
Astle	Highland	h	57.8995	-4.119
Achnagarron	Highland	h	57.7027	-4.2109
Alnessferry	Highland	h	57.6647	-4.2403
Achandunie	Highland	h	57.7184	-4.2772
Arpafeelie	Highland	h	57.5228	-4.3164
Alturlie	Highland	h	57.5178	-4.1468
Auchnahillin	Highland	h	57.4193	-4.0984
Auchintoul	Highland	h	57.9637	-4.5144
Amatnatua	Highland	h	57.8871	-4.5537
Achinduich	Highland	h	57.9659	-4.401
Aultvaich	Highland	h	57.5014	-4.487
Achterneed	Highland	h	57.6009	-4.5296
Achilty	Highland	h	57.575	-4.6073
Ardnagrask	Highland	h	57.5114	-4.4769
Ault-na-goire	Highland	h	57.2719	-4.4166
Alltsigh	Highland	h	57.2365	-4.5581
Achanalt	Highland	h	57.6102	-4.9272
Achlorachan	Highland	h	57.5554	-4.7947
Aberchalder	Highland	h	57.0934	-4.7437
Auchindrean	Highland	h	57.7776	-5.0436
Ardcharnich	Highland	h	57.8495	-5.0788
Ardindrean	Highland	h	57.8434	-5.1017
Ardessie	Highland	h	57.854	-5.2837
Achadh na Seileach	Highland	h	57.4797	-5.3341
Achgarve	Highland	h	57.8816	-5.5558
Achintee	Highland	h	57.4188	-5.4292
Annat	Highland	h	57.5292	-5.5249
Auchtertyre	Highland	h	57.2865	-5.586
Ardaneaskan	Highland	h	57.3568	-5.6066
Allt nan Sùgh	Highland	h	57.3112	-5.484
Achnandarach	Highland	h	57.3175	-5.6467
Attadale	Highland	h	57.3934	-5.4489
Ardarroch	Highland	h	57.396	-5.6024
Allt a' Chruinn	Highland	h	57.2278	-5.4032
Arnisdale	Highland	h	57.1344	-5.566
Ard-dhubh	Highland	h	57.3997	-5.8183
Ardheslaig	Highland	h	57.5391	-5.7071
Arinacrinachd	Highland	h	57.5576	-5.7726
Aisig	Highland	h	57.2482	-5.8331
An t-Òrd	Highland	h	57.147	-5.9397
Annishader	Highland	h	57.4766	-6.2914
An t-Ollach	Highland	h	57.3513	-6.1313
An Dùnan	Highland	h	57.2768	-6.005
An Àird Dhorcha	Highland	h	57.2846	-6.015
Aird	Highland	h	57.034	-5.9708
An Gearraidh Mòr	Highland	h	57.3772	-6.4673
An Sruthan	Highland	h	57.3561	-6.4201
A' Chill	Highland	h	57.0576	-6.5008
Ardslave	Na h-Eileanan an Iar	h	57.8019	-6.8664
Athmòr	Na h-Eileanan an Iar	h	57.6467	-7.2697
Allathasdal	Na h-Eileanan an Iar	h	56.9965	-7.5038
Acairseid	Na h-Eileanan an Iar	h	57.0701	-7.2954
Am Baile	Na h-Eileanan an Iar	h	57.0832	-7.3093
Ackergillshore	Highland	h	58.4731	-3.1016
Ackergill	Highland	h	58.4601	-3.1133
Achastle	Highland	h	58.2933	-3.3118
Achnavast	Highland	h	58.5571	-3.5837
Aultivullin	Highland	h	58.583	-4.0375
Achiemore	Highland	h	58.4937	-3.8975
Achrimsdale	Highland	h	58.034	-3.8537
Achina	Highland	h	58.5179	-4.2209
Ardachu	Highland	h	58.0017	-4.2444
Altnaharra	Highland	h	58.2812	-4.4428
Achnairn	Highland	h	58.0794	-4.4561
Achfrish	Highland	h	58.0719	-4.4347
Achany	Highland	h	57.98	-4.4211
Achlyness	Highland	h	58.4256	-5.001
Achriesgill	Highland	h	58.4399	-4.9897
Achnacarnin	Highland	h	58.2316	-5.3373
Abhainn Suidhe	Na h-Eileanan an Iar	h	57.9622	-6.9937
Aith	Orkney Islands	h	59.1162	-2.6163
Aikerness	Orkney Islands	h	59.3486	-2.962
Aith	Shetland Islands	h	60.5905	-0.8492
Aith	Shetland Islands	h	60.0515	-1.2073
Aithsetter	Shetland Islands	h	60.0567	-1.21
Assater	Shetland Islands	h	60.4997	-1.4597
Ayres of Selivoe	Shetland Islands	h	60.2209	-1.4853
Alderwood Terrace	Redbridge	o	51.6093	0.1414
Acton	Ealing	o	51.5067	-0.2683
Arpley Square	Bromley	o	51.4149	-0.0534
Ashtead	Mole Valley	o	51.3094	-0.2996
Almshouse Green	Braintree	o	51.9708	0.5563
Aythorpe Roding	Uttlesford	o	51.8162	0.2973
Alconbury Weald	Huntingdonshire	o	52.3735	-0.2227
Appspond	St. Albans	o	51.7375	-0.3895
Asterby	East Lindsey	o	53.2893	-0.1055
Ashby Puerorum	East Lindsey	o	53.2254	-0.0134
Aswardby	East Lindsey	o	53.2127	0.0606
Asperton	Boston	o	52.9226	-0.1266
Aswarby	North Kesteven	o	52.9463	-0.4126
Avon Castle	Dorset	o	50.8318	-1.8061
Abbotside	South Gloucestershire	o	51.6135	-2.4522
Avonmouth	City of Bristol	o	51.5007	-2.6989
Alston Sutton	Sedgemoor	o	51.26	-2.8405
Allscott	Shropshire	o	52.5629	-2.3884
Abenhall	Forest of Dean	o	51.8537	-2.4809
Amberley	County of Herefordshire	o	52.1266	-2.6673
Arrow Green	County of Herefordshire	o	52.2237	-2.8252
Aconbury	County of Herefordshire	o	51.9977	-2.7068
Alltmawr	Powys - Powys	o	52.1128	-3.355
Adams Street	Sir Ceredigion - Ceredigion	o	52.4851	-3.9824
Arthurs View	Amber Valley	o	53.0592	-1.3469
Acre Ridge Estate	Amber Valley	o	53.1017	-1.3726
Ashgate	Chesterfield	o	53.2419	-1.4767
Atlow	Derbyshire Dales	o	53.0368	-1.6569
Ashby Woulds	North West Leicestershire	o	52.7422	-1.5509
Audenshaw	Tameside	o	53.4721	-2.1245
Allgreave	Cheshire East	o	53.1995	-2.0414
Acton Gate	South Staffordshire	o	52.7706	-2.1074
Anelog	Gwynedd - Gwynedd	o	52.8172	-4.7411
Acaster Selby	Selby	o	53.8657	-1.1288
Addingham Moorside	Bradford	o	53.9262	-1.887
Acres	Oldham	o	53.5584	-2.1658
Aughton	Lancaster	o	54.1018	-2.6916
Annaside	Copeland	o	54.2673	-3.397
Aydon Road Estate	Northumberland	o	54.9766	-2.0103
Arkleby	Allerdale	o	54.7422	-3.3368
Aird	Dumfries and Galloway	o	54.8995	-4.9704
Abberwick	Northumberland	o	55.4132	-1.7972
Abbotrule	Scottish Borders	o	55.4094	-2.6189
Auchenbowie	Stirling	o	56.069	-3.941
Arnprior	Stirling	o	56.1267	-4.2337
Airdriehill	North Lanarkshire	o	55.8833	-3.952
Auchenreoch	East Dunbartonshire	o	55.9639	-4.1249
Auchenhew	North Ayrshire	o	55.4439	-5.1335
Ardfin	Argyll and Bute	o	55.8014	-6.0111
Aberdalgie	Perth and Kinross	o	56.3655	-3.4926
Auchnafree	Perth and Kinross	o	56.4771	-3.9187
Aonachan	Highland	o	56.8884	-4.9449
Auchtertyre	Stirling	o	56.4246	-4.6701
Ardlui	Argyll and Bute	o	56.2999	-4.7203
Aryhoulan	Highland	o	56.7681	-5.2486
An Fasadh Feàrna	Highland	o	56.8549	-5.2552
Achnagoul	Argyll and Bute	o	56.2018	-5.1301
Ardentallen	Argyll and Bute	o	56.359	-5.5028
Arduaine	Argyll and Bute	o	56.2321	-5.5494
Ardchonnell	Argyll and Bute	o	56.2608	-5.2597
Airigh Bheagaig	Highland	o	56.742	-5.8413
Ardery	Highland	o	56.701	-5.6708
Achranich	Highland	o	56.562	-5.7411
Aird	Argyll and Bute	o	56.1453	-5.5983
Aros	Argyll and Bute	o	56.5318	-5.9754
Aridhglas	Argyll and Bute	o	56.3255	-6.3396
Ardchiavaig	Argyll and Bute	o	56.2927	-6.2272
Auchmaliddie	Aberdeenshire	o	57.4932	-2.1967
Annochie	Aberdeenshire	o	57.4723	-2.1076
Ardo	Aberdeenshire	o	57.4425	-2.2611
Auchingoul	Aberdeenshire	o	57.5266	-2.6518
Aucharnie	Aberdeenshire	o	57.4604	-2.6084
Advie	Highland	o	57.389	-3.461
Achindown	Highland	o	57.5071	-3.9388
Alvie	Highland	o	57.1583	-3.8784
Achavandra Muir	Highland	o	57.9188	-4.0767
Airdens	Highland	o	57.9124	-4.321
Ardvannie	Highland	o	57.8561	-4.2221
Ardgayhill	Highland	o	57.88	-4.372
Achnahanat	Highland	o	57.9477	-4.5062
Arcan	Highland	o	57.5433	-4.5074
Arcan Muir	Highland	o	57.5421	-4.5254
Abriachan	Highland	o	57.3862	-4.4043
Ardendrain	Highland	o	57.4095	-4.4813
Achnaconeran	Highland	o	57.2246	-4.6247
Auchteraw	Highland	o	57.1354	-4.7247
Ardmair	Highland	o	57.9338	-5.1964
Achmore	Highland	o	57.9153	-5.3379
Achadh na Sine	Highland	o	57.5767	-5.0816
Avernish	Highland	o	57.2786	-5.5656
Ardnarff	Highland	o	57.3622	-5.5115
Aultgrishan	Highland	o	57.8032	-5.8007
Aultvoulin	Highland	o	57.0401	-5.6948
Armadale	Highland	o	57.0665	-5.899
Airor	Highland	o	57.0833	-5.765
An Lethallt	Highland	o	57.5691	-6.1704
Arnish	Highland	o	57.4586	-6.0127
Achnacloich	Highland	o	57.1076	-5.9849
An t-Aodann Ban	Highland	o	57.4749	-6.4261
Aird	Highland	o	57.4777	-6.3423
Ardmore	Na h-Eileanan an Iar	o	57.3928	-7.3337
Aisgernis	Na h-Eileanan an Iar	o	57.1891	-7.4052
Aikers	Orkney Islands	o	58.8035	-2.9415
Alterwall	Highland	o	58.5629	-3.2267
Auckengill	Highland	o	58.5683	-3.09
Achow	Highland	o	58.313	-3.3155
Achavar	Highland	o	58.3159	-3.26
Achingills	Highland	o	58.5442	-3.4566
Achreamie	Highland	o	58.5766	-3.6904
Achscrabster	Highland	o	58.55	-3.5741
Achalone	Highland	o	58.4928	-3.4546
Achavanich	Highland	o	58.3646	-3.4038
Aultiphurst	Highland	o	58.5635	-4.0567
Alltnacaillich	Highland	o	58.3707	-4.6373
Achuvoldrach	Highland	o	58.4965	-4.4597
Achadh Fairidh	Highland	o	58.3041	-4.9054
Achmelvich	Highland	o	58.1683	-5.3035
Acheninver	Highland	o	57.9945	-5.3144
Achduart	Highland	o	57.9802	-5.3003
Altandhu	Highland	o	58.0567	-5.4187
Airidh a Bhruaich	Na h-Eileanan an Iar	o	58.0624	-6.6624
Ardroil	Na h-Eileanan an Iar	o	58.179	-7.0303
Ancumtoun	Orkney Islands	o	59.3788	-2.4207
Abune-the-Hill	Orkney Islands	o	59.1361	-3.2353
