Gloucester		c	51.8646	-2.2469
Glasgow	Glasgow City	c	55.8636	-4.2369
Gravesend	Gravesham	t	51.4425	0.3694
Gillingham	Medway	t	51.3692	0.5786
Grays	Thurrock	t	51.4793	0.3262
Gerrards Cross	Buckinghamshire	t	51.5874	-0.5542
Great Dunmow	Uttlesford	t	51.8712	0.3638
Godmanchester	Huntingdonshire	t	52.3193	-0.175
Great Yarmouth		t	52.6082	1.7272
Gorleston-on-Sea	Great Yarmouth	t	52.5714	1.7332
Grimsby	North East Lincolnshire	t	53.5651	-0.0838
Gosport		t	50.7944	-1.1227
Guildford		t	51.2394	-0.5759
Godalming	Waverley	t	51.1855	-0.6141
Gillingham	Dorset	t	51.0376	-2.2753
Glastonbury	Mendip	t	51.1474	-2.7178
Gorseinon	Abertawe - Swansea	t	51.6694	-4.0416
Great Torrington	Torridge	t	50.9522	-4.1433
Great Malvern	Malvern Hills	t	52.1114	-2.3295
Glyn Ebwy	Blaenau Gwent - Blaenau Gwent	t	51.7847	-3.2082
Glyn-nedd	Castell-nedd Port Talbot - Neath Port Talbot	t	51.7463	-3.6217
Gainsborough	West Lindsey	t	53.4006	-0.774
Grantham	South Kesteven	t	52.9121	-0.6422
Glossop	High Peak	t	53.4433	-1.9489
Gatley	Stockport	t	53.3929	-2.235
Golborne	Wigan	t	53.4753	-2.5977
Goole	East Riding of Yorkshire	t	53.7038	-0.8713
Garforth	Leeds	t	53.7921	-1.3883
Goldthorpe	Barnsley	t	53.534	-1.3047
Guiseley	Leeds	t	53.8742	-1.7129
Great Harwood	Hyndburn	t	53.786	-2.408
Grange-over-Sands	South Lakeland	t	54.1932	-2.9111
Garstang	Wyre	t	53.9027	-2.7738
Guisborough	Redcar and Cleveland	t	54.5358	-1.051
Gateshead		t	54.9599	-1.605
Gatehouse of Fleet	Dumfries and Galloway	t	54.8807	-4.1872
Girvan	South Ayrshire	t	55.2421	-4.8553
Galashiels	Scottish Borders	t	55.6148	-2.8075
Grangemouth	Falkirk	t	56.0196	-3.7219
Galston	East Ayrshire	t	55.6004	-4.3798
Gourock	Inverclyde	t	55.9613	-4.8186
Greenock	Inverclyde	t	55.9485	-4.7571
Glenrothes	Fife	t	56.1952	-3.1713
Grantown-on-Spey	Highland	t	57.3308	-3.6082
Garlinge	Thanet	a	51.3765	1.3554
Gore	Dover	a	51.248	1.3049
Goat Lees	Ashford	a	51.1762	0.8774
Grove Park	Swale	a	51.3473	0.7118
Great Berry	Basildon	a	51.5693	0.4077
Ghyllgrove	Basildon	a	51.5741	0.4628
Great Burstead	Basildon	a	51.6066	0.4282
Gooseberry Green	Basildon	a	51.6316	0.4095
Grange	Medway	a	51.3884	0.5743
Grove Green	Maidstone	a	51.2777	0.5499
Glyne Gap	Hastings	a	50.847	0.5101
Glenleigh Park	Rother	a	50.8529	0.4603
Grange Hill	Epping Forest	a	51.612	0.087
Gants Hill	Redbridge	a	51.5753	0.0689
Gidea Park	Havering	a	51.5858	0.2002
Goodmayes	Redbridge	a	51.5608	0.1095
Goddington	Bromley	a	51.3718	0.1095
Greenhithe	Dartford	a	51.45	0.285
Green Street Green	Bromley	a	51.3533	0.0897
Grove Park	Lewisham	a	51.4316	0.0273
Greatness	Sevenoaks	a	51.291	0.2129
Grange Park	Enfield	a	51.6431	-0.1011
Golders Green	Barnet	a	51.581	-0.1971
Globe Town	Tower Hamlets	a	51.5292	-0.0467
Gospel Oak	Camden	a	51.554	-0.1544
Grahame Park	Barnet	a	51.6017	-0.2446
Grove Park	Hounslow	a	51.4816	-0.2705
Gunnersbury	Hounslow	a	51.4877	-0.2671
Greatpark	Tandridge	a	51.3166	-0.03
Gossops Green	Crawley	a	51.1091	-0.2137
Greenhill	Harrow	a	51.5849	-0.3279
Grove Heath	Guildford	a	51.2902	-0.5006
Givons Grove	Mole Valley	a	51.2808	-0.3217
Goring-by-Sea	Worthing	a	50.8158	-0.4321
Gunton	East Suffolk	a	52.4942	1.7415
Great Green	South Norfolk	a	52.5015	1.1171
Greenwich	Ipswich	a	52.0372	1.1689
Gainsborough	Ipswich	a	52.0329	1.1838
Greenstead	Colchester	a	51.8907	0.9374
Great Clacton	Tendring	a	51.8049	1.1529
Great Cornard	Babergh	a	52.0271	0.7523
Galley's Corner	Braintree	a	51.8686	0.5816
Great Baddow	Chelmsford	a	51.715	0.4979
Great Oxney Green	Chelmsford	a	51.7295	0.4138
Galleyend	Chelmsford	a	51.7036	0.4849
Great Parndon	Harlow	a	51.7571	0.0838
Green End	Huntingdonshire	a	52.3525	-0.2056
Green End	South Cambridgeshire	a	52.1579	-0.1966
Gamlingay Cinques	South Cambridgeshire	a	52.1615	-0.208
Green End	North Hertfordshire	a	51.9612	-0.1657
Green End	East Hertfordshire	a	51.8845	-0.0685
Green End	East Hertfordshire	a	51.9125	0.0246
Glen Faba	Epping Forest	a	51.7642	0.0146
Green End	Huntingdonshire	a	52.4318	-0.2796
Green End	Bedford	a	52.2565	-0.386
Green End	Bedford	a	52.2712	-0.4175
Goldington	Bedford	a	52.1473	-0.4302
Green End	Bedford	a	52.1604	-0.359
Girtford	Central Bedfordshire	a	52.133	-0.2944
Grovehill	Dacorum	a	51.7745	-0.4575
Gadebridge	Dacorum	a	51.7653	-0.4878
Green End	Dacorum	a	51.7498	-0.4956
Garston	Watford	a	51.6897	-0.3862
Gas Hill	Norwich	a	52.6342	1.3117
George Hill	Broadland	a	52.6595	1.3018
Gaywood	King's Lynn and West Norfolk	a	52.756	0.4339
Great Boleness Field	Fenland	a	52.6529	0.1492
Gaultree	King's Lynn and West Norfolk	a	52.6421	0.211
Gunthorpe	City of Peterborough	a	52.6118	-0.2521
Grange	North East Lincolnshire	a	53.554	-0.1065
Grant Thorold	North East Lincolnshire	a	53.5706	-0.0627
Great Coates	North East Lincolnshire	a	53.575	-0.1309
Great Field	City of Kingston upon Hull	a	53.7458	-0.2511
Gipsyville	City of Kingston upon Hull	a	53.7288	-0.3991
Grey Legs	City of Kingston upon Hull	a	53.7961	-0.3562
Garrison Side	City of Kingston upon Hull	a	53.7421	-0.3219
Gable Head	Havant	a	50.7932	-0.9769
Gunville	Isle of Wight	a	50.698	-1.3209
Gurnard	Isle of Wight	a	50.7583	-1.3245
Galmpton	Torbay	a	50.396	-3.5639
Goodrington	Torbay	a	50.4135	-3.5702
Glebelands	Teignbridge	a	50.4852	-3.7852
Glenholt	City of Plymouth	a	50.4248	-4.1069
Goosewell	City of Plymouth	a	50.3495	-4.0845
Gloweth	Cornwall	a	50.2649	-5.0946
Goonbell	Cornwall	a	50.304	-5.1904
Golden Bank	Cornwall	a	50.1391	-5.0884
Gulval	Cornwall	a	50.1327	-5.5217
Guildford	Cornwall	a	50.1904	-5.3989
Great Hollands	Bracknell Forest	a	51.3948	-0.7733
Guildford Park	Guildford	a	51.2373	-0.5885
Goose Green	New Forest	a	50.8664	-1.5755
Gorse Hill	Swindon	a	51.5728	-1.7771
Groundwell	Swindon	a	51.599	-1.7811
Greenmeadow	Swindon	a	51.5892	-1.8001
Grange Estate	Dorset	a	50.82	-1.834
Greenhill	Wiltshire	a	51.422	-2.2039
Gillingstool	South Gloucestershire	a	51.6071	-2.5192
Grosvenor	Bath and North East Somerset	a	51.3943	-2.3471
Greenhill	Bath and North East Somerset	a	51.2939	-2.4851
Greenvale	Bath and North East Somerset	a	51.3238	-2.4805
Glue Hill	Dorset	a	50.9176	-2.3142
Garden City	South Somerset	a	51.0424	-2.8167
Goar Knap	South Somerset	a	50.9461	-2.62
Griffithstown	Torfaen - Torfaen	a	51.6876	-3.0294
Gaer	Casnewydd - Newport	a	51.5765	-3.0191
Gwyddon	Caerffili - Caerphilly	a	51.648	-3.1307
Glasllwch	Casnewydd - Newport	a	51.58	-3.0236
Greenmeadow	Torfaen - Torfaen	a	51.6514	-3.0501
Gold Tops	Casnewydd - Newport	a	51.5894	-3.0006
Galmington	Somerset West and Taunton	a	51.0081	-3.1209
Graigwen	Rhondda Cynon Taf - Rhondda Cynon Taf	a	51.6046	-3.3465
Gilfach	Caerffili - Caerphilly	a	51.6786	-3.227
Glenfield Estate	Caerffili - Caerphilly	a	51.576	-3.2395
Glynfach	Rhondda Cynon Taf - Rhondda Cynon Taf	a	51.6084	-3.4071
Glyntaff	Rhondda Cynon Taf - Rhondda Cynon Taf	a	51.5967	-3.3216
Graig	Rhondda Cynon Taf - Rhondda Cynon Taf	a	51.5971	-3.3445
Glyncoch	Rhondda Cynon Taf - Rhondda Cynon Taf	a	51.6221	-3.3378
Glenboi	Rhondda Cynon Taf - Rhondda Cynon Taf	a	51.6863	-3.3969
Glan-y-llyn	Rhondda Cynon Taf - Rhondda Cynon Taf	a	51.552	-3.2678
Gelligroes	Caerffili - Caerphilly	a	51.6481	-3.1922
Gibbonsdown	Bro Morgannwg - the Vale of Glamorgan	a	51.4191	-3.265
Grangetown	Caerdydd - Cardiff	a	51.4654	-3.1873
Gabalfa	Caerdydd - Cardiff	a	51.5014	-3.2139
Greenway	Somerset West and Taunton	a	51.0542	-3.1971
Garth	Pen-y-bont ar Ogwr - Bridgend	a	51.6	-3.6415
Gelli	Rhondda Cynon Taf - Rhondda Cynon Taf	a	51.6435	-3.4793
Gilfach Garden Village	Rhondda Cynon Taf - Rhondda Cynon Taf	a	51.586	-3.4741
Gendros	Abertawe - Swansea	a	51.6396	-3.9683
Giants Grave	Castell-nedd Port Talbot - Neath Port Talbot	a	51.6382	-3.828
Graig Trewyddfa	Abertawe - Swansea	a	51.6563	-3.9264
Gorseinon Garden Village	Abertawe - Swansea	a	51.66	-4.0298
Goosewell	North Devon	a	51.205	-4.0722
Great Oakley	North Northamptonshire	a	52.4663	-0.7246
Goldings	West Northamptonshire	a	52.2717	-0.8254
Great Billing	West Northamptonshire	a	52.2593	-0.8141
Giffard Park	Milton Keynes	a	52.0731	-0.7442
Great Linford	Milton Keynes	a	52.07	-0.7539
Greenleys	Milton Keynes	a	52.0561	-0.8224
Grange Farm	Milton Keynes	a	52.0247	-0.8067
Great Holm	Milton Keynes	a	52.0372	-0.7978
Green End	Buckinghamshire	a	51.9674	-0.6822
Great Hivings	Buckinghamshire	a	51.7238	-0.6212
Glen Parva	City of Leicester	a	52.5939	-1.1672
Grimsbury	Cherwell	a	52.0648	-1.3249
Greenwood	Cherwell	a	51.9065	-1.1715
Grandpont	Oxford	a	51.7433	-1.2585
Garden City	Cherwell	a	51.81	-1.2807
Goodyers End	Nuneaton and Bedworth	a	52.4673	-1.5099
Great Heath	Coventry	a	52.4269	-1.497
Galley Common	Nuneaton and Bedworth	a	52.5238	-1.5324
Green Lane	Coventry	a	52.3813	-1.5263
Gibbet Hill	Coventry	a	52.3702	-1.5487
Gosford Green	Coventry	a	52.4063	-1.4874
Greenend	West Oxfordshire	a	51.8907	-1.5313
Glebe Farm	Birmingham	a	52.4877	-1.7936
Gib Heath	Birmingham	a	52.4964	-1.9262
Garretts Green	Birmingham	a	52.4704	-1.7838
Greet	Birmingham	a	52.4524	-1.8526
Griffin's Hill	Birmingham	a	52.4299	-1.9502
Great Barr	Sandwell	a	52.55	-1.936
Gilbertstone	Birmingham	a	52.4627	-1.8005
Grove Vale	Sandwell	a	52.5472	-1.9497
Gravelly Hill	Birmingham	a	52.5135	-1.8487
Greenlands	Redditch	a	52.2915	-1.9174
Greenhill	Wychavon	a	52.0992	-1.9428
Golds Green	Sandwell	a	52.5387	-2.0276
Goldthorn Hill	City of Wolverhampton	a	52.5691	-2.1413
Goldthorn Park	City of Wolverhampton	a	52.5632	-2.1294
Guns Village	Sandwell	a	52.5244	-2.0044
Gospel Oak	Sandwell	a	52.549	-2.0527
Greets Green	Sandwell	a	52.5206	-2.0243
Grace Mary Estate	Sandwell	a	52.5029	-2.0458
Giggetty	South Staffordshire	a	52.5301	-2.1999
Green Lanes	City of Wolverhampton	a	52.5713	-2.0779
Golds Hill	Sandwell	a	52.5387	-2.0281
Gornalwood	Dudley	a	52.5145	-2.1314
Greenleighs	Dudley	a	52.5547	-2.1267
Greenhill	Wyre Forest	a	52.3961	-2.2311
Green Street	Tewkesbury	a	51.839	-2.1601
Garndiffaith	Torfaen - Torfaen	a	51.738	-3.07
Grofield	Sir Fynwy - Monmouthshire	a	51.8228	-3.0255
Golynos	Torfaen - Torfaen	a	51.732	-3.0752
Garth Owen	Powys - Powys	a	52.5066	-3.3222
Georgetown	Merthyr Tudful - Merthyr Tydfil	a	51.7494	-3.3864
Glyncoed	Blaenau Gwent - Blaenau Gwent	a	51.7906	-3.2098
Garnlydan	Blaenau Gwent - Blaenau Gwent	a	51.8062	-3.209
Garn Fach	Blaenau Gwent - Blaenau Gwent	a	51.7852	-3.1708
Godreaman	Rhondda Cynon Taf - Rhondda Cynon Taf	a	51.6953	-3.4312
Glebeland	Merthyr Tudful - Merthyr Tydfil	a	51.7467	-3.3803
Gurnos	Merthyr Tudful - Merthyr Tydfil	a	51.761	-3.3813
Georgetown	Blaenau Gwent - Blaenau Gwent	a	51.771	-3.2367
Gellideg	Merthyr Tudful - Merthyr Tydfil	a	51.7513	-3.4025
Garden City	Blaenau Gwent - Blaenau Gwent	a	51.7632	-3.2067
Galon-Uchaf	Merthyr Tudful - Merthyr Tydfil	a	51.7665	-3.3707
Gadlys	Rhondda Cynon Taf - Rhondda Cynon Taf	a	51.7158	-3.4514
Garth	Sir Ceredigion - Ceredigion	a	52.4385	-3.9877
Godre'r-graig	Castell-nedd Port Talbot - Neath Port Talbot	a	51.7462	-3.8101
Graigfelen	Abertawe - Swansea	a	51.6976	-3.9043
Glan-Duar	Sir Gaerfyrddin - Carmarthenshire	a	52.07	-4.149
Graig	Sir Gaerfyrddin - Carmarthenshire	a	51.6919	-4.2491
Green	Sir Benfro - Pembrokeshire	a	51.6794	-4.9156
Great Honeyborough	Sir Benfro - Pembrokeshire	a	51.7144	-4.9527
Guildford	Sir Benfro - Pembrokeshire	a	51.7447	-4.9113
Golden Hill	Sir Benfro - Pembrokeshire	a	51.6807	-4.9133
Grove	Sir Benfro - Pembrokeshire	a	51.67	-4.9088
Gonerby Hill Foot	South Kesteven	a	52.9251	-0.6557
Gedling		a	52.9814	-1.085
Gateford	Bassetlaw	a	53.3274	-1.1369
Greenhillocks	Amber Valley	a	53.0426	-1.3991
Gallows Inn	Erewash	a	52.9601	-1.2951
Giltbrook	Broxtowe	a	53.0073	-1.2835
Greenwich	Amber Valley	a	53.0519	-1.3966
Gelsmoor	North West Leicestershire	a	52.7615	-1.4028
Glenfield	Blaby	a	52.6573	-1.1947
Greenhill	North West Leicestershire	a	52.7196	-1.3375
Greystones Cliffe	Sheffield	a	53.3634	-1.5229
Gleadless Townend	Sheffield	a	53.3447	-1.4268
Gleadless	Sheffield	a	53.35	-1.4272
Grange Lane	Sheffield	a	53.4382	-1.4352
Greystones	Sheffield	a	53.3644	-1.5166
Grimesthorpe	Sheffield	a	53.4065	-1.4408
Greenhill	Sheffield	a	53.3296	-1.4798
Goole Green	Sheffield	a	53.3647	-1.5423
Greenland	Sheffield	a	53.3947	-1.4138
Garden Village	Sheffield	a	53.482	-1.6029
Gosforth Valley	North East Derbyshire	a	53.2993	-1.4853
Gorseybank	Derbyshire Dales	a	53.0763	-1.5697
Glascote Heath	Tamworth	a	52.6216	-1.6594
Glascote	Tamworth	a	52.628	-1.6744
Gorsey Leys	South Derbyshire	a	52.738	-1.5593
Goscote	Walsall	a	52.6162	-1.9783
Gorstey Ley	Lichfield	a	52.6798	-1.9055
Guide Bridge	Tameside	a	53.4779	-2.1125
Gorton	Manchester	a	53.4625	-2.1819
Gillbent	Stockport	a	53.361	-2.1954
Gee Cross	Tameside	a	53.4365	-2.0701
Greave	Stockport	a	53.4229	-2.0825
Godley	Tameside	a	53.4545	-2.0649
Greenside	Tameside	a	53.4855	-2.152
Gorse Hill	Trafford	a	53.4556	-2.2987
Goldenhill	City of Stoke-on-Trent	a	53.0742	-2.2221
Great Chell	City of Stoke-on-Trent	a	53.0724	-2.1882
Gillow Heath	Staffordshire Moorlands	a	53.1261	-2.1767
Grappenhall	Warrington	a	53.3729	-2.5486
Gorse Covert	Warrington	a	53.4274	-2.5085
Grange	Warrington	a	53.4018	-2.5279
Gravel	Cheshire West and Chester	a	53.1913	-2.4994
Greenbank	Cheshire West and Chester	a	53.2519	-2.5354
Greenfields	Shropshire	a	52.9095	-2.4938
Grange Park	St. Helens	a	53.4351	-2.7683
Great Sankey	Warrington	a	53.394	-2.6529
Garswood	St. Helens	a	53.492	-2.6694
Green Bank	St. Helens	a	53.4489	-2.7416
Green Leach	St. Helens	a	53.4693	-2.7335
Garston	Liverpool	a	53.3532	-2.8968
Gemini	Warrington	a	53.4174	-2.6227
Grange	Halton	a	53.3255	-2.7184
Gateacre	Liverpool	a	53.3833	-2.8618
Gerard's Bridge	St. Helens	a	53.4619	-2.741
Grange	Cheshire West and Chester	a	53.0617	-2.766
Greenfields	Shropshire	a	52.7194	-2.7498
Grassendale Park	Liverpool	a	53.3563	-2.9207
Gayton	Wirral	a	53.3173	-3.0892
Grange	Wirral	a	53.3732	-3.1703
Grassendale	Liverpool	a	53.3609	-2.9098
Great Crosby	Sefton	a	53.489	-3.0227
Gillmoss	Liverpool	a	53.4598	-2.9078
Glanyrafon	Sir y Fflint - Flintshire	a	53.1642	-3.1401
Golftyn	Sir y Fflint - Flintshire	a	53.2235	-3.068
Great Sutton	Cheshire West and Chester	a	53.2744	-2.9368
Garden Village	Wrecsam - Wrexham	a	53.063	-2.9924
Groes	Wrecsam - Wrexham	a	52.9995	-3.072
Greenhill Bank	Shropshire	a	52.918	-2.9363
Garden Village	Shropshire	a	52.9237	-3.009
Gravel Hole	Shropshire	a	52.9186	-2.9439
Gadlas	Shropshire	a	52.93	-2.9332
Groes-lwyd	Powys - Powys	a	52.6936	-3.1696
Glan-y-don	Sir y Fflint - Flintshire	a	53.3079	-3.25
Gwernydd	Gwynedd - Gwynedd	a	53.176	-4.0463
Gyffin	Conwy - Conwy	a	53.2752	-3.8341
Gerlan	Gwynedd - Gwynedd	a	53.1783	-4.0515
Glanypwll	Gwynedd - Gwynedd	a	52.9952	-3.9485
Glan-Adda	Gwynedd - Gwynedd	a	53.2182	-4.1392
Garth	Gwynedd - Gwynedd	a	53.2353	-4.1232
Garth	Gwynedd - Gwynedd	a	52.9223	-4.134
Gwalchmai Uchaf	Sir Ynys Mon - Isle of Anglesey	a	53.2538	-4.413
Gwalchmai Isaf	Sir Ynys Mon - Isle of Anglesey	a	53.2597	-4.4164
Grey Green	North Lincolnshire	a	53.5567	-0.8162
Glass Houghton	Wakefield	a	53.7151	-1.334
Green Hill	Wakefield	a	53.6124	-1.354
Gallows Hill	Harrogate	a	54.1254	-1.5191
Gawthorpe	Wakefield	a	53.6961	-1.5865
Gipton	Leeds	a	53.8101	-1.4969
Gillroyd	Leeds	a	53.7462	-1.5863
Gledhow	Leeds	a	53.8288	-1.519
Greystone	Leeds	a	53.7505	-1.6425
Graveleythorpe	Leeds	a	53.7994	-1.4644
Gomersal Hill Top	Kirklees	a	53.7253	-1.6838
Gipton Wood	Leeds	a	53.8179	-1.5055
Gamble Hill	Leeds	a	53.7994	-1.6204
Gilcar	Wakefield	a	53.7137	-1.4005
Granary Wharf	Leeds	a	53.7933	-1.5496
Gilroyd	Barnsley	a	53.5362	-1.5095
Greenside	Barnsley	a	53.5873	-1.5017
Greenbottom	Leeds	a	53.8718	-1.7074
Greengate	Bradford	a	53.8608	-1.9101
Guard House	Bradford	a	53.8661	-1.931
Green End	Bradford	a	53.8766	-1.8473
Great Horton	Bradford	a	53.7796	-1.784
Girlington	Bradford	a	53.8011	-1.7871
Greengates	Bradford	a	53.8283	-1.715
Greetland	Calderdale	a	53.6883	-1.8711
Goose Hill	Bradford	a	53.7743	-1.7318
Gilstead	Bradford	a	53.8489	-1.8181
Green Side	Bradford	a	53.7959	-1.792
Golcar	Kirklees	a	53.6396	-1.8561
Greenside	Kirklees	a	53.6446	-1.7462
Grove Place	Kirklees	a	53.6485	-1.7561
Gully	Kirklees	a	53.5663	-1.7779
Greatwood	Craven	a	53.9582	-2.003
Glusburn Green	Craven	a	53.8986	-2.0073
Glusburn	Craven	a	53.9014	-2.0041
Green End	Pendle	a	53.9119	-2.1378
Gauxholme	Calderdale	a	53.7016	-2.1058
Greave	Rossendale	a	53.7069	-2.1887
Goodshaw	Rossendale	a	53.7288	-2.2839
Goodshaw Chapel	Rossendale	a	53.7343	-2.2816
Greenfield	Pendle	a	53.8532	-2.19
Glen Top	Rossendale	a	53.6908	-2.2394
Great Howarth	Rochdale	a	53.6383	-2.1354
Grotton	Oldham	a	53.5331	-2.0527
Goats	Oldham	a	53.5868	-2.0898
Gigg	Bury	a	53.5825	-2.2828
Gravel Hole	Oldham	a	53.5828	-2.1303
Glodwick Lows	Oldham	a	53.5307	-2.0853
Greenacres	Oldham	a	53.544	-2.0809
Greengate	Rochdale	a	53.6373	-2.1228
Greenacres Moor	Oldham	a	53.5445	-2.0904
Gale	Rochdale	a	53.6505	-2.0911
Green Gate	Rochdale	a	53.5958	-2.1356
Greenfield	Oldham	a	53.5331	-2.0051
Glodwick	Oldham	a	53.5352	-2.0965
Greave	Rochdale	a	53.6186	-2.1834
Greenacres Fold	Oldham	a	53.5453	-2.0773
Green Bank	Blackburn with Darwen	a	53.7526	-2.4575
Grimshaw Park	Blackburn with Darwen	a	53.7377	-2.4761
Green Lane	Blackburn with Darwen	a	53.7289	-2.5146
Guide	Blackburn with Darwen	a	53.728	-2.4474
Great Lever	Bolton	a	53.5613	-2.4207
Greenmount	Bury	a	53.6256	-2.3377
Greenheys	Salford	a	53.5357	-2.4364
Gilnow	Bolton	a	53.5769	-2.4481
Golgotha	Lancaster	a	54.0423	-2.7836
Grange Fell	South Lakeland	a	54.1922	-2.9207
Grange	Preston	a	53.783	-2.6541
Gallows Hill	Preston	a	53.7709	-2.7038
Golden Hill	South Ribble	a	53.6983	-2.6952
Goose Green	South Ribble	a	53.699	-2.8013
Goose Green	Wigan	a	53.5271	-2.6562
Gidlow	Wigan	a	53.5564	-2.6432
Great Knowley	Chorley	a	53.6725	-2.616
Great Marton Moss	Blackpool	a	53.7812	-3.0085
Great Marton	Blackpool	a	53.8039	-3.0275
Grangetown	Sunderland	a	54.8846	-1.3708
Gilpin Brown	Stockton-on-Tees	a	54.5764	-1.3295
Grove Hill	Middlesbrough	a	54.5628	-1.2258
Grangefield	Stockton-on-Tees	a	54.5666	-1.3342
Gosforth	Newcastle upon Tyne	a	55.0098	-1.6205
Grindon	Sunderland	a	54.8871	-1.4421
Gilesgate Moor	County Durham	a	54.7806	-1.545
Glebe	Sunderland	a	54.8996	-1.5226
Grasswell	Sunderland	a	54.8513	-1.4775
Gilesgate	County Durham	a	54.7792	-1.5553
Great Burdon	Darlington	a	54.5436	-1.5111
Guessburn	Northumberland	a	54.9428	-1.915
Greencroft	County Durham	a	54.8543	-1.7524
Garlands	Carlisle	a	54.8734	-2.8824
Gilwilly	Eden	a	54.6658	-2.7644
Garden Village	Carlisle	a	54.8795	-2.9755
Great Crosthwaite	Allerdale	a	54.6107	-3.1408
Glasson	Allerdale	a	54.7126	-3.5035
Goat	Allerdale	a	54.6654	-3.3705
Georgetown	Dumfries and Galloway	a	55.0636	-3.5789
Gasstown	Dumfries and Galloway	a	55.0692	-3.5757
Greenbrae	Dumfries and Galloway	a	55.0741	-3.5921
Gateside of Trench	Dumfries and Galloway	a	55.0701	-3.5704
Greystone	Dumfries and Galloway	a	55.0757	-3.5986
Greenbank	Copeland	a	54.5271	-3.5837
Gunsgreen	Scottish Borders	a	55.8686	-2.0872
Galafoot	Scottish Borders	a	55.6072	-2.7772
Glenfield	Scottish Borders	a	55.6134	-2.7925
Gala Park	Scottish Borders	a	55.6151	-2.8112
Gallatown	Fife	a	56.1344	-3.134
Gorgie	City of Edinburgh	a	55.9361	-3.2363
Greenbank	City of Edinburgh	a	55.9154	-3.2169
Greenside	City of Edinburgh	a	55.9569	-3.1841
Gracemount	City of Edinburgh	a	55.9068	-3.1532
Granton	City of Edinburgh	a	55.9811	-3.2344
Goose Green	East Lothian	a	55.9472	-3.0487
Glencorse	Midlothian	a	55.8446	-3.2029
Gilmerton	City of Edinburgh	a	55.9038	-3.1371
Greenlaw Mains	Midlothian	a	55.8411	-3.2198
Garvock Hill	Fife	a	56.0697	-3.4378
Gardeners' Lands	Fife	a	56.0747	-3.4564
Grahamsdyke	Falkirk	a	56.0123	-3.5996
Grangepans	Falkirk	a	56.0151	-3.5901
Glensburgh	Falkirk	a	56.0179	-3.7443
Grahamston	Falkirk	a	56.0061	-3.7844
Glenochil Village	Clackmannanshire	a	56.1409	-3.8146
Greenhill	Falkirk	a	55.9909	-3.8914
Guildiehaugh	West Lothian	a	55.8939	-3.6226
Greenburn	West Lothian	a	55.8243	-3.6995
Greenbank	Falkirk	a	55.9932	-3.8208
Glenmavis	West Lothian	a	55.9047	-3.632
Greenhead	North Lanarkshire	a	55.772	-3.9095
Garrowhill	Glasgow City	a	55.8547	-4.1261
Garthamlock	Glasgow City	a	55.8715	-4.1428
Greenfaulds	North Lanarkshire	a	55.9373	-4.0006
Gartlea	North Lanarkshire	a	55.8612	-3.9735
Greenhill	North Lanarkshire	a	55.8701	-4.0247
Gallowflat	South Lanarkshire	a	55.8262	-4.2047
Germiston	Glasgow City	a	55.8735	-4.2117
Gallowgate	Glasgow City	a	55.8539	-4.2152
Golfhill	North Lanarkshire	a	55.8776	-3.9914
Gartsherrie	North Lanarkshire	a	55.8686	-4.0336
Garnqueen	North Lanarkshire	a	55.8934	-4.0458
Gartloch	Glasgow City	a	55.8808	-4.1051
Greenend	North Lanarkshire	a	55.8562	-4.0025
Gowkthrapple	North Lanarkshire	a	55.7588	-3.9267
Greenhills	South Lanarkshire	a	55.7466	-4.196
Glengowan	South Lanarkshire	a	55.736	-3.9876
Govan	Glasgow City	a	55.8593	-4.3207
Garnethill	Glasgow City	a	55.866	-4.2615
Gorbals	Glasgow City	a	55.8485	-4.2576
Glenburn	Renfrewshire	a	55.8205	-4.437
Govanhill	Glasgow City	a	55.8371	-4.2591
Gockston	Renfrewshire	a	55.8591	-4.425
Gallowhill	Renfrewshire	a	55.8557	-4.407
Gilshochill	Glasgow City	a	55.8957	-4.2827
Garnieland	Renfrewshire	a	55.8966	-4.4362
Giffnock	East Renfrewshire	a	55.8062	-4.2929
Gateside	East Renfrewshire	a	55.7926	-4.4141
Greenholm	East Ayrshire	a	55.6053	-4.3309
Grange	East Ayrshire	a	55.6091	-4.5102
Gilfoot	East Ayrshire	a	55.605	-4.3432
Gillies' Knowe	East Ayrshire	a	55.3276	-4.3956
Gateside	Inverclyde	a	55.9427	-4.7903
Geilston	Argyll and Bute	a	55.9674	-4.6595
Glen Huntly	Inverclyde	a	55.931	-4.6908
Gibshill	Inverclyde	a	55.9353	-4.7171
Greenock West	Inverclyde	a	55.9568	-4.7756
Girdle Toll	North Ayrshire	a	55.631	-4.6358
Glenramskill	Argyll and Bute	a	55.4137	-5.575
Gowanbank	Angus	a	56.6482	-2.8638
Gannochy	Perth and Kinross	a	56.4063	-3.4167
Glencruitten	Argyll and Bute	a	56.4151	-5.4524
Green Hill	Aberdeenshire	a	57.504	-1.7716
Grange Gardens	Aberdeenshire	a	57.5058	-1.797
Gilcomston	Aberdeen City	a	57.1486	-2.1097
Garthdee	Aberdeen City	a	57.124	-2.1382
Granish	Highland	a	57.2099	-3.8239
Glebe	Highland	a	57.4819	-4.2303
Glasphein	Highland	a	57.6367	-6.2409
Garafad	Highland	a	57.6264	-6.2062
Glasphein	Highland	a	57.4535	-6.7028
Gearraidh Cladach	Na h-Eileanan an Iar	a	57.5277	-7.3165
Gaultiquoy	Highland	a	58.4385	-3.1216
Guershader	Na h-Eileanan an Iar	a	58.2252	-6.3936
Georth	Orkney Islands	a	59.1142	-3.1116
Gardie	Shetland Islands	a	60.6018	-1.0733
Gremista	Shetland Islands	a	60.1727	-1.1628
Garthspool	Shetland Islands	a	60.1583	-1.1548
Gord	Shetland Islands	a	59.9725	-1.2735
Gord	Shetland Islands	a	60.0475	-1.215
Gord	Shetland Islands	a	59.9085	-1.3378
Goodnestone	Dover	v	51.2476	1.2321
Great Mongeham	Dover	v	51.2148	1.3606
Guilton	Dover	v	51.2781	1.267
Guston	Dover	v	51.155	1.3197
Graveney	Swale	v	51.3232	0.9423
Greenhill	Canterbury	v	51.3627	1.1098
Godmersham	Ashford	v	51.2175	0.9597
Greatstone-on-Sea	Folkestone and Hythe	v	50.9682	0.9627
Great Stambridge	Rochford	v	51.5939	0.7415
Great Wakering	Rochford	v	51.5528	0.8039
Grain	Medway	v	51.4561	0.7114
Great Chart	Ashford	v	51.1449	0.8341
Grafty Green	Maidstone	v	51.2086	0.6796
Guestling Green	Rother	v	50.8935	0.6333
Golden Green	Tonbridge and Malling	v	51.2109	0.3435
Gill's Green	Tunbridge Wells	v	51.0641	0.5068
Goudhurst	Tunbridge Wells	v	51.113	0.459
Great Warley	Brentwood	v	51.5907	0.279
Green Street Green	Dartford	v	51.4136	0.2782
Godden Green	Sevenoaks	v	51.2712	0.2257
Goathurst Common	Sevenoaks	v	51.2488	0.1421
Groombridge	Wealden	v	51.1145	0.1858
Glynde	Lewes	v	50.8621	0.0686
Golden Cross	Wealden	v	50.8907	0.1845
Great Burgh	Reigate and Banstead	v	51.3097	-0.2399
Gatton	Reigate and Banstead	v	51.2635	-0.1719
Godstone	Tandridge	v	51.2474	-0.0667
Green Street	Hertsmere	v	51.6755	-0.274
Gomshall	Guildford	v	51.2197	-0.4473
Gillingham	South Norfolk	v	52.4705	1.5471
Geldeston	South Norfolk	v	52.4726	1.521
Great Glemham	East Suffolk	v	52.205	1.4246
Gromford	East Suffolk	v	52.1761	1.4922
Grundisburgh	East Suffolk	v	52.1124	1.2462
Great Bealings	East Suffolk	v	52.0935	1.2584
Great Holland	Tendring	v	51.8282	1.2096
Garboldisham	Breckland	v	52.3978	0.9481
Gissing	South Norfolk	v	52.4267	1.1494
Great Moulton	South Norfolk	v	52.4674	1.1911
Great Ellingham	Breckland	v	52.533	0.9741
Gislingham	Mid Suffolk	v	52.3046	1.0423
Great Finborough	Mid Suffolk	v	52.1769	0.9421
Great Bricett	Mid Suffolk	v	52.1168	0.9775
Great Blakenham	Mid Suffolk	v	52.1145	1.0921
Gosbeck	Mid Suffolk	v	52.1556	1.1425
Great Oakley	Tendring	v	51.9038	1.1886
Great Bentley	Tendring	v	51.8549	1.0622
Great Bromley	Tendring	v	51.8951	1.027
Great Wenham	Babergh	v	52.0043	1.0151
Griston	Breckland	v	52.5538	0.8639
Great Hockham	Breckland	v	52.4949	0.8755
Great Ashfield	Mid Suffolk	v	52.267	0.9257
Grimstone End	West Suffolk	v	52.2851	0.8407
Great Barton	West Suffolk	v	52.2686	0.7707
Great Livermere	West Suffolk	v	52.308	0.7667
Groton	Babergh	v	52.0408	0.8575
Great Welnetham	West Suffolk	v	52.2004	0.7481
Glemsford	Babergh	v	52.1005	0.6656
Great Waldingfield	Babergh	v	52.0582	0.7756
Gedding	Mid Suffolk	v	52.1855	0.8523
Great Green	Babergh	v	52.1673	0.8005
Greenstead Green	Braintree	v	51.9214	0.6497
Gestingthorpe	Braintree	v	52.0182	0.6388
Great Maplestead	Braintree	v	51.9761	0.6286
Great Horkesley	Colchester	v	51.9301	0.8782
Great Tey	Colchester	v	51.9004	0.749
Goldhanger	Maldon	v	51.7479	0.7516
Great Wigborough	Colchester	v	51.7988	0.8535
Great Totham	Maldon	v	51.7835	0.7101
Great Totham	Maldon	v	51.7733	0.6904
Great Braxted	Maldon	v	51.7956	0.6996
Gazeley	West Suffolk	v	52.2483	0.518
Great Saxham	West Suffolk	v	52.2445	0.6202
Great Bradley	West Suffolk	v	52.1518	0.4363
Great Wratting	West Suffolk	v	52.1068	0.4626
Great Thurlow	West Suffolk	v	52.1249	0.4504
Great Easton	Uttlesford	v	51.905	0.3352
Great Saling	Braintree	v	51.9022	0.4723
Great Yeldham	Braintree	v	52.0157	0.5635
Great Notley	Braintree	v	51.8654	0.5266
Great Sampford	Uttlesford	v	51.9924	0.3912
Great Bardfield	Braintree	v	51.9475	0.4353
Gosfield	Braintree	v	51.9365	0.592
Great Waltham	Chelmsford	v	51.7942	0.4566
Good Easter	Chelmsford	v	51.7869	0.3572
Great Leighs	Chelmsford	v	51.8267	0.5056
Galleywood	Chelmsford	v	51.7009	0.471
Gamble's Green	Braintree	v	51.8049	0.5512
Girton	South Cambridgeshire	v	52.241	0.0814
Great Chesterford	Uttlesford	v	52.0643	0.1973
Great Abington	South Cambridgeshire	v	52.1169	0.2174
Great Shelford	South Cambridgeshire	v	52.1504	0.1358
Great Wilbraham	South Cambridgeshire	v	52.1947	0.265
Grantchester	South Cambridgeshire	v	52.1813	0.0905
Great Hormead	East Hertfordshire	v	51.9509	0.0386
Great Chishill	South Cambridgeshire	v	52.029	0.0732
Gravesend	East Hertfordshire	v	51.9117	0.0914
Green Tye	East Hertfordshire	v	51.8466	0.0979
Gilston	East Hertfordshire	v	51.7895	0.0987
Great Canfield	Uttlesford	v	51.8379	0.3121
Great Hallingbury	Uttlesford	v	51.8554	0.1947
Great Paxton	Huntingdonshire	v	52.2603	-0.2284
Great Stukeley	Huntingdonshire	v	52.3564	-0.2106
Graveley	South Cambridgeshire	v	52.2605	-0.173
Great Eversden	South Cambridgeshire	v	52.1628	-0.0065
Great Gransden	Huntingdonshire	v	52.187	-0.142
Guilden Morden	South Cambridgeshire	v	52.0788	-0.1376
Gamlingay Great Heath	South Cambridgeshire	v	52.1497	-0.2247
Gamlingay	South Cambridgeshire	v	52.1556	-0.1929
Great Wymondley	North Hertfordshire	v	51.9419	-0.2364
Graveley	North Hertfordshire	v	51.9356	-0.2105
Goff's Oak	Broxbourne	v	51.7104	-0.0872
Great Amwell	East Hertfordshire	v	51.7943	-0.0137
Great Gidding	Huntingdonshire	v	52.4332	-0.3587
Glapthorn	North Northamptonshire	v	52.5015	-0.4968
Glatton	Huntingdonshire	v	52.4612	-0.3037
Great Staughton	Huntingdonshire	v	52.2682	-0.3453
Grafham	Huntingdonshire	v	52.3103	-0.2982
Gibraltar	Bedford	v	52.1104	-0.5271
Great Barford	Bedford	v	52.1583	-0.353
Green End	Bedford	v	52.1148	-0.5284
Great Denham	Bedford	v	52.1297	-0.5158
Great Offley	North Hertfordshire	v	51.9287	-0.3371
Gosmore	North Hertfordshire	v	51.9293	-0.2739
Greenfield	Central Bedfordshire	v	52.0029	-0.4658
Great Gaddesden	Dacorum	v	51.7892	-0.5128
Gustard Wood	St. Albans	v	51.8275	-0.2939
Gariannonvm Roman Fort and site of Celtic Manastery	Great Yarmouth	v	52.5871	1.6597
Gimingham	North Norfolk	v	52.8763	1.3905
Great Plumstead	Broadland	v	52.64	1.3996
Gresham	North Norfolk	v	52.899	1.2154
Gunthorpe	North Norfolk	v	52.8728	0.992
Garvestone	Breckland	v	52.6263	0.9895
Guist	Breckland	v	52.7912	0.9617
Great Walsingham	North Norfolk	v	52.9011	0.8828
Great Ryburgh	North Norfolk	v	52.8081	0.8926
Great Snoring	North Norfolk	v	52.8714	0.8921
Gressenhall	Breckland	v	52.7111	0.9071
Great Dunham	Breckland	v	52.6971	0.7706
Great Cressingham	Breckland	v	52.5804	0.7273
Great Fransham	Breckland	v	52.6851	0.8043
Great Massingham	King's Lynn and West Norfolk	v	52.7733	0.6643
Grimston	King's Lynn and West Norfolk	v	52.7723	0.549
Great Bircham	King's Lynn and West Norfolk	v	52.8615	0.6253
Gayton	King's Lynn and West Norfolk	v	52.7441	0.5571
Gooderstone	Breckland	v	52.5883	0.5999
Great Carlton	East Lindsey	v	53.3447	0.1195
Gayton le Marsh	East Lindsey	v	53.3398	0.1472
Great Steeping	East Lindsey	v	53.1582	0.1485
Gedney Dyke	South Holland	v	52.8111	0.1016
Gedney Drove End	South Holland	v	52.8405	0.1653
Gedney	South Holland	v	52.7981	0.0758
Gorefield	Fenland	v	52.6871	0.0953
Grainthorpe	East Lindsey	v	53.4531	0.0836
Grimoldby	East Lindsey	v	53.3709	0.0907
Goulceby	East Lindsey	v	53.2956	-0.1183
Gipsey Bridge	East Lindsey	v	53.0307	-0.0925
Gosberton	South Holland	v	52.8679	-0.1583
Guyhirn	Fenland	v	52.6155	0.0538
Gedney Hill	South Holland	v	52.6807	-0.0231
Glentham	West Lindsey	v	53.4031	-0.4951
Greylees	North Kesteven	v	52.9819	-0.4559
Great Hale	North Kesteven	v	52.9714	-0.2896
Grimsthorpe	South Kesteven	v	52.7954	-0.4439
Gosberton Clough	South Holland	v	52.8515	-0.233
Glinton	City of Peterborough	v	52.639	-0.2949
Greatford	South Kesteven	v	52.6936	-0.3927
Great Casterton	Rutland	v	52.6685	-0.521
Great Cowden	East Riding of Yorkshire	v	53.8614	-0.133
Gristhorpe	Scarborough	v	54.2216	-0.3332
Grindale	East Riding of Yorkshire	v	54.1251	-0.27
Great Hatfield	East Riding of Yorkshire	v	53.8693	-0.2033
Goxhill	North Lincolnshire	v	53.6776	-0.3315
Grasby	West Lindsey	v	53.5277	-0.3604
Great Limber	West Lindsey	v	53.5614	-0.2897
Godshill	Isle of Wight	v	50.6333	-1.2547
Glebeland Estate	Dorset	v	50.6347	-1.9486
Godmanstone	Dorset	v	50.7718	-2.4765
Grove	Dorset	v	50.5519	-2.427
Gittisham	East Devon	v	50.7789	-3.2298
Goveton	South Hams	v	50.3039	-3.7507
Galmpton	South Hams	v	50.2495	-3.8404
Germansweek	West Devon	v	50.7265	-4.2192
Grenofen	West Devon	v	50.5248	-4.1256
Gunnislake	Cornwall	v	50.5244	-4.2135
Golberdon	Cornwall	v	50.5173	-4.3584
Gorran Haven	Cornwall	v	50.2405	-4.7882
Golant	Cornwall	v	50.3642	-4.6422
Grampound Road	Cornwall	v	50.3183	-4.9299
Grampound	Cornwall	v	50.2993	-4.8993
Goverseth	Cornwall	v	50.3605	-4.8632
Gorran Churchtown	Cornwall	v	50.2464	-4.8078
Gerrans	Cornwall	v	50.1781	-4.9811
Gwennap	Cornwall	v	50.2171	-5.1714
Goonhavern	Cornwall	v	50.3405	-5.1093
Godolphin Cross	Cornwall	v	50.1336	-5.3487
Garras	Cornwall	v	50.0715	-5.2115
Gweek	Cornwall	v	50.0968	-5.2081
Gwithian	Cornwall	v	50.2211	-5.3856
Gwinear	Cornwall	v	50.1879	-5.3712
Goldsithney	Cornwall	v	50.1253	-5.4362
Germoe	Cornwall	v	50.1133	-5.3824
Great Kingshill	Buckinghamshire	v	51.6753	-0.7265
George Green	Buckinghamshire	v	51.5219	-0.5609
Grayshott	East Hampshire	v	51.1106	-0.7543
Grayswood	Waverley	v	51.1009	-0.6886
Graffham	Chichester	v	50.9498	-0.6805
Gallowstree Common	South Oxfordshire	v	51.5162	-1.0061
Goring	South Oxfordshire	v	51.5226	-1.1365
Great Lea Common	Wokingham	v	51.4121	-0.9796
Greywell	Hart	v	51.2572	-0.9718
Gundleton	Winchester	v	51.0957	-1.1207
Greatham	East Hampshire	v	51.0729	-0.8902
Grove	Vale of White Horse	v	51.61	-1.4215
Garford	Vale of White Horse	v	51.6613	-1.3871
Greenham	West Berkshire	v	51.3847	-1.3069
Great Coxwell	Vale of White Horse	v	51.6422	-1.6113
Goosey	Vale of White Horse	v	51.6242	-1.4869
Great Shefford	West Berkshire	v	51.4746	-1.4497
Great Bedwyn	Wiltshire	v	51.3793	-1.6013
Grateley	Test Valley	v	51.1753	-1.6046
Goodworth Clatford	Test Valley	v	51.1784	-1.4835
Greatfield	Wiltshire	v	51.5693	-1.8894
Green Hill	Wiltshire	v	51.5753	-1.9044
Goatacre	Wiltshire	v	51.4916	-1.9777
Great Durnford	Wiltshire	v	51.1441	-1.8051
Gomeldon	Wiltshire	v	51.1196	-1.7327
Great Wishford	Wiltshire	v	51.1185	-1.8863
Gaunt's Common	Dorset	v	50.8515	-1.9665
Godshill	New Forest	v	50.9337	-1.7505
Great Somerford	Wiltshire	v	51.5428	-2.054
Grittleton	Wiltshire	v	51.5186	-2.2055
Gastard	Wiltshire	v	51.4157	-2.1679
Great Hinton	Wiltshire	v	51.3303	-2.1344
Great Cheverell	Wiltshire	v	51.2882	-2.0274
Guy's Marsh	Dorset	v	50.9847	-2.2228
Gussage All Saints	Dorset	v	50.8963	-2.0027
Gussage St Michael	Dorset	v	50.9025	-2.0228
Great Elm	Mendip	v	51.2415	-2.364
Gurney Slade	Mendip	v	51.2413	-2.5415
Galhampton	South Somerset	v	51.0655	-2.5204
Glanvilles Wootton	Dorset	v	50.8725	-2.4596
Gwndy	Sir Fynwy - Monmouthshire	v	51.5791	-2.8178
Greinton	Sedgemoor	v	51.1236	-2.8362
Goldcliff	Casnewydd - Newport	v	51.543	-2.9147
Goathurst	Sedgemoor	v	51.1029	-3.0642
Goitre Coed	Merthyr Tudful - Merthyr Tydfil	v	51.6593	-3.3102
Gwaelod-y-garth	Caerdydd - Cardiff	v	51.5486	-3.2772
Gelligaer	Caerffili - Caerphilly	v	51.6641	-3.2506
Glan-y-nant	Caerffili - Caerphilly	v	51.6699	-3.2296
Groes-faen	Rhondda Cynon Taf - Rhondda Cynon Taf	v	51.521	-3.3414
Great Fossend	Mid Devon	v	50.9448	-3.3241
Glynllan	Pen-y-bont ar Ogwr - Bridgend	v	51.5732	-3.5266
Glynogwr	Pen-y-bont ar Ogwr - Bridgend	v	51.5746	-3.5083
Gilfach Goch	Pen-y-bont ar Ogwr - Bridgend	v	51.5951	-3.4773
Glyncorrwg	Castell-nedd Port Talbot - Neath Port Talbot	v	51.68	-3.6284
Graig Penllyn	Bro Morgannwg - the Vale of Glamorgan	v	51.4881	-3.4759
Goytre	Castell-nedd Port Talbot - Neath Port Talbot	v	51.5923	-3.7551
George Nympton	North Devon	v	50.9924	-3.8518
Goodleigh	North Devon	v	51.0918	-3.9972
Gowerton	Abertawe - Swansea	v	51.6478	-4.0368
Georgeham	North Devon	v	51.1371	-4.1956
Grimscott	Cornwall	v	50.8355	-4.4681
Geddington	North Northamptonshire	v	52.4364	-0.6876
Gretton	North Northamptonshire	v	52.5375	-0.6758
Great Easton	Harborough	v	52.5292	-0.7514
Grafton Underwood	North Northamptonshire	v	52.4146	-0.6433
Great Cransley	North Northamptonshire	v	52.3829	-0.7805
Great Doddington	North Northamptonshire	v	52.2742	-0.7086
Grendon	North Northamptonshire	v	52.2352	-0.7139
Great Harrowden	North Northamptonshire	v	52.3288	-0.7088
Great Addington	North Northamptonshire	v	52.3642	-0.5924
Great Brickhill	Buckinghamshire	v	51.9658	-0.6835
Great Missenden	Buckinghamshire	v	51.7041	-0.7077
Great Hampden	Buckinghamshire	v	51.7032	-0.7719
Great Bowden	Harborough	v	52.4924	-0.9047
Gartree	Harborough	v	52.4973	-0.9627
Goadby	Harborough	v	52.5819	-0.8947
Gumley	Harborough	v	52.5061	-1.0032
Great Glen	Harborough	v	52.5751	-1.0331
Glooston	Harborough	v	52.5554	-0.8943
Great Oxendon	West Northamptonshire	v	52.4435	-0.9265
Guilsborough	West Northamptonshire	v	52.3531	-1.013
Great Brington	West Northamptonshire	v	52.2791	-1.0248
Grimscote	West Northamptonshire	v	52.1765	-1.049
Great Houghton	West Northamptonshire	v	52.2215	-0.8399
Grafton Regis	West Northamptonshire	v	52.1133	-0.8952
Gayton	West Northamptonshire	v	52.1846	-0.9684
Greens Norton	West Northamptonshire	v	52.1422	-1.0249
Gawcott	Buckinghamshire	v	51.9783	-1.0063
Great Horwood	Buckinghamshire	v	51.9735	-0.8805
Granborough	Buckinghamshire	v	51.9184	-0.8855
Grendon Underwood	Buckinghamshire	v	51.8801	-1.0087
Great Milton	South Oxfordshire	v	51.7204	-1.0887
Great Haseley	South Oxfordshire	v	51.7113	-1.077
Gilmorton	Harborough	v	52.4868	-1.1601
Grandborough	Rugby	v	52.2981	-1.282
Greatworth	West Northamptonshire	v	52.0784	-1.1965
Great Bourton	Cherwell	v	52.1063	-1.3341
Garsington	South Oxfordshire	v	51.7174	-1.1618
Grendon	North Warwickshire	v	52.5927	-1.5959
Gaydon	Stratford-on-Avon	v	52.1825	-1.4713
Goldicote	Stratford-on-Avon	v	52.1589	-1.6377
Great Rollright	West Oxfordshire	v	51.9784	-1.5307
Great Tew	West Oxfordshire	v	51.9601	-1.4294
Great Wolford	Stratford-on-Avon	v	52.009	-1.6384
Great Barrington	Cotswold	v	51.8212	-1.7003
Great Alne	Stratford-on-Avon	v	52.2326	-1.8231
Guiting Power	Cotswold	v	51.9217	-1.8651
Gretton	Tewkesbury	v	51.9717	-1.9883
Greet	Tewkesbury	v	51.9674	-1.9622
Great Rissington	Cotswold	v	51.8546	-1.7116
Gospel End	South Staffordshire	v	52.5416	-2.1497
Grimley	Malvern Hills	v	52.2403	-2.2422
Guarlford	Malvern Hills	v	52.1062	-2.2736
Green Street	Malvern Hills	v	52.1393	-2.1914
Grafton Flyford	Wychavon	v	52.207	-2.0582
Great Comberton	Wychavon	v	52.0787	-2.0665
Gilbert's End	Malvern Hills	v	52.0777	-2.2654
Golden Valley	Tewkesbury	v	51.9004	-2.1434
Gotherington	Tewkesbury	v	51.9646	-2.0531
Good's Green	Wyre Forest	v	52.4252	-2.3178
Glazeley	Shropshire	v	52.4987	-2.4361
Great Witley	Malvern Hills	v	52.294	-2.3696
Gorst Hill	Wyre Forest	v	52.3557	-2.3835
Gorsley	Forest of Dean	v	51.9315	-2.4649
Golden Valley	Malvern Hills	v	52.0325	-2.3206
Gorsley Common	County of Herefordshire	v	51.9253	-2.4716
Garway	County of Herefordshire	v	51.8991	-2.796
Grosmont	Sir Fynwy - Monmouthshire	v	51.9166	-2.8683
Glewstone	County of Herefordshire	v	51.896	-2.6411
Goodrich	County of Herefordshire	v	51.8709	-2.6189
Goodrich Cross	County of Herefordshire	v	51.8685	-2.6322
Gladestry	Powys - Powys	v	52.1881	-3.1261
Gilwern	Sir Fynwy - Monmouthshire	v	51.8252	-3.0929
Glangrwyney	Powys - Powys	v	51.8399	-3.1049
Glascoed	Sir Fynwy - Monmouthshire	v	51.7098	-2.9678
Glandwr	Blaenau Gwent - Blaenau Gwent	v	51.7014	-3.142
Garn-yr-erw	Torfaen - Torfaen	v	51.7821	-3.1084
Gwehelog Common	Sir Fynwy - Monmouthshire	v	51.7351	-2.8875
Govilon	Sir Fynwy - Monmouthshire	v	51.8186	-3.0659
Great Oak	Sir Fynwy - Monmouthshire	v	51.7836	-2.892
Garthmyl	Powys - Powys	v	52.5779	-3.1878
Groesffordd	Powys - Powys	v	51.9429	-3.3469
Glasbury	Powys - Powys	v	52.0428	-3.1953
Garth	Powys - Powys	v	52.1333	-3.537
Goginan	Sir Ceredigion - Ceredigion	v	52.4125	-3.9287
Gellinudd	Castell-nedd Port Talbot - Neath Port Talbot	v	51.7212	-3.829
Garnant	Sir Gaerfyrddin - Carmarthenshire	v	51.8013	-3.9006
Gwaun-Cae-Gurwen	Castell-nedd Port Talbot - Neath Port Talbot	v	51.7907	-3.8821
Glais	Abertawe - Swansea	v	51.6884	-3.8769
Glanaman	Sir Gaerfyrddin - Carmarthenshire	v	51.8054	-3.9226
Glan-rhyd	Powys - Powys	v	51.7709	-3.7648
Gorof	Powys - Powys	v	51.7751	-3.7635
Gilfachreda	Sir Ceredigion - Ceredigion	v	52.2047	-4.3278
Gorsgoch	Sir Ceredigion - Ceredigion	v	52.1304	-4.2146
Gwyddgrug	Sir Gaerfyrddin - Carmarthenshire	v	51.9984	-4.2368
Gorslas	Sir Gaerfyrddin - Carmarthenshire	v	51.8043	-4.0749
Grovesend	Abertawe - Swansea	v	51.689	-4.0383
Gors-goch	Sir Gaerfyrddin - Carmarthenshire	v	51.7972	-4.0674
Golden Grove	Sir Gaerfyrddin - Carmarthenshire	v	51.8565	-4.0483
Gwbert	Sir Ceredigion - Ceredigion	v	52.1173	-4.684
Glandy Cross	Sir Gaerfyrddin - Carmarthenshire	v	51.9065	-4.6995
Gunthorpe	North Lincolnshire	v	53.4657	-0.7857
Grayingham	West Lindsey	v	53.4538	-0.5939
Glentworth	West Lindsey	v	53.3814	-0.5791
Great Ponton	South Kesteven	v	52.8633	-0.626
Great Gonerby	South Kesteven	v	52.9349	-0.6667
Greetham	Rutland	v	52.7206	-0.6283
Glaston	Rutland	v	52.5942	-0.6787
Graizelound	North Lincolnshire	v	53.4784	-0.8326
Gringley on the Hill	Bassetlaw	v	53.4085	-0.8912
Gamston	Bassetlaw	v	53.2793	-0.939
Grove	Bassetlaw	v	53.3087	-0.8923
Gonalston	Newark and Sherwood	v	53.02	-0.9887
Gunthorpe	Newark and Sherwood	v	52.993	-0.9901
Goadby Marwood	Melton	v	52.8289	-0.8433
Gamston	Rushcliffe	v	52.929	-1.1032
Grimston	Melton	v	52.79	-0.9851
Granby	Rushcliffe	v	52.9191	-0.8866
Gaulby	Harborough	v	52.6024	-0.9768
Gaddesby	Melton	v	52.7098	-0.9848
Great Dalby	Melton	v	52.7235	-0.8983
Greasbrough	Rotherham	v	53.4518	-1.3661
Grassmoor	North East Derbyshire	v	53.1993	-1.396
Glapwell	Bolsover	v	53.1886	-1.2834
Golden Valley	Amber Valley	v	53.0562	-1.371
Gotham	Rushcliffe	v	52.8673	-1.2058
Griffydam	North West Leicestershire	v	52.7675	-1.3908
Groby	Hinckley and Bosworth	v	52.6628	-1.225
Grenoside	Sheffield	v	53.4423	-1.5028
Green Moor	Barnsley	v	53.4913	-1.5763
Grindleford	Derbyshire Dales	v	53.2943	-1.6372
Great Longstone	Derbyshire Dales	v	53.2419	-1.6986
Gamesley	High Peak	v	53.4484	-1.984
Great Hucklow	Derbyshire Dales	v	53.2981	-1.7367
Grindon	Staffordshire Moorlands	v	53.0856	-1.8732
Great Cubley	Derbyshire Dales	v	52.9404	-1.7552
Gentleshaw	Lichfield	v	52.7028	-1.923
Gawsworth	Cheshire East	v	53.231	-2.169
Great Warford	Cheshire East	v	53.2896	-2.2762
Gnosall	Stafford	v	52.7856	-2.2548
Great Bridgeford	Stafford	v	52.84	-2.1729
Great Haywood	Stafford	v	52.8017	-2.0059
Gayton	Stafford	v	52.8539	-2.0271
Gnosall Heath	Stafford	v	52.78	-2.2604
Great Wyrley	South Staffordshire	v	52.6609	-2.013
Gailey	South Staffordshire	v	52.6921	-2.1247
Glazebury	Warrington	v	53.4693	-2.4943
Glazebrook	Warrington	v	53.4291	-2.4613
Goostrey	Cheshire East	v	53.2264	-2.3324
Great Budworth	Cheshire West and Chester	v	53.2944	-2.5053
Great Bolas	Telford and Wrekin	v	52.7902	-2.5213
Great Barrow	Cheshire West and Chester	v	53.2102	-2.7938
Guilden Sutton	Cheshire West and Chester	v	53.2073	-2.8288
Grindley Brook	Shropshire	v	52.9838	-2.7138
Grinshill	Shropshire	v	52.8062	-2.7129
Great Ryton	Shropshire	v	52.6277	-2.7578
Grafton	Shropshire	v	52.7595	-2.8368
Greasby	Wirral	v	53.3773	-3.1198
Garden City	Sir y Fflint - Flintshire	v	53.2139	-3.0089
Gwernymynydd	Sir y Fflint - Flintshire	v	53.1529	-3.1766
Gwernaffield-y-Waun	Sir y Fflint - Flintshire	v	53.1713	-3.1885
Garth	Wrecsam - Wrexham	v	52.9792	-3.1114
Gegin	Wrecsam - Wrexham	v	53.0634	-3.0865
Gresford	Wrecsam - Wrexham	v	53.0851	-2.9722
Gwersyllt	Wrecsam - Wrexham	v	53.0739	-3.0172
Gwynfryn	Wrecsam - Wrexham	v	53.0667	-3.1048
Graianrhyd	Sir Ddinbych - Denbighshire	v	53.0968	-3.1686
Garth Trevor	Wrecsam - Wrexham	v	52.9755	-3.1011
Greenfields	Wrecsam - Wrexham	v	53.1099	-2.9723
Gobowen	Shropshire	v	52.8961	-3.037
Glyn Ceiriog	Wrecsam - Wrexham	v	52.9335	-3.1873
Gronant	Sir y Fflint - Flintshire	v	53.3384	-3.3646
Gwespyr	Sir y Fflint - Flintshire	v	53.3383	-3.3385
Gwaenysgor	Sir y Fflint - Flintshire	v	53.3205	-3.3893
Gorsedd	Sir y Fflint - Flintshire	v	53.2794	-3.2723
Gellifor	Sir Ddinbych - Denbighshire	v	53.1508	-3.312
Greenfield	Sir y Fflint - Flintshire	v	53.2891	-3.21
Green	Sir Ddinbych - Denbighshire	v	53.2047	-3.4086
Groes	Conwy - Conwy	v	53.1703	-3.4874
Graig-fechan	Sir Ddinbych - Denbighshire	v	53.0785	-3.2735
Glyndyfrdwy	Sir Ddinbych - Denbighshire	v	52.9754	-3.2679
Gwyddelwern	Sir Ddinbych - Denbighshire	v	53.0101	-3.3786
Glanwydden	Conwy - Conwy	v	53.3069	-3.7761
Gwytherin	Conwy - Conwy	v	53.1398	-3.6811
Glantwymyn	Powys - Powys	v	52.625	-3.7401
Glan-yr-afon	Sir Ynys Mon - Isle of Anglesey	v	53.3075	-4.0929
Garreg	Gwynedd - Gwynedd	v	52.9543	-4.0646
Gellilydan	Gwynedd - Gwynedd	v	52.9399	-3.9594
Ganllwyd	Gwynedd - Gwynedd	v	52.8063	-3.8894
Groeslon	Gwynedd - Gwynedd	v	53.1204	-4.2019
Glasinfryn	Gwynedd - Gwynedd	v	53.1999	-4.1182
Gallt-y-foel	Gwynedd - Gwynedd	v	53.1395	-4.1225
Gaerwen	Sir Ynys Mon - Isle of Anglesey	v	53.2229	-4.2779
Groeslon	Gwynedd - Gwynedd	v	53.0768	-4.2759
Garndolbenmaen	Gwynedd - Gwynedd	v	52.9739	-4.2394
Glan-yr-afon	Sir Ynys Mon - Isle of Anglesey	v	53.2863	-4.4109
Gwalchmai	Sir Ynys Mon - Isle of Anglesey	v	53.2591	-4.4173
Groesffordd	Gwynedd - Gwynedd	v	52.9261	-4.5696
Ganton	Ryedale	v	54.1853	-0.4886
Goodmanham	East Riding of Yorkshire	v	53.8764	-0.6493
Garton-on-the-Wolds	East Riding of Yorkshire	v	54.0235	-0.5067
Gilberdyke	East Riding of Yorkshire	v	53.7523	-0.7409
Gunness	North Lincolnshire	v	53.5908	-0.7283
Garthorpe	North Lincolnshire	v	53.6612	-0.7142
Greetwell	North Lincolnshire	v	53.5327	-0.5774
Gillamoor	Ryedale	v	54.3008	-0.9532
Great Edstone	Ryedale	v	54.2469	-0.9175
Gilling East	Ryedale	v	54.1855	-1.0571
Great Barugh	Ryedale	v	54.2026	-0.8588
Great Habton	Ryedale	v	54.1768	-0.8392
Gate Helmsley	Ryedale	v	53.9899	-0.945
Gowdall	East Riding of Yorkshire	v	53.6937	-1.0633
Great Ouseburn	Harrogate	v	54.0528	-1.3224
Grafton	Harrogate	v	54.0646	-1.3655
Green Hammerton	Harrogate	v	54.0053	-1.3011
Great Heck	Selby	v	53.6821	-1.104
Gateforth	Selby	v	53.7511	-1.1529
Great Preston	Leeds	v	53.7608	-1.392
Great Houghton	Barnsley	v	53.5523	-1.3476
Grimethorpe	Barnsley	v	53.5753	-1.379
Great Langton	Hambleton	v	54.3632	-1.546
Great Crakehall	Hambleton	v	54.3041	-1.6271
Great Fencote	Hambleton	v	54.3378	-1.5646
Galphay	Harrogate	v	54.149	-1.6146
Grewelthorpe	Harrogate	v	54.1816	-1.6488
Goldsborough	Harrogate	v	54.0002	-1.4196
Gildersome	Leeds	v	53.759	-1.6321
Gomersal	Kirklees	v	53.7298	-1.684
Grange Moor	Kirklees	v	53.6399	-1.6694
Gawber	Barnsley	v	53.561	-1.5081
Grinton	Richmondshire	v	54.3809	-1.9298
Greenhow	Harrogate	v	54.0734	-1.8296
Grassington	Craven	v	54.0737	-1.9964
Glasshouses	Harrogate	v	54.0768	-1.7359
Goose Eye	Bradford	v	53.862	-1.9578
Gayle	Richmondshire	v	54.2989	-2.1992
Gunnerside	Richmondshire	v	54.3794	-2.0783
Giggleswick	Craven	v	54.0718	-2.2881
Gargrave	Craven	v	53.9832	-2.1054
Gisburn	Ribble Valley	v	53.9351	-2.2651
Grasscroft	Oldham	v	53.5377	-2.0231
Grains Bar	Oldham	v	53.574	-2.0584
Garsdale	South Lakeland	v	54.3033	-2.3832
Grindleton	Ribble Valley	v	53.9059	-2.3658
Green Haworth	Hyndburn	v	53.7329	-2.3698
Great Mitton	Ribble Valley	v	53.8462	-2.435
Grimeford Village	Chorley	v	53.6123	-2.5771
Gatebeck	South Lakeland	v	54.2641	-2.6952
Grayrigg	South Lakeland	v	54.368	-2.649
Gressingham	Lancaster	v	54.124	-2.6586
Galgate	Lancaster	v	53.9917	-2.789
Great Eccleston	Wyre	v	53.8549	-2.8707
Glasson	Lancaster	v	53.9977	-2.8486
Gregson Lane	South Ribble	v	53.7338	-2.6194
Grimsargh	Preston	v	53.8044	-2.6333
Goosnargh	Preston	v	53.8258	-2.6714
Greenodd	South Lakeland	v	54.2334	-3.0536
Grizebeck	South Lakeland	v	54.2559	-3.1698
Ghyll Head	South Lakeland	v	54.327	-2.9349
Great Urswick	South Lakeland	v	54.1627	-3.1215
Gleaston	South Lakeland	v	54.1278	-3.1381
Great Plumpton	Fylde	v	53.7928	-2.9346
Great Altcar	West Lancashire	v	53.5496	-3.021
Grosmont	Scarborough	v	54.4356	-0.7206
Goathland	Scarborough	v	54.4	-0.7207
Glaisdale	Scarborough	v	54.4386	-0.8063
Grangetown	Redcar and Cleveland	v	54.5766	-1.1466
Greatham	Hartlepool	v	54.6408	-1.2374
Great Broughton	Hambleton	v	54.4494	-1.1576
Great Ayton	Hambleton	v	54.4885	-1.1323
Guide Post	Northumberland	v	55.1607	-1.6006
Great Lumley	County Durham	v	54.8373	-1.5412
Grange Villa	County Durham	v	54.8614	-1.6384
Great Smeaton	Hambleton	v	54.4341	-1.4629
Greenside	Gateshead	v	54.9536	-1.7836
Great Whittington	Northumberland	v	55.0318	-1.9931
Gilling West	Richmondshire	v	54.4419	-1.7189
Gayles	Richmondshire	v	54.4618	-1.8093
Gainford	County Durham	v	54.5464	-1.7386
Gunnerton	Northumberland	v	55.0694	-2.1487
Greenhead	Northumberland	v	54.982	-2.5344
Gilsland	Carlisle	v	54.9959	-2.5756
Garrigill	Eden	v	54.7687	-2.399
Gamblesby	Eden	v	54.7491	-2.6085
Great Asby	Eden	v	54.5115	-2.4974
Great Ormside	Eden	v	54.5501	-2.4636
Great Corby	Carlisle	v	54.8834	-2.8206
Glen Dowlin	Eden	v	54.6352	-2.756
Greystoke	Eden	v	54.67	-2.8695
Glassonby	Eden	v	54.7422	-2.6596
Great Strickland	Eden	v	54.5982	-2.6878
Great Salkeld	Eden	v	54.7228	-2.6986
Gretna	Dumfries and Galloway	v	54.9953	-3.0669
Gretna Green	Dumfries and Galloway	v	55.0026	-3.067
Glasson	Allerdale	v	54.9332	-3.1687
Grinsdale	Carlisle	v	54.9119	-2.9868
Great Orton	Carlisle	v	54.8764	-3.0482
Glenridding	Eden	v	54.5451	-2.9527
Grange	Allerdale	v	54.5471	-3.1567
Grasmere	South Lakeland	v	54.4592	-3.0251
Greenlea	Dumfries and Galloway	v	55.0622	-3.5208
Great Broughton	Allerdale	v	54.6683	-3.4361
Gilcrux	Allerdale	v	54.7291	-3.3775
Gilgarran	Copeland	v	54.5933	-3.4996
Greysouthen	Allerdale	v	54.6476	-3.4405
Great Clifton	Allerdale	v	54.6533	-3.4885
Gosforth	Copeland	v	54.4186	-3.4389
Galemire	Copeland	v	54.5274	-3.546
Glencaple	Dumfries and Galloway	v	55.0033	-3.5707
Grayson Green	Allerdale	v	54.6098	-3.5558
Gelston	Dumfries and Galloway	v	54.9074	-3.9196
Garlieston	Dumfries and Galloway	v	54.7899	-4.37
Glentrool Village	Dumfries and Galloway	v	55.0737	-4.5699
Glenluce	Dumfries and Galloway	v	54.8802	-4.8086
Glanton	Northumberland	v	55.4244	-1.8908
Grantshouse	Scottish Borders	v	55.883	-2.2971
Gavinton	Scottish Borders	v	55.7621	-2.3728
Greenlaw	Scottish Borders	v	55.7068	-2.4616
Gordon	Scottish Borders	v	55.6806	-2.5644
Gullane	East Lothian	v	56.0355	-2.8297
Gladsmuir	East Lothian	v	55.9497	-2.867
Garvald	East Lothian	v	55.9287	-2.6612
Gifford	East Lothian	v	55.9035	-2.7453
Gattonside	Scottish Borders	v	55.6082	-2.7259
Gorebridge	Midlothian	v	55.8442	-3.0494
Gowkshill	Midlothian	v	55.8578	-3.0564
Gowkhall	Fife	v	56.0847	-3.5263
Gairney Bank	Perth and Kinross	v	56.1776	-3.4084
Glen Village	Falkirk	v	55.9853	-3.7874
Glespin	South Lanarkshire	v	55.5324	-3.8946
Gargunnock	Stirling	v	56.1255	-4.0869
Glenmavis	North Lanarkshire	v	55.8864	-3.996
Glenboig	North Lanarkshire	v	55.8934	-4.0458
Greengairs	North Lanarkshire	v	55.9137	-3.9416
Gartness	North Lanarkshire	v	55.8554	-3.9438
Gartcosh	North Lanarkshire	v	55.8892	-4.0825
Glassford	South Lanarkshire	v	55.7003	-4.029
Greenlees	South Lanarkshire	v	55.8062	-4.1712
Gartocharn	West Dunbartonshire	v	56.0392	-4.5293
Gartmore	Stirling	v	56.1464	-4.3799
Garelochhead	Argyll and Bute	v	56.0814	-4.8283
Gateside	North Ayrshire	v	55.7479	-4.6091
Glengarnock	North Ayrshire	v	55.7403	-4.6791
Glac a' Mhuilinn	Argyll and Bute	v	55.795	-5.4844
Glenbarr	Argyll and Bute	v	55.5676	-5.6966
Gourdon	Aberdeenshire	v	56.8281	-2.2871
Guardbridge	Fife	v	56.3591	-2.8905
Glamis	Angus	v	56.6084	-3.0038
Gauldry	Fife	v	56.4028	-3.0104
Grange	Perth and Kinross	v	56.4152	-3.1813
Grange of Lindores	Fife	v	56.3353	-3.2071
Gellyburn	Perth and Kinross	v	56.5347	-3.4721
Guildtown	Perth and Kinross	v	56.4752	-3.4083
Glencarse	Perth and Kinross	v	56.3797	-3.3028
Glenfarg	Perth and Kinross	v	56.2799	-3.3999
Gateside	Fife	v	56.2671	-3.3222
Glenlomond	Perth and Kinross	v	56.229	-3.3423
Gilmerton	Perth and Kinross	v	56.392	-3.8055
Glenalmond	Perth and Kinross	v	56.4352	-3.6637
Glendevon	Perth and Kinross	v	56.2251	-3.6408
Greenloaning	Perth and Kinross	v	56.2426	-3.8827
Glencoe	Highland	v	56.6821	-5.1042
Gleann Fhionnainn	Highland	v	56.8701	-5.4468
Ganavan	Argyll and Bute	v	56.4345	-5.4723
Gardenstown	Aberdeenshire	v	57.6708	-2.3334
Garmond	Aberdeenshire	v	57.5603	-2.325
Garlogie	Aberdeenshire	v	57.1389	-2.3621
Gartly	Aberdeenshire	v	57.3787	-2.7974
Glenkindie	Aberdeenshire	v	57.2101	-2.9297
Garmouth	Moray	v	57.6627	-3.115
Glenlivet	Moray	v	57.3423	-3.3378
Golspie	Highland	v	57.9736	-3.9755
Gorthleck	Highland	v	57.2427	-4.4406
Garve	Highland	v	57.6131	-4.688
Gairloch	Highland	v	57.728	-5.6904
Glenelg	Highland	v	57.2123	-5.622
Gleann Dail	Highland	v	57.4485	-6.7079
Griminis	Na h-Eileanan an Iar	v	57.4421	-7.3516
Gerraidh na Mnadh	Na h-Eileanan an Iar	v	57.1229	-7.3811
Gillock	Highland	v	58.5167	-3.3557
Glengolly	Highland	v	58.5715	-3.5458
Griais	Na h-Eileanan an Iar	v	58.2989	-6.2896
Gabhsann bho Dheas	Na h-Eileanan an Iar	v	58.4414	-6.3924
Garrabost	Na h-Eileanan an Iar	v	58.2149	-6.2339
Gravir	Na h-Eileanan an Iar	v	58.0495	-6.4395
Greenigoe	Orkney Islands	v	58.9539	-3.0161
Gott	Shetland Islands	v	60.1944	-1.2229
Gulberwick	Shetland Islands	v	60.1282	-1.2076
Grove	Canterbury	h	51.3137	1.2109
Gore Street	Thanet	h	51.3403	1.2626
Gravel Castle	Canterbury	h	51.2042	1.166
Gibraltar	Folkestone and Hythe	h	51.1078	1.1522
Goodnestone	Swale	h	51.316	0.9358
Garlinge Green	Canterbury	h	51.2332	1.0254
Gushmere	Swale	h	51.2793	0.9298
Greet	Swale	h	51.2636	0.7585
Goose Green	Ashford	h	51.1076	0.6315
Goddard's Green	Tunbridge Wells	h	51.0806	0.5921
Goatham Green	Rother	h	50.9526	0.5841
Guestling Thorn	Rother	h	50.9109	0.6285
Great Maxfield	Rother	h	50.9072	0.6065
Green Street	Brentwood	h	51.6727	0.3533
Gold Street	Gravesham	h	51.3858	0.3849
Gadshill	Gravesham	h	51.4097	0.4601
Goose Green	Tonbridge and Malling	h	51.2342	0.356
Green Hill	Maidstone	h	51.2563	0.5753
Golford	Tunbridge Wells	h	51.1001	0.5667
Gun Green	Tunbridge Wells	h	51.0502	0.5321
Glassenbury	Tunbridge Wells	h	51.1038	0.4988
Ginger's Green	Wealden	h	50.8908	0.307
Green Street	Rother	h	50.8786	0.5104
Grove Hill	Wealden	h	50.9035	0.2758
Golden Cross	Wealden	h	50.8755	0.3178
Grubb Street	Dartford	h	51.4071	0.2821
Goodley Stock	Sevenoaks	h	51.2453	0.0593
Gun Hill	Wealden	h	50.9072	0.2233
Glyndebourne	Lewes	h	50.8736	0.0674
Grafham	Waverley	h	51.1657	-0.5389
Green Street	Horsham	h	50.994	-0.3693
Gay Street	Horsham	h	50.9722	-0.4619
Goose Green	Horsham	h	50.9528	-0.4057
Greatham	Horsham	h	50.9329	-0.517
Gisleham	East Suffolk	h	52.4368	1.6975
Gedgrave	East Suffolk	h	52.0837	1.5091
Great Green	South Norfolk	h	52.4561	1.3532
Goose Green	South Norfolk	h	52.4507	1.1005
Guilt Cross	Breckland	h	52.4217	0.9682
Gipping	Mid Suffolk	h	52.2282	1.0309
Great Green	Mid Suffolk	h	52.3441	1.0538
Gibraltar	East Suffolk	h	52.1405	1.2
Gipsy Row	Babergh	h	52.0093	1.0198
Goose Green	Tendring	h	51.8841	1.1104
Goose Green	Tendring	h	51.9051	1.1079
Gasthorpe	Breckland	h	52.3904	0.9031
Great Green	Mid Suffolk	h	52.2569	0.8385
Gulling Green	West Suffolk	h	52.1765	0.6729
Gosling Green	Babergh	h	52.0451	0.8748
Gallows Green	Colchester	h	51.9018	0.7952
Great Henny	Braintree	h	52.0069	0.7149
Great Canney	Maldon	h	51.6726	0.6519
Genesis Green	West Suffolk	h	52.1874	0.5585
Gallows Green	Uttlesford	h	51.9189	0.3673
Gainsford End	Braintree	h	51.9912	0.5136
Gransmore Green	Uttlesford	h	51.8747	0.4601
Grass Green	Braintree	h	52.0155	0.5266
Gay Bowers	Chelmsford	h	51.7084	0.5904
Gubbion's Green	Chelmsford	h	51.8318	0.5198
Gold Hill	East Cambridgeshire	h	52.5069	0.2572
Gaunt's End	Uttlesford	h	51.9065	0.2519
Green Street	East Hertfordshire	h	51.8779	0.112
Greensted Green	Epping Forest	h	51.708	0.2043
Greenhill	Uttlesford	h	51.8443	0.2539
Greensted	Epping Forest	h	51.7037	0.2273
Gaston Green	Uttlesford	h	51.8315	0.1737
Great Raveley	Huntingdonshire	h	52.4152	-0.1594
Great Green	South Cambridgeshire	h	52.0846	-0.1271
Great Munden	East Hertfordshire	h	51.8986	-0.0282
Green End	North Hertfordshire	h	51.985	-0.0665
Green End	Central Bedfordshire	h	52.0291	-0.445
Great Hautbois	Broadland	h	52.7385	1.3487
Grub Street	North Norfolk	h	52.8175	1.523
Glandford	North Norfolk	h	52.9322	1.038
Guestwick	Broadland	h	52.8019	1.0567
Guestwick Green	Broadland	h	52.7957	1.0476
Great Melton	South Norfolk	h	52.6165	1.1437
Great Barwick	King's Lynn and West Norfolk	h	52.8852	0.6909
Gateley	Breckland	h	52.7793	0.9081
Gayton Thorpe	King's Lynn and West Norfolk	h	52.7367	0.5815
Guy's Head	South Holland	h	52.8094	0.2056
Grainsby	East Lindsey	h	53.4765	-0.0744
Girsby	East Lindsey	h	53.3669	-0.1755
Grimblethorpe	East Lindsey	h	53.3601	-0.1427
Gayton le Wold	East Lindsey	h	53.3559	-0.1429
Great Sturton	East Lindsey	h	53.2733	-0.1791
Goltho	West Lindsey	h	53.2767	-0.3258
Great Humby	South Kesteven	h	52.8789	-0.5058
Graby	South Kesteven	h	52.8533	-0.3698
Grimston	East Riding of Yorkshire	h	53.7977	-0.0554
Gransmoor	East Riding of Yorkshire	h	54.0195	-0.2895
Gembling	East Riding of Yorkshire	h	53.9976	-0.3101
Ganstead	East Riding of Yorkshire	h	53.7908	-0.2588
Great Thorness	Isle of Wight	h	50.7307	-1.3613
Godwinscroft	New Forest	h	50.7691	-1.7268
Galton	Dorset	h	50.6657	-2.3166
Grimstone	Dorset	h	50.7491	-2.5119
Gosford	East Devon	h	50.7673	-3.2816
Gidleigh	West Devon	h	50.68	-3.8821
Great Weeke	West Devon	h	50.6738	-3.8205
Goodstone	Teignbridge	h	50.5337	-3.713
Green Lane	Teignbridge	h	50.5809	-3.72
Goodshelter	South Hams	h	50.2363	-3.734
Gulworthy	West Devon	h	50.5344	-4.1928
Gabber	South Hams	h	50.329	-4.0998
Goosewell	Cornwall	h	50.5636	-4.3032
Gluvian	Cornwall	h	50.4428	-4.9347
Goonabarn	Cornwall	h	50.3575	-4.8718
Goonamarris	Cornwall	h	50.3596	-4.8777
Goonpiper	Cornwall	h	50.2185	-5.0598
Goonvrea	Cornwall	h	50.3028	-5.218
Gilbert's Coombe	Cornwall	h	50.2483	-5.2406
Greensplat	Cornwall	h	50.2202	-5.1317
Gillan	Cornwall	h	50.0838	-5.0979
Gunwalloe	Cornwall	h	50.0577	-5.2759
Gwenter	Cornwall	h	50.0184	-5.1534
Gwallon	Cornwall	h	50.1359	-5.4644
Georgia	Cornwall	h	50.1731	-5.5271
Grumbla	Cornwall	h	50.1104	-5.6312
Great Bosullow	Cornwall	h	50.1462	-5.6209
Great Work	Cornwall	h	50.1269	-5.3711
Green End	Buckinghamshire	h	51.6528	-0.8397
Gardeners Green	Wokingham	h	51.3932	-0.8138
Gatwick	Guildford	h	51.1969	-0.6943
Green Cross	Waverley	h	51.1357	-0.7667
Great Enton	Waverley	h	51.1512	-0.6399
Greenfield	South Oxfordshire	h	51.6209	-0.9749
Greys Green	South Oxfordshire	h	51.5398	-0.9584
Greenlands	Buckinghamshire	h	51.5636	-0.8829
Grazeley	Wokingham	h	51.3945	-0.9982
Goring Heath	South Oxfordshire	h	51.5109	-1.058
Grazeley Green	West Berkshire	h	51.3993	-1.0254
Goddard's Green	West Berkshire	h	51.3933	-1.0441
Golden Pot	East Hampshire	h	51.1842	-0.987
Gozzard's Ford	Vale of White Horse	h	51.6844	-1.3244
Goose Hill	Basingstoke and Deane	h	51.362	-1.2289
Gore End	Basingstoke and Deane	h	51.3701	-1.4
Glebe	Winchester	h	50.935	-1.2122
Gilbury Hard	New Forest	h	50.8019	-1.4074
Gainfield	Vale of White Horse	h	51.6583	-1.4979
Gritnam	New Forest	h	50.8574	-1.5995
Grittenham	Wiltshire	h	51.5441	-1.9477
Gore Cross	Wiltshire	h	51.2588	-1.9873
Gaunts	Dorset	h	50.8415	-1.9737
Grange	Dorset	h	50.8222	-1.9748
Gunville	New Forest	h	50.9065	-1.7662
Gotham	Dorset	h	50.9003	-1.8816
God's Blessing Green	Dorset	h	50.8276	-1.9568
Godshill Wood	New Forest	h	50.9416	-1.7557
Garsdon	Wiltshire	h	51.5894	-2.0461
Greenman's Lane	Wiltshire	h	51.5284	-2.0119
Giddeahall	Wiltshire	h	51.4709	-2.2077
Great Ashley	Wiltshire	h	51.357	-2.27
Great Chalfield	Wiltshire	h	51.3683	-2.2023
Gutch Common	Wiltshire	h	51.0312	-2.1507
Gussage St Andrew	Dorset	h	50.9287	-2.0377
Grovesend	South Gloucestershire	h	51.599	-2.4969
Gaunt's Earthcott	South Gloucestershire	h	51.5555	-2.5238
Green Parlour	Bath and North East Somerset	h	51.2881	-2.4215
Gare Hill	Wiltshire	h	51.1595	-2.3164
Gasper	Wiltshire	h	51.0963	-2.3405
Goathill	Dorset	h	50.9533	-2.4623
Gannetts	Dorset	h	50.9761	-2.2932
Gaer-fawr	Sir Fynwy - Monmouthshire	h	51.6818	-2.8098
Green Ore	Mendip	h	51.2495	-2.6053
Greylake Fosse	Sedgemoor	h	51.1145	-2.8526
Greenham	Dorset	h	50.8388	-2.8421
Gore	Dorset	h	50.9686	-2.5814
Glenside	Caerffili - Caerphilly	h	51.6139	-3.1234
Gothelney Green	Sedgemoor	h	51.1334	-3.0668
Gotton	Somerset West and Taunton	h	51.0526	-3.0733
Gwrhay	Caerffili - Caerphilly	h	51.6876	-3.1806
Gwern-y-Steeple	Bro Morgannwg - the Vale of Glamorgan	h	51.4702	-3.3307
Golsoncott	Somerset West and Taunton	h	51.1423	-3.3919
Greenham	Somerset West and Taunton	h	50.9741	-3.3142
Garlandhayes	Mid Devon	h	50.9363	-3.177
Gunn	North Devon	h	51.0845	-3.9526
Guineaford	North Devon	h	51.1185	-4.0743
Guscott	Torridge	h	50.993	-4.1347
Goldworthy	Torridge	h	50.9822	-4.2923
Gooseham	Cornwall	h	50.9187	-4.5193
Gayhurst	Milton Keynes	h	52.1111	-0.7588
Grove	Buckinghamshire	h	51.8936	-0.6662
Great Kimble	Buckinghamshire	h	51.7469	-0.8075
Greatgap	Buckinghamshire	h	51.8426	-0.6383
Gubblecote	Dacorum	h	51.8274	-0.6884
Green Hailey	Buckinghamshire	h	51.7207	-0.8024
Godington	Cherwell	h	51.9413	-1.0729
Gibraltar	Buckinghamshire	h	51.7916	-0.9018
Gagingwell	West Oxfordshire	h	51.923	-1.4077
Glympton	West Oxfordshire	h	51.8917	-1.3813
Great Purston	West Northamptonshire	h	52.0515	-1.2473
Gosford	Cherwell	h	51.8134	-1.2703
Green End	North Warwickshire	h	52.4731	-1.6249
Griff	Nuneaton and Bedworth	h	52.4949	-1.4737
Great Pinley	Warwick	h	52.293	-1.6872
Grafton	West Oxfordshire	h	51.704	-1.6108
Grove End	North Warwickshire	h	52.553	-1.7551
Gilson	North Warwickshire	h	52.5081	-1.7214
Gorcott Hill	Stratford-on-Avon	h	52.3171	-1.866
Green Lane	Stratford-on-Avon	h	52.2793	-1.9043
Goom's Hill	Wychavon	h	52.1896	-1.9677
Gretton Fields	Tewkesbury	h	51.9821	-1.9978
Ganborough	Cotswold	h	51.9609	-1.7486
Gospel Ash	South Staffordshire	h	52.5212	-2.258
Great Moor	South Staffordshire	h	52.5834	-2.2435
Greensforge	South Staffordshire	h	52.4957	-2.2071
Gallows Green	Wychavon	h	52.2621	-2.0932
Goosehill Green	Wychavon	h	52.249	-2.0993
Gilvers Lane	Malvern Hills	h	52.0708	-2.2721
Green Street	Malvern Hills	h	52.0602	-2.1834
Great Washbourne	Tewkesbury	h	52.0083	-2.0214
Grafton	Wychavon	h	52.0328	-2.0207
Great Witcombe	Tewkesbury	h	51.8314	-2.1314
Greenway	Wyre Forest	h	52.336	-2.3827
Grendon Green	County of Herefordshire	h	52.2092	-2.5867
Grittlesend	County of Herefordshire	h	52.142	-2.3995
Greenhill	County of Herefordshire	h	52.1332	-2.4089
Green Lane	County of Herefordshire	h	52.1047	-2.553
Glasshouse	Forest of Dean	h	51.8899	-2.4233
Greenway	Forest of Dean	h	51.996	-2.4349
Gadfield Elm	Malvern Hills	h	51.9798	-2.3125
Grange Village	Forest of Dean	h	51.8075	-2.4686
Green Bottom	Forest of Dean	h	51.8365	-2.473
Gossington	Stroud	h	51.7185	-2.3829
Gatcombe	Forest of Dean	h	51.7474	-2.4658
Gatwick	Forest of Dean	h	51.8214	-2.3832
Gretton	Shropshire	h	52.5526	-2.7181
Gilberries	Shropshire	h	52.5399	-2.7188
Greete	Shropshire	h	52.3333	-2.6252
Grafton	Malvern Hills	h	52.2459	-2.619
Grantsfield	County of Herefordshire	h	52.2379	-2.6927
Garway Hill	County of Herefordshire	h	51.934	-2.8112
Great Brampton	County of Herefordshire	h	52.025	-2.8597
Grafton	County of Herefordshire	h	52.0308	-2.7342
Green Crize	County of Herefordshire	h	52.0318	-2.7076
Ganarew	County of Herefordshire	h	51.8435	-2.6842
Gwernesni	Sir Fynwy - Monmouthshire	h	51.7116	-2.8476
Gilfach	County of Herefordshire	h	52.0017	-2.9573
Goetre	Sir Fynwy - Monmouthshire	h	51.7479	-2.9754
Glanmule	Powys - Powys	h	52.5056	-3.2347
Green Lane	Powys - Powys	h	52.5534	-3.2207
Glanrhyd	Powys - Powys	h	52.5313	-3.3864
Gaufron	Powys - Powys	h	52.3009	-3.4676
Gravel	Powys - Powys	h	52.3433	-3.1969
Gwystre	Powys - Powys	h	52.2806	-3.3689
Glascwm	Powys - Powys	h	52.1708	-3.2324
Gwenddwr	Powys - Powys	h	52.0798	-3.3645
Garthbrengy	Powys - Powys	h	51.9915	-3.3912
Gaer	Powys - Powys	h	51.888	-3.2081
Glanhanog	Powys - Powys	h	52.5798	-3.556
Glan-y-nant	Powys - Powys	h	52.4499	-3.5718
Glyntawe	Powys - Powys	h	51.8352	-3.6761
Glandyfi	Sir Ceredigion - Ceredigion	h	52.5548	-3.925
Glaspwll	Powys - Powys	h	52.5617	-3.8619
Glanwern	Sir Ceredigion - Ceredigion	h	52.4793	-4.0433
Graig-Fawr	Abertawe - Swansea	h	51.7251	-4.0237
Garnswllt	Abertawe - Swansea	h	51.7628	-3.9937
Gartheli	Sir Ceredigion - Ceredigion	h	52.1884	-4.0705
Glanrhyd	Sir Ceredigion - Ceredigion	h	52.0396	-4.253
Glandwr	Sir Gaerfyrddin - Carmarthenshire	h	52.044	-4.5342
Glynarthen	Sir Ceredigion - Ceredigion	h	52.1089	-4.4721
Glogue	Sir Benfro - Pembrokeshire	h	51.9625	-4.5972
Gellywen	Sir Gaerfyrddin - Carmarthenshire	h	51.8875	-4.51
Glyn-teg	Sir Gaerfyrddin - Carmarthenshire	h	52.0155	-4.3874
Gethsemane	Sir Benfro - Pembrokeshire	h	52.0422	-4.8086
Glanrhyd	Sir Benfro - Pembrokeshire	h	52.0484	-4.7088
Glandwr	Sir Benfro - Pembrokeshire	h	51.9292	-4.6306
Gwastad	Sir Benfro - Pembrokeshire	h	51.8902	-4.8352
Green Plains	Sir Benfro - Pembrokeshire	h	51.7353	-4.6837
Gumfreston	Sir Benfro - Pembrokeshire	h	51.6779	-4.7365
Gelli	Sir Benfro - Pembrokeshire	h	51.8415	-4.7861
Glan-dr	Sir Benfro - Pembrokeshire	h	51.8875	-4.9344
Golden Hill	Sir Benfro - Pembrokeshire	h	51.8771	-4.9391
Glenowen	Sir Benfro - Pembrokeshire	h	51.7126	-4.9624
Gate Burton	West Lindsey	h	53.3337	-0.7424
Girton	Newark and Sherwood	h	53.1855	-0.767
Gelston	South Kesteven	h	52.9967	-0.6399
Garthorpe	Melton	h	52.7803	-0.7676
Gunby	South Kesteven	h	52.7843	-0.6474
Gunthorpe	Rutland	h	52.6426	-0.7123
Grassthorpe	Newark and Sherwood	h	53.2004	-0.8108
Gibsmere	Newark and Sherwood	h	53.0327	-0.9286
Goverton	Newark and Sherwood	h	53.0418	-0.9522
Great Stretton	Harborough	h	52.5987	-1.0299
Guilthwaite	Rotherham	h	53.3978	-1.3231
Gildingwells	Rotherham	h	53.3634	-1.1637
Greasley	Broxtowe	h	53.02	-1.2702
Great Wilne	South Derbyshire	h	52.8737	-1.3345
Greenside	North East Derbyshire	h	53.3099	-1.414
Godfreyhole	Derbyshire Dales	h	53.0803	-1.5979
Grangemill	Derbyshire Dales	h	53.1157	-1.6373
Grindlow	Derbyshire Dales	h	53.2947	-1.7297
Gorstyhill	Staffordshire Moorlands	h	52.9643	-1.9689
Great Gate	East Staffordshire	h	52.9576	-1.9231
Gratwich	East Staffordshire	h	52.8819	-1.9579
Godstone	East Staffordshire	h	52.905	-1.9752
Goosemoor Green	Lichfield	h	52.7045	-1.9081
Ginclough	Cheshire East	h	53.2862	-2.0628
Gleadsmoss	Cheshire East	h	53.2111	-2.2699
Gurnett	Cheshire East	h	53.242	-2.1117
Greenhead	Staffordshire Moorlands	h	53.0202	-2.0237
Godleybrook	Staffordshire Moorlands	h	52.9981	-2.0332
Great Saredon	South Staffordshire	h	52.6743	-2.0743
Gipsy Green	South Staffordshire	h	52.7484	-2.0668
Gorstage	Cheshire West and Chester	h	53.2489	-2.5847
Gibb Hill	Cheshire West and Chester	h	53.3003	-2.5276
Gorsey Bank	Shropshire	h	52.9813	-2.426
Garmelow	Stafford	h	52.8485	-2.3027
Grindle	Shropshire	h	52.6252	-2.3707
Grindleforge	Shropshire	h	52.6289	-2.3678
Garmston	Shropshire	h	52.6516	-2.5829
Gillar's Green	St. Helens	h	53.4473	-2.7916
Gatesheath	Cheshire West and Chester	h	53.1369	-2.7901
Greenlooms	Cheshire West and Chester	h	53.1697	-2.7854
Gallantry Bank	Cheshire East	h	53.0787	-2.7276
Gauntons Bank	Cheshire East	h	53.0232	-2.6523
Great Wytheford	Shropshire	h	52.7709	-2.6352
Great Lyth	Shropshire	h	52.6597	-2.8045
Gadlys	Sir y Fflint - Flintshire	h	53.2622	-3.1822
Geufron	Sir Ddinbych - Denbighshire	h	52.9763	-3.1684
Glascoed	Wrecsam - Wrexham	h	53.0828	-3.0775
Gyfelia	Wrecsam - Wrexham	h	53.0004	-3.0012
Gwern Estyn	Sir y Fflint - Flintshire	h	53.113	-3.0103
Golly	Wrecsam - Wrexham	h	53.1197	-2.994
Gledrid	Shropshire	h	52.9244	-3.0447
Gwern y brenin	Shropshire	h	52.8296	-3.0391
Grimpo	Shropshire	h	52.8336	-2.9496
Glynmorlas	Shropshire	h	52.9316	-3.0232
Gravelsbank	Shropshire	h	52.5986	-2.9884
Great Ness	Shropshire	h	52.7643	-2.8944
Geuffordd	Powys - Powys	h	52.7225	-3.1653
Gravels	Shropshire	h	52.5956	-2.9835
Groespluan	Powys - Powys	h	52.6719	-3.1598
Glan-yr-afon	Sir y Fflint - Flintshire	h	53.3242	-3.3275
Groes Efa	Sir Ddinbych - Denbighshire	h	53.1795	-3.3268
Geinas	Sir Ddinbych - Denbighshire	h	53.2168	-3.3599
Graig	Sir Ddinbych - Denbighshire	h	53.2389	-3.3753
Galltegfa	Sir Ddinbych - Denbighshire	h	53.1089	-3.3379
Glan-yr-afon	Gwynedd - Gwynedd	h	52.9716	-3.4578
Glascoed	Powys - Powys	h	52.6669	-3.304
Gell	Conwy - Conwy	h	53.21	-3.7213
Groesffordd Marli	Sir Ddinbych - Denbighshire	h	53.2483	-3.5007
Glascoed	Sir Ddinbych - Denbighshire	h	53.2486	-3.5024
Graig	Conwy - Conwy	h	53.2273	-3.7924
Glasfryn	Conwy - Conwy	h	53.0388	-3.6108
Gogarth	Conwy - Conwy	h	53.3282	-3.8599
Groesffordd	Conwy - Conwy	h	53.2659	-3.8473
Gwastadnant	Gwynedd - Gwynedd	h	53.0978	-4.0713
Gerddi Bluog	Gwynedd - Gwynedd	h	52.8571	-4.047
Gadfa	Sir Ynys Mon - Isle of Anglesey	h	53.3806	-4.3197
Glan Gors	Sir Ynys Mon - Isle of Anglesey	h	53.2911	-4.2837
Gyrn Goch	Gwynedd - Gwynedd	h	53.0088	-4.3842
Garnfadryn	Gwynedd - Gwynedd	h	52.881	-4.5625
Gardham	East Riding of Yorkshire	h	53.8687	-0.5487
Great Givendale	East Riding of Yorkshire	h	53.9742	-0.7626
Greenoak	East Riding of Yorkshire	h	53.7383	-0.7673
Ganthorpe	Ryedale	h	54.1243	-0.9475
Gowthorpe	East Riding of Yorkshire	h	53.9807	-0.8378
Garrowby	East Riding of Yorkshire	h	54.0073	-0.789
Gribthorpe	East Riding of Yorkshire	h	53.8107	-0.8473
Great Thirkleby	Hambleton	h	54.2038	-1.2726
Grimston	Selby	h	53.8651	-1.2439
Gateforth Park	Selby	h	53.761	-1.1304
Greystone	Hambleton	h	54.2689	-1.4453
Gatenby	Hambleton	h	54.2852	-1.5012
Goosehill	Wakefield	h	53.6888	-1.4365
Gammersgill	Richmondshire	h	54.2428	-1.9161
Gollinglith Foot	Harrogate	h	54.2244	-1.7663
Gate Foot	Kirklees	h	53.5727	-1.7241
Gawthorpe Green	Kirklees	h	53.6475	-1.7118
Gawthorpe	Kirklees	h	53.6444	-1.7182
Grange	Oldham	h	53.5785	-2.0202
Garsdale Head	South Lakeland	h	54.3212	-2.3285
Gawthrop	South Lakeland	h	54.2812	-2.4737
Green	Lancaster	h	54.1052	-2.55
Grunsagill	Ribble Valley	h	53.9833	-2.3361
Garnett Bridge	South Lakeland	h	54.3867	-2.7349
Garth Row	South Lakeland	h	54.3713	-2.73
Gathurst	Wigan	h	53.5604	-2.6957
Gawthwaite	South Lakeland	h	54.254	-3.12
Grizedale	South Lakeland	h	54.3407	-3.0231
Green Bank	South Lakeland	h	54.2149	-2.9525
Greenscoe	Barrow-in-Furness	h	54.177	-3.1985
Greenhalgh	Fylde	h	53.8154	-2.9132
Goldsborough	Scarborough	h	54.5204	-0.7098
Green End	Scarborough	h	54.4184	-0.7262
Glaisdale Side	Scarborough	h	54.4299	-0.8277
Great Busby	Hambleton	h	54.444	-1.1997
Goulton	Hambleton	h	54.4293	-1.2663
Grindon	Stockton-on-Tees	h	54.622	-1.3888
Great Stainton	Darlington	h	54.5918	-1.4799
Greta Bridge	County Durham	h	54.513	-1.8655
Great Bavington	Northumberland	h	55.1173	-2.027
Great Swinburne	Northumberland	h	55.0747	-2.1002
Green Head	County Durham	h	54.7516	-2.0363
Gilmonby	County Durham	h	54.5126	-2.0096
Greenhaugh	Northumberland	h	55.1819	-2.3255
Greenside	Eden	h	54.4297	-2.4506
Great Musgrave	Eden	h	54.5167	-2.3605
Gaisgill	Eden	h	54.4424	-2.5582
Great Easby	Carlisle	h	54.9577	-2.7208
Greenwell	Carlisle	h	54.9009	-2.7241
Great Blencow	Eden	h	54.6833	-2.8438
Greystoke Gill	Eden	h	54.6578	-2.8607
Greenholme	Eden	h	54.4452	-2.6217
Gamelsby	Allerdale	h	54.8612	-3.1569
Gaitsgill	Carlisle	h	54.8119	-2.9536
Greenhill	Dumfries and Galloway	h	55.1087	-3.4108
Goodyhills	Allerdale	h	54.808	-3.3889
Greengill	Allerdale	h	54.7217	-3.3918
Gatelawbridge	Dumfries and Galloway	h	55.2497	-3.7259
Glenmidge	Dumfries and Galloway	h	55.165	-3.7417
Gateside	Dumfries and Galloway	h	54.9765	-3.7645
Glenlochar	Dumfries and Galloway	h	54.9589	-3.9831
Girthon	Dumfries and Galloway	h	54.8573	-4.1733
Garleffin	South Ayrshire	h	55.0923	-4.9985
Glenstockdale	Dumfries and Galloway	h	54.9069	-5.1143
Guyzance	Northumberland	h	55.3289	-1.6677
Goswick	Northumberland	h	55.7	-1.9073
Great Tosson	Northumberland	h	55.2993	-1.9568
Grindon	Northumberland	h	55.6967	-2.1366
Gairneybridge	Perth and Kinross	h	56.1697	-3.4016
Glenbrook	City of Edinburgh	h	55.8772	-3.3713
Greenwall	South Lanarkshire	h	55.7758	-3.7051
Glentirranmuir	Stirling	h	56.1236	-4.161
Greenfoot	North Lanarkshire	h	55.9014	-4.0307
Gartness	Stirling	h	56.0518	-4.4057
Glenbranter	Argyll and Bute	h	56.1375	-5.0382
Glen Sluain	Argyll and Bute	h	56.1505	-5.0623
Gortonallister	North Ayrshire	h	55.519	-5.1167
Gartnagrenach	Argyll and Bute	h	55.7802	-5.5095
Glen Tanar	Aberdeenshire	h	57.053	-2.8652
Gannochy	Angus	h	56.8256	-2.6576
Glenogil	Angus	h	56.7581	-2.9052
Galllowfauld	Angus	h	56.5688	-2.9166
Gateside	Angus	h	56.587	-2.9148
Greystone	Angus	h	56.5787	-2.7567
Glenprosen Village	Angus	h	56.7743	-3.0978
Gallowhill	Angus	h	56.5129	-3.0169
Gateside	Fife	h	56.2218	-3.1548
Giffordtown	Fife	h	56.2875	-3.1481
Guay	Perth and Kinross	h	56.6241	-3.6303
Gallowhill	Perth and Kinross	h	56.5069	-3.3522
Glenfoot	Perth and Kinross	h	56.3271	-3.3305
Grandtully	Perth and Kinross	h	56.658	-3.7753
Gergask	Highland	h	57.0207	-4.2867
Glen Beich	Stirling	h	56.3928	-4.2454
Gallin	Perth and Kinross	h	56.5803	-4.377
Glenmore	Highland	h	56.6913	-5.9416
Gometra	Argyll and Bute	h	56.4829	-6.2828
Gorrachie	Aberdeenshire	h	57.6126	-2.4401
Gordonstown	Aberdeenshire	h	57.4352	-2.4804
Grantlodge	Aberdeenshire	h	57.2442	-2.4902
Glen Barry	Aberdeenshire	h	57.5785	-2.746
Grange Crossroads	Moray	h	57.578	-2.8727
Glenlatterach	Moray	h	57.5749	-3.3374
Glenmore	Highland	h	57.1655	-3.6888
Glaichbea	Highland	h	57.4247	-4.4771
Grudie	Highland	h	57.6168	-4.834
Gorstan	Highland	h	57.6216	-4.6978
Galltair	Highland	h	57.2202	-5.6235
Glen Conon	Highland	h	57.5909	-6.33
Grealin	Highland	h	57.5765	-6.1698
Glengrasco	Highland	h	57.421	-6.2611
Glenmore	Highland	h	57.3816	-6.2656
Glen Bernisdale	Highland	h	57.4514	-6.3293
Glenbrittle	Highland	h	57.2104	-6.2887
Gead an t-Sailleir	Highland	h	57.3401	-6.1175
Geary	Highland	h	57.5673	-6.5765
Gillen	Highland	h	57.5451	-6.5689
Greosabhagh	Na h-Eileanan an Iar	h	57.8346	-6.8004
Galtraigeall	Highland	h	57.4921	-6.7017
Grimsay	Na h-Eileanan an Iar	h	57.4059	-7.2816
Geirinis	Na h-Eileanan an Iar	h	57.3529	-7.3717
Gleann Dail bho Dheas	Na h-Eileanan an Iar	h	57.1144	-7.303
Gleann dail bho Tuath	Na h-Eileanan an Iar	h	57.1372	-7.3058
Gansclet	Highland	h	58.3874	-3.1485
Gordonbush	Highland	h	58.0605	-3.9581
Gleann Tholastaidh	Na h-Eileanan an Iar	h	58.3203	-6.2292
Grimshader	Na h-Eileanan an Iar	h	58.1468	-6.3959
Glenside	Na h-Eileanan an Iar	h	58.053	-6.4633
Giosla	Na h-Eileanan an Iar	h	58.1273	-6.8804
Govig	Na h-Eileanan an Iar	h	57.9716	-7.0581
Guith	Orkney Islands	h	59.2143	-2.784
Greeny	Orkney Islands	h	59.0872	-3.2482
Gutcher	Shetland Islands	h	60.6732	-1.0066
Gossabrough	Shetland Islands	h	60.5292	-1.0435
Gillsbreck	Shetland Islands	h	60.3685	-1.1279
Gardin	Shetland Islands	h	60.3712	-1.1208
Garth	Shetland Islands	h	60.268	-1.154
Grindiscol	Shetland Islands	h	60.1389	-1.1128
Gonfirth	Shetland Islands	h	60.3342	-1.3353
Garderhouse	Shetland Islands	h	60.2137	-1.4035
Gruting	Shetland Islands	h	60.2276	-1.4961
Grunasound	Shetland Islands	h	60.0828	-1.3323
Gloup	Shetland Islands	h	60.7225	-1.073
Great Stonar	Dover	o	51.2896	1.3459
Greenwich		o	51.4787	-0.0108
Goddards' Green	Mid Sussex	o	50.9658	-0.1708
Greenford	Ealing	o	51.5275	-0.3523
Great Bookham	Mole Valley	o	51.2792	-0.3741
Green Street	Uttlesford	o	51.8219	0.3708
Gosmore Hill	North Hertfordshire	o	51.9189	-0.279
Godwick	Breckland	o	52.7646	0.8214
Grebby	East Lindsey	o	53.1937	0.1515
Gibraltar	East Lindsey	o	53.1026	0.3251
Garnsgate	South Holland	o	52.7838	0.1044
Gedney Broadgate	South Holland	o	52.7751	0.0754
Greetham	East Lindsey	o	53.2165	-0.0425
Gosberton Cheal	South Holland	o	52.8477	-0.2048
Gautby	East Lindsey	o	53.2359	-0.2445
Guthram Gowt	South Kesteven	o	52.7855	-0.2652
Garton	East Riding of Yorkshire	o	53.7997	-0.0859
Goxhill	East Riding of Yorkshire	o	53.8859	-0.1985
Great Kelk	East Riding of Yorkshire	o	54.0076	-0.3186
Gatcombe	Isle of Wight	o	50.665	-1.3093
Glanvill's Close	Teignbridge	o	50.7285	-3.6414
Grimpstonleigh	South Hams	o	50.3286	-3.7572
Gospenheale	Cornwall	o	50.6327	-4.4612
Gonamena	Cornwall	o	50.5078	-4.4507
Gollawater	Cornwall	o	50.3146	-5.1507
Griggs	Cornwall	o	50.1764	-5.4428
Gilbert Street	East Hampshire	o	51.0877	-1.0774
Great Shoddesden	Test Valley	o	51.2386	-1.6044
Gladstone Parade	Wiltshire	o	51.457	-2.1149
Gibbs Marsh	Dorset	o	50.9766	-2.3537
Godney	Mendip	o	51.1788	-2.7371
Gatlas	Casnewydd - Newport	o	51.6288	-2.952
Greylake	Sedgemoor	o	51.0978	-2.8762
Gipsy Town	Mid Devon	o	50.9337	-3.3034
Griffitts Yard	Buckinghamshire	o	51.712	-0.6132
Gosford	Shropshire	o	52.3115	-2.686
Gore	Powys - Powys	o	52.2255	-3.0862
Gellifelen	Sir Fynwy - Monmouthshire	o	51.8023	-3.1369
Gilwern	Powys - Powys	o	51.9695	-3.3183
Gwernogle	Sir Gaerfyrddin - Carmarthenshire	o	51.9863	-4.1441
Glanpwllafon	Sir Benfro - Pembrokeshire	o	52.0616	-4.6582
Gwrhyd Mawr	Sir Benfro - Pembrokeshire	o	51.9022	-5.2469
Grange de Lings	West Lindsey	o	53.2815	-0.5223
Gonerby Moor	South Kesteven	o	52.9475	-0.6759
Grindley	Stafford	o	52.8599	-1.9468
Gratton	Staffordshire Moorlands	o	53.1022	-2.0972
Garshall Green	Stafford	o	52.9031	-2.0466
Goldstone	Shropshire	o	52.8562	-2.4449
Great Chatwell	South Staffordshire	o	52.7269	-2.3073
Gardd Estyn	Wrecsam - Wrexham	o	53.0649	-2.9932
Gungrog	Powys - Powys	o	52.6731	-3.1275
Glan-yr-afon	Gwynedd - Gwynedd	o	52.9553	-3.6237
Gellioedd	Conwy - Conwy	o	52.9892	-3.5818
Golan	Gwynedd - Gwynedd	o	52.9598	-4.1971
Grimston	York	o	53.9588	-1.0062
Gateway Plaza	Barnsley	o	53.5535	-1.487
Garriston	Richmondshire	o	54.3296	-1.7593
Greygarth	Harrogate	o	54.1464	-1.7134
Greenfield	Calderdale	o	53.663	-1.8835
Gisburn Cotes	Ribble Valley	o	53.9244	-2.3012
Gauber	Craven	o	54.2039	-2.3508
Gerrick	Redcar and Cleveland	o	54.5058	-0.9129
Graythorp	Hartlepool	o	54.638	-1.2025
Gray Street	County Durham	o	54.6453	-1.6512
Girsby	Hambleton	o	54.47	-1.4524
Grassholme	County Durham	o	54.5895	-2.117
Glasserton	Dumfries and Galloway	o	54.7249	-4.466
Gilston	Scottish Borders	o	55.7954	-2.8893
Grange Park	City of Edinburgh	o	55.9327	-3.1886
Gogar	City of Edinburgh	o	55.9368	-3.3314
Garnkirk	North Lanarkshire	o	55.8927	-4.1174
Glenbuck	East Ayrshire	o	55.5369	-3.9767
Glenshurig	North Ayrshire	o	55.5845	-5.1727
Grogport	Argyll and Bute	o	55.6387	-5.4863
Gruinart	Argyll and Bute	o	55.8249	-6.3497
Glenegedale	Argyll and Bute	o	55.6871	-6.2228
Glithno	Aberdeenshire	o	56.9952	-2.231
Glenbervie	Aberdeenshire	o	56.9169	-2.3858
Glassel	Aberdeenshire	o	57.0792	-2.5696
Guthrie	Angus	o	56.6472	-2.7089
Grange Park	Perth and Kinross	o	56.4232	-3.221
Gearr Lochaidh	Highland	o	56.9133	-4.9981
Glenancross	Highland	o	56.9564	-5.8425
Gleann Borrodail	Highland	o	56.6774	-5.8941
Glenuig	Highland	o	56.8286	-5.8179
Galmisdale	Highland	o	56.8774	-6.1311
Gruline	Argyll and Bute	o	56.4886	-5.9901
Glen Forsa	Argyll and Bute	o	56.51	-5.9045
Gribun	Argyll and Bute	o	56.4273	-6.1351
Grishipoll	Argyll and Bute	o	56.6403	-6.5851
Gott	Argyll and Bute	o	56.5151	-6.8157
Greens	Aberdeenshire	o	57.5096	-2.2831
Gight	Aberdeenshire	o	57.4515	-2.2911
Greenfold	Moray	o	57.5321	-2.6611
Gariochsford	Aberdeenshire	o	57.4559	-2.5457
Gordonstown	Aberdeenshire	o	57.5922	-2.7357
Glen Rinnes	Moray	o	57.4354	-3.1502
Glaschoil	Highland	o	57.3701	-3.618
Glackmore	Highland	o	57.5304	-4.3273
Grotaig	Highland	o	57.282	-4.5035
Glebe	Highland	o	57.2306	-4.468
Glen Moriston	Highland	o	57.1744	-4.8176
Glen More	Highland	o	57.2169	-5.5993
Gearros	Highland	o	57.5889	-6.1865
Glenuachdarach	Highland	o	57.5436	-6.3047
Glasnakille	Highland	o	57.142	-6.0722
Griseornais	Highland	o	57.4989	-6.4401
Greep	Highland	o	57.3979	-6.55
Geocrab	Na h-Eileanan an Iar	o	57.8153	-6.8574
Greinetobht	Na h-Eileanan an Iar	o	57.6537	-7.3272
Gearraidh Dubh	Na h-Eileanan an Iar	o	57.4992	-7.2491
Gramsdal	Na h-Eileanan an Iar	o	57.479	-7.3083
Grminis	Na h-Eileanan an Iar	o	57.6552	-7.4475
Gearraidh Bhailteas	Na h-Eileanan an Iar	o	57.2117	-7.3927
Grithean	Na h-Eileanan an Iar	o	57.0046	-7.492
Grimness	Orkney Islands	o	58.8275	-2.912
Greenland	Highland	o	58.5906	-3.3167
Gills	Highland	o	58.634	-3.1744
Gillock	Highland	o	58.4604	-3.1243
Gartymore	Highland	o	58.1084	-3.6725
Gruids	Highland	o	57.9932	-4.4105
Gabhsann bho Thuath	Na h-Eileanan an Iar	o	58.4463	-6.382
Gearraidh na h-Aibhne	Na h-Eileanan an Iar	o	58.1848	-6.7059
Garyvard	Na h-Eileanan an Iar	o	58.09	-6.4778
Geisiadar	Na h-Eileanan an Iar	o	58.1836	-6.9108
Grobister	Orkney Islands	o	59.1075	-2.6025
Gorseness	Orkney Islands	o	59.0618	-3.0212
Grimeston	Orkney Islands	o	59.0156	-3.198
Grimbister	Orkney Islands	o	58.9969	-3.0978
Germiston	Orkney Islands	o	58.9867	-3.1463
Graven	Shetland Islands	o	60.4424	-1.2621
Girlsta	Shetland Islands	o	60.2369	-1.2364
Gunnista	Shetland Islands	o	60.1744	-1.1011
Gletness	Shetland Islands	o	60.2472	-1.156
Grutness	Shetland Islands	o	59.874	-1.2775
Gardie	Shetland Islands	o	60.7856	-0.8442
Gunnister	Shetland Islands	o	60.7156	-0.9252
