Norwich		c	52.6289	1.2933
Nottingham	City of Nottingham	c	52.9562	-1.1512
Newcastle upon Tyne		c	54.978	-1.6102
New Romney	Folkestone and Hythe	t	50.9858	0.9402
Northfleet	Gravesham	t	51.4392	0.3463
Newhaven	Lewes	t	50.7935	0.0472
Needham Market	Mid Suffolk	t	52.1557	1.0501
Newmarket	West Suffolk	t	52.2437	0.4053
North Walsham	North Norfolk	t	52.8212	1.3881
Newport	Isle of Wight	t	50.7002	-1.2937
New Milton	New Forest	t	50.7531	-1.6551
Newton Abbot	Teignbridge	t	50.5306	-3.6095
Newquay	Cornwall	t	50.4136	-5.0822
Newlyn	Cornwall	t	50.1067	-5.5503
Newbury	West Berkshire	t	51.4003	-1.323
New Alresford	Winchester	t	51.0906	-1.1613
Nailsworth	Stroud	t	51.6939	-2.2202
Nailsea	North Somerset	t	51.4333	-2.7583
North Petherton	Sedgemoor	t	51.0911	-3.0171
North Tawton	West Devon	t	50.7999	-3.8976
Northam	Torridge	t	51.0405	-4.2134
Newport Pagnell	Milton Keynes	t	52.0868	-0.7222
Northampton	West Northamptonshire	t	52.2379	-0.895
Nuneaton	Nuneaton and Bedworth	t	52.5222	-1.4677
Northleach	Cotswold	t	51.8303	-1.8372
Newent	Forest of Dean	t	51.9306	-2.4059
Newtown	Powys - Powys	t	52.5151	-3.315
Nantyglo	Blaenau Gwent - Blaenau Gwent	t	51.7825	-3.1682
New Quay	Sir Ceredigion - Ceredigion	t	52.215	-4.36
Newcastle Emlyn	Sir Gaerfyrddin - Carmarthenshire	t	52.0371	-4.4694
Neyland	Sir Benfro - Pembrokeshire	t	51.7094	-4.9487
North Hykeham	North Kesteven	t	53.1879	-0.5968
Newark-on-Trent	Newark and Sherwood	t	53.0758	-0.8077
New Mills	High Peak	t	53.3658	-2.0018
Newcastle-under-Lyme		t	53.0112	-2.228
Northwich	Cheshire West and Chester	t	53.2607	-2.512
Nantwich	Cheshire East	t	53.0688	-2.5205
Newport	Telford and Wrekin	t	52.7688	-2.3785
Newton-le-Willows	St. Helens	t	53.4541	-2.645
Neston	Cheshire West and Chester	t	53.2898	-3.0644
Nefyn	Gwynedd - Gwynedd	t	52.9355	-4.5201
Norton-on-Derwent	Ryedale	t	54.1328	-0.7821
Northallerton	Hambleton	t	54.3409	-1.4346
Normanton	Wakefield	t	53.6998	-1.4155
Nelson	Pendle	t	53.8373	-2.2175
Newbiggin-by-the-Sea	Northumberland	t	55.1855	-1.51
Newton Aycliffe	County Durham	t	54.6185	-1.5722
New Galloway	Dumfries and Galloway	t	55.0741	-4.1396
Newton Stewart	Dumfries and Galloway	t	54.9673	-4.4832
North Berwick	East Lothian	t	56.0587	-2.7171
Newmilns	East Ayrshire	t	55.6075	-4.3242
Newport-on-Tay	Fife	t	56.4402	-2.9414
Newburgh	Fife	t	56.3508	-3.2394
Nairn	Highland	t	57.5846	-3.8688
Northwood	Thanet	a	51.3552	1.4036
Nethercourt	Thanet	a	51.3392	1.3981
Newington	Thanet	a	51.345	1.3987
Northdown	Thanet	a	51.3799	1.4146
Nelson Park	Dover	a	51.16	1.3653
New Town	Ashford	a	51.1373	0.883
Northgate	Canterbury	a	51.283	1.0859
North Lyminge	Folkestone and Hythe	a	51.1277	1.0917
North Shoebury	Southend-on-Sea	a	51.5357	0.7903
Newlands	Castle Point	a	51.5253	0.6104
Noak Bridge	Basildon	a	51.5889	0.4428
New Thundersley	Castle Point	a	51.5716	0.5634
New Town	Medway	a	51.3523	0.4392
New House	Gravesham	a	51.4274	0.3503
New Town	Tonbridge and Malling	a	51.2962	0.4004
Newbury Park	Redbridge	a	51.575	0.0943
Noak Hill	Havering	a	51.6212	0.2272
New Town	Dartford	a	51.4455	0.232
North Woolwich	Newham	a	51.4986	0.0596
Northumberland Heath	Bexley	a	51.4778	0.1637
North End	Bexley	a	51.4685	0.1857
New Eltham	Greenwich	a	51.4382	0.0629
New Charlton	Greenwich	a	51.4902	0.0299
Noah's Ark	Sevenoaks	a	51.3	0.2308
New Town	Wealden	a	50.9668	0.0998
Nevill Park	Tunbridge Wells	a	51.1282	0.2388
Notting Hill	Kensington and Chelsea	a	51.5128	-0.2057
North Southwark	Southwark	a	51.5036	-0.1028
New Southgate	Barnet	a	51.6177	-0.1413
North Acton	Ealing	a	51.5262	-0.2665
Neasden	Brent	a	51.5573	-0.2497
North Kensington	Kensington and Chelsea	a	51.5184	-0.2163
North End	Barnet	a	51.5684	-0.1829
New Barnet	Barnet	a	51.6496	-0.1785
North Finchley	Barnet	a	51.6133	-0.1777
Noel Park	Haringey	a	51.5966	-0.1009
New Beckenham	Bromley	a	51.4223	-0.0397
Nunhead	Southwark	a	51.4588	-0.056
Nine Elms	Wandsworth	a	51.4777	-0.1446
Norbury	Croydon	a	51.4111	-0.1119
New Cross	Lewisham	a	51.4759	-0.0395
North Cheam	Sutton	a	51.3692	-0.2213
New Addington	Croydon	a	51.3399	-0.0134
Newington	Southwark	a	51.4882	-0.0994
Norwood New Town	Croydon	a	51.4189	-0.088
North Greenwich	Greenwich	a	51.5011	0.0024
North End	Mid Sussex	a	51.1371	-0.0345
Northgate	Crawley	a	51.1165	-0.1837
Nep Town	Horsham	a	50.9277	-0.2761
North Moulsecoomb	The City of Brighton and Hove	a	50.8551	-0.105
North Wembley	Brent	a	51.5684	-0.3052
North Watford	Watford	a	51.6742	-0.3989
North Harrow	Harrow	a	51.5818	-0.3652
North Hillingdon	Hillingdon	a	51.5464	-0.4426
Northwood Hills	Hillingdon	a	51.601	-0.4095
North Sheen	Richmond upon Thames	a	51.4693	-0.2832
North Feltham	Hounslow	a	51.4594	-0.4122
Norbiton	Kingston upon Thames	a	51.4096	-0.2892
North Hyde	Hounslow	a	51.4929	-0.3857
Norwood Green	Ealing	a	51.4951	-0.3729
North Holmwood	Mole Valley	a	51.2119	-0.3269
New Town	Horsham	a	51.0567	-0.3171
North End	Arun	a	50.8766	-0.4098
North Lancing	Adur	a	50.8384	-0.3204
Nepcote	Arun	a	50.8631	-0.4016
Normanston	East Suffolk	a	52.4822	1.7277
North Warren	East Suffolk	a	52.1771	1.584
New Mistley	Tendring	a	51.9404	1.0927
Newtown	Breckland	a	52.4093	0.7426
Newtown	Braintree	a	51.8438	0.701
Northend	Maldon	a	51.6652	0.8308
Norwoodside	Fenland	a	52.5619	0.0839
North Field	East Cambridgeshire	a	52.3494	0.326
Newnham	East Cambridgeshire	a	52.2804	0.3227
Newtown	Cambridge	a	52.192	0.1303
Newnham Croft	Cambridge	a	52.196	0.1096
Newnham	Cambridge	a	52.1986	0.105
New Town	East Hertfordshire	a	51.8669	0.1563
Nazeing Gate	Epping Forest	a	51.7266	0.0424
Netteswell Cross	Harlow	a	51.778	0.1015
Netteswell	Harlow	a	51.7712	0.1046
Newtown	Huntingdonshire	a	52.3318	-0.1735
Norton	North Hertfordshire	a	51.9944	-0.2085
Newtown	East Hertfordshire	a	51.9491	-0.0155
Nast Hyde	Welwyn Hatfield	a	51.7557	-0.2469
New Fletton	City of Peterborough	a	52.5629	-0.2485
North End	Huntingdonshire	a	52.4938	-0.2921
Newtown	Huntingdonshire	a	52.3017	-0.3908
New Town	Luton	a	51.8707	-0.4178
New Greens	St. Albans	a	51.7672	-0.3393
Nash Mills	Dacorum	a	51.7284	-0.45
Newtown	Great Yarmouth	a	52.6229	1.7332
New Sprowston	Norwich	a	52.6496	1.3029
New Catton	Norwich	a	52.6456	1.2911
New Rackheath	Broadland	a	52.664	1.3814
Newgate	North Norfolk	a	52.9454	1.0478
New Costessey	South Norfolk	a	52.6531	1.2295
North Earlham	Norwich	a	52.637	1.2396
Neaton	Breckland	a	52.5777	0.8309
North Lynn	King's Lynn and West Norfolk	a	52.7655	0.4106
North End	King's Lynn and West Norfolk	a	52.7596	0.399
Norton Hill	King's Lynn and West Norfolk	a	52.8801	0.5018
North Wootton	King's Lynn and West Norfolk	a	52.7894	0.4373
North End	Boston	a	52.9566	-0.1726
Newark	City of Peterborough	a	52.5952	-0.2122
North End	West Lindsey	a	53.4782	-0.4302
New Quarrington	North Kesteven	a	52.991	-0.4326
Northfields	South Kesteven	a	52.6582	-0.4761
New England	City of Peterborough	a	52.594	-0.257
Newtown	South Kesteven	a	52.6487	-0.476
North Marine Estate	East Riding of Yorkshire	a	54.1266	-0.1085
North End	East Riding of Yorkshire	a	53.7617	-0.0479
Nunsthorpe	North East Lincolnshire	a	53.5491	-0.1045
Newlands	Scarborough	a	54.2969	-0.4219
Northstead	Scarborough	a	54.29	-0.4177
Newby	Scarborough	a	54.2957	-0.4361
New Village	East Riding of Yorkshire	a	53.7828	-0.3992
Newland	City of Kingston upon Hull	a	53.7685	-0.3545
Newland Park	City of Kingston upon Hull	a	53.7694	-0.3721
Northfield	East Riding of Yorkshire	a	53.7303	-0.4332
North End	North Lincolnshire	a	53.6863	-0.3308
North Ella	East Riding of Yorkshire	a	53.7583	-0.4393
Nyetimber	Arun	a	50.7793	-0.7335
Newtown	Gosport	a	50.7938	-1.1334
Newtown	Havant	a	50.7944	-0.9892
Northwood	Isle of Wight	a	50.7414	-1.3092
New Village	Isle of Wight	a	50.6798	-1.5205
New Swanage	Dorset	a	50.622	-1.9598
Newtown	"Bournemouth, Christchurch and Poole"	a	50.7409	-1.9483
Northbourne	"Bournemouth, Christchurch and Poole"	a	50.7612	-1.8889
Nuffield	"Bournemouth, Christchurch and Poole"	a	50.7436	-1.98
Newtown	Dorset	a	50.7748	-2.0207
Nottington	Dorset	a	50.6424	-2.4806
New Town	East Devon	a	50.6825	-3.2359
Newtown	East Devon	a	50.7842	-3.3267
Newtown	Exeter	a	50.7244	-3.52
Newtake	Teignbridge	a	50.5214	-3.5786
North Dimson	Cornwall	a	50.5257	-4.2242
North Prospect	City of Plymouth	a	50.3912	-4.1645
Newport	Cornwall	a	50.644	-4.3657
Netherton	Cornwall	a	50.5307	-4.4159
Newham	Cornwall	a	50.2545	-5.0446
North Town	Windsor and Maidenhead	a	51.5341	-0.7251
North Camp	Rushmoor	a	51.2702	-0.7508
North Town	Rushmoor	a	51.2512	-0.7429
Newtown	East Hampshire	a	51.0721	-0.8017
North Bersted	Arun	a	50.8001	-0.6941
North End	Arun	a	50.8294	-0.6079
Newnham Murren	South Oxfordshire	a	51.597	-1.1099
Newtown	South Oxfordshire	a	51.5295	-0.9006
New Town	Reading	a	51.4569	-0.9496
Newtown	East Hampshire	a	51.1452	-0.9803
New Brighton	Havant	a	50.8604	-0.932
North End	City of Portsmouth	a	50.817	-1.0757
Northcourt	Vale of White Horse	a	51.682	-1.2759
Northfields	Winchester	a	51.0228	-1.3099
North End	Winchester	a	51.0575	-1.1685
Newtown	Winchester	a	50.9564	-1.2279
Newtown	City of Southampton	a	50.9109	-1.3996
Newtown	Eastleigh	a	50.972	-1.3539
Northam	City of Southampton	a	50.9104	-1.3851
Northbrook	Winchester	a	50.9593	-1.2082
Newtown	Fareham	a	50.8472	-1.301
Nichols Town	City of Southampton	a	50.9089	-1.3971
New Town	Wiltshire	a	51.442	-1.5932
North Tidworth	Wiltshire	a	51.2438	-1.6674
North Wroughton	Swindon	a	51.5361	-1.7851
Nythe	Swindon	a	51.5672	-1.7403
New Town	Swindon	a	51.5633	-1.7851
North End	Wiltshire	a	51.6517	-1.9391
New Town	Wiltshire	a	51.2739	-1.9865
Northbrook	Wiltshire	a	51.2915	-1.9863
New Town	Wiltshire	a	51.0262	-1.9396
North Poulner	New Forest	a	50.8589	-1.7686
North End	New Forest	a	50.9472	-1.857
Northfield	Cotswold	a	51.6429	-2.1534
Newmarket	Stroud	a	51.6958	-2.2333
Newtown	Dorset	a	50.8408	-2.1481
Norman Hill	Stroud	a	51.6952	-2.3625
North Corner	South Gloucestershire	a	51.5383	-2.4931
New Cheltenham	South Gloucestershire	a	51.4671	-2.4931
Northend	Bath and North East Somerset	a	51.4155	-2.3167
Newleaze	South Gloucestershire	a	51.5073	-2.5647
Netham	City of Bristol	a	51.4542	-2.5527
Newbridge	Bath and North East Somerset	a	51.3892	-2.4022
North Common	South Gloucestershire	a	51.4498	-2.4676
Northville	South Gloucestershire	a	51.5026	-2.5685
Norton Hill	Bath and North East Somerset	a	51.2802	-2.4777
Northfield	Bath and North East Somerset	a	51.29	-2.4351
North Town	South Somerset	a	51.0062	-2.526
New Town	Dorset	a	51.002	-2.3423
Newton	Dorset	a	50.9226	-2.3069
New Town	South Somerset	a	50.9689	-2.4716
North Weston	North Somerset	a	51.4719	-2.7751
Novers Park	City of Bristol	a	51.4257	-2.5999
Newtown	City of Bristol	a	51.4556	-2.5791
Northover	South Somerset	a	51.0059	-2.68
Newtown	South Somerset	a	51.0456	-2.8235
Northover	Mendip	a	51.1388	-2.7304
Northfield	South Somerset	a	51.058	-2.7404
Newtown	Mendip	a	51.1416	-2.6474
Newtown	Dorset	a	50.8157	-2.7397
New Town	South Somerset	a	50.9469	-2.6203
New Inn	Torfaen - Torfaen	a	51.6919	-3.0117
Northville	Torfaen - Torfaen	a	51.6554	-3.0227
Northfield	Sedgemoor	a	51.1245	-3.0137
Newtown	Sedgemoor	a	51.1334	-3.0116
North Town	Somerset West and Taunton	a	51.0188	-3.1065
North End	Somerset West and Taunton	a	51.0314	-3.0373
Newtown	Rhondda Cynon Taf - Rhondda Cynon Taf	a	51.6799	-3.3713
Nantyffyllon	Pen-y-bont ar Ogwr - Bridgend	a	51.6225	-3.6598
Nottage	Pen-y-bont ar Ogwr - Bridgend	a	51.4917	-3.7116
Newcastle	Pen-y-bont ar Ogwr - Bridgend	a	51.5082	-3.5835
Newton	Pen-y-bont ar Ogwr - Bridgend	a	51.4842	-3.6779
Neath Abbey	Castell-nedd Port Talbot - Neath Port Talbot	a	51.6652	-3.8264
Norton	Abertawe - Swansea	a	51.5811	-4.011
Newton	Abertawe - Swansea	a	51.5758	-4.0172
Newport	North Devon	a	51.0718	-4.0475
New Bradwell	Milton Keynes	a	52.0657	-0.7928
Neath Hill	Milton Keynes	a	52.0573	-0.7544
North End	Buckinghamshire	a	51.9336	-0.7712
Northfield	Milton Keynes	a	52.0504	-0.7089
Newlands	Milton Keynes	a	52.0512	-0.727
Netherfield	Milton Keynes	a	52.0201	-0.7361
Newton Leyes	Milton Keynes	a	51.973	-0.7322
Northchurch	Dacorum	a	51.7694	-0.5929
Nup End	Buckinghamshire	a	51.867	-0.7457
Newtown	Buckinghamshire	a	51.7114	-0.6126
New Mill	Dacorum	a	51.806	-0.6603
New Bilton	Rugby	a	52.3744	-1.2797
Newbold on Avon	Rugby	a	52.3878	-1.2824
Neithrop	Cherwell	a	52.0652	-1.3466
Norham Manor	Oxford	a	51.7619	-1.26
North Hinksey Village	Vale of White Horse	a	51.7457	-1.2842
New Botley	Oxford	a	51.7515	-1.2821
New Osney	Oxford	a	51.7506	-1.2708
New Headington	Oxford	a	51.7532	-1.2101
New Marston	Oxford	a	51.7642	-1.2349
New Hinksey	Oxford	a	51.7344	-1.2487
Neat Enstone	West Oxfordshire	a	51.9146	-1.4497
Newland	West Oxfordshire	a	51.7898	-1.4753
Nechells Green	Birmingham	a	52.4892	-1.8797
Newtown	Birmingham	a	52.496	-1.9041
New Town Row	Birmingham	a	52.4917	-1.8953
New Oscott	Birmingham	a	52.5486	-1.8563
New Mills	Walsall	a	52.573	-1.9927
Newton	Sandwell	a	52.5396	-1.9508
Nechells	Birmingham	a	52.5009	-1.8623
Northfield	Birmingham	a	52.4124	-1.9735
North End	Stratford-on-Avon	a	52.1395	-1.7763
Nethercote	Cotswold	a	51.8776	-1.7459
New Mills	Cotswold	a	51.7138	-1.9492
Norton	Dudley	a	52.446	-2.1648
Neachells	City of Wolverhampton	a	52.5912	-2.0803
New Town	Sandwell	a	52.5268	-2.0301
Newbridge	City of Wolverhampton	a	52.5953	-2.153
New Dock	Dudley	a	52.5088	-2.0952
Netherton	Dudley	a	52.4906	-2.082
Netherwich	Wychavon	a	52.2701	-2.1536
Newtown	Wychavon	a	52.2673	-2.1582
Northwick	Worcester	a	52.2189	-2.2314
Noverton	Cheltenham	a	51.9117	-2.0348
Naunton Park	Cheltenham	a	51.8843	-2.0686
Newtown	Tewkesbury	a	51.9972	-2.1286
North Woodchester	Stroud	a	51.7241	-2.237
North Malvern	Malvern Hills	a	52.1251	-2.3316
Nailbridge	Forest of Dean	a	51.8437	-2.5162
Newtown	Stroud	a	51.7488	-2.304
Neds Top	Forest of Dean	a	51.7504	-2.5105
Newerne	Forest of Dean	a	51.7265	-2.5304
Newtown	Stroud	a	51.7178	-2.4724
Newton	Shropshire	a	52.4379	-2.8313
Newington	Shropshire	a	52.4471	-2.838
Newlands	County of Herefordshire	a	52.2222	-2.7474
Newton Farm	County of Herefordshire	a	52.0401	-2.731
Netherend	Forest of Dean	a	51.7002	-2.5893
Newton	County of Herefordshire	a	52.2072	-3.0392
Nantoer	Powys - Powys	a	52.5077	-3.3383
Newchurch	Blaenau Gwent - Blaenau Gwent	a	51.7863	-3.2052
Nant-y-Bwch	Blaenau Gwent - Blaenau Gwent	a	51.7892	-3.2612
Newtown	Blaenau Gwent - Blaenau Gwent	a	51.7819	-3.2037
Narberth Bridge	Sir Benfro - Pembrokeshire	a	51.7937	-4.7434
Neyland Vale	Sir Benfro - Pembrokeshire	a	51.7107	-4.9575
New Boultham	Lincoln	a	53.2244	-0.5531
New Balderton	Newark and Sherwood	a	53.061	-0.7874
Newtown	Bassetlaw	a	53.3162	-0.9334
Netherfield	Gedling	a	52.9633	-1.0766
North Evington	City of Leicester	a	52.6373	-1.0989
Nether Hall	City of Leicester	a	52.6491	-1.0592
Nether End	Melton	a	52.723	-0.8947
Northfield	Rotherham	a	53.4375	-1.3601
New York	Rotherham	a	53.4267	-1.3655
Netherthorpe	Rotherham	a	53.363	-1.2928
Netherthorpe	North East Derbyshire	a	53.3252	-1.3216
Normanton Spring	Sheffield	a	53.3557	-1.3924
Nether Green	North East Derbyshire	a	53.3268	-1.3129
North Carlton	Bassetlaw	a	53.3568	-1.1117
Nether Moor	North East Derbyshire	a	53.3248	-1.3125
Norwood	North East Derbyshire	a	53.33	-1.3028
Netherthorpe	Chesterfield	a	53.267	-1.3396
New Bolsover	Bolsover	a	53.2288	-1.3061
Newton Town	Mansfield	a	53.1497	-1.2046
New Brimington	Chesterfield	a	53.2631	-1.389
Nether Langwith	Bassetlaw	a	53.2284	-1.2003
Nuttals Park	Amber Valley	a	53.0473	-1.4021
New Cross	Ashfield	a	53.1302	-1.2545
Newthorpe	Broxtowe	a	53.0124	-1.2834
New Brinsley	Broxtowe	a	53.0442	-1.313
New Eastwood	Broxtowe	a	53.0099	-1.3094
New Bagthorpe	Ashfield	a	53.0613	-1.2911
New Westwood	Ashfield	a	53.062	-1.3192
Nuncargate	Ashfield	a	53.082	-1.2563
New Basford	City of Nottingham	a	52.976	-1.1674
Newthorpe Common	Broxtowe	a	53.0098	-1.2936
Newlands	Amber Valley	a	53.0132	-1.3495
New Lenton	City of Nottingham	a	52.9508	-1.1803
New Sawley	Erewash	a	52.8878	-1.2879
New Swannington	North West Leicestershire	a	52.7344	-1.3738
New Found Pool	City of Leicester	a	52.6389	-1.1526
New Parks	City of Leicester	a	52.646	-1.1752
Nanpantan	Charnwood	a	52.7508	-1.2533
Norton Hammer	Sheffield	a	53.3514	-1.4852
Nethergate	Sheffield	a	53.3904	-1.5492
Norton Woodseats	Sheffield	a	53.3436	-1.4711
Normandale	Sheffield	a	53.4063	-1.5323
Nether Edge	Sheffield	a	53.3589	-1.4841
Newfield Green	Sheffield	a	53.3547	-1.4485
Netherthorpe	Sheffield	a	53.3877	-1.4802
Nether Green	Sheffield	a	53.3678	-1.5293
Norton Lees	Sheffield	a	53.3502	-1.4733
Norton	Sheffield	a	53.3312	-1.4633
Neepsend	Sheffield	a	53.3933	-1.4783
Newmarket	North East Derbyshire	a	53.1629	-1.4265
Nether End	Derbyshire Dales	a	53.2463	-1.6152
New Whittington	Chesterfield	a	53.2775	-1.4048
Newbold Moor	Chesterfield	a	53.26	-1.4344
Northwood	Derbyshire Dales	a	53.178	-1.6064
Newbold	Chesterfield	a	53.2529	-1.4473
New Totley	Sheffield	a	53.3153	-1.5308
New Zealand	City of Derby	a	52.923	-1.5045
Newhall	South Derbyshire	a	52.7851	-1.5728
New York	South Derbyshire	a	52.8224	-1.4329
Normanton	City of Derby	a	52.902	-1.4872
Norris Hill	North West Leicestershire	a	52.7462	-1.5164
New Horwich	High Peak	a	53.3247	-1.9836
Nithen End	High Peak	a	53.2617	-1.9255
Nether Stowe	Lichfield	a	52.6946	-1.8169
New Town	Walsall	a	52.6563	-1.9181
Norton East	Cannock Chase	a	52.6793	-1.965
Northenden	Manchester	a	53.4071	-2.2582
Newton	Tameside	a	53.4639	-2.0637
Newall Green	Manchester	a	53.3843	-2.2807
North Reddish	Stockport	a	53.4462	-2.1573
Newton Heath	Manchester	a	53.4964	-2.1868
Newton Wood	Tameside	a	53.467	-2.0888
Newtown	High Peak	a	53.3586	-2.0055
Northern Moor	Manchester	a	53.4123	-2.2805
Norbury Moor	Stockport	a	53.3719	-2.1239
New Windsor	Salford	a	53.4843	-2.2786
Norton-in-the-Moors	City of Stoke-on-Trent	a	53.0592	-2.1633
Norton Green	City of Stoke-on-Trent	a	53.0651	-2.1565
Normacot	City of Stoke-on-Trent	a	52.9794	-2.118
Newpool	Staffordshire Moorlands	a	53.1088	-2.1832
Northwood	City of Stoke-on-Trent	a	53.0279	-2.1638
Newstead	City of Stoke-on-Trent	a	52.9692	-2.1516
Newfield	City of Stoke-on-Trent	a	53.0707	-2.2187
Newbolds	City of Wolverhampton	a	52.604	-2.1042
New Invention	Walsall	a	52.6112	-2.0311
Nordley Hill	City of Wolverhampton	a	52.6052	-2.0844
New Cross	City of Wolverhampton	a	52.6025	-2.0994
Newtown	Stafford	a	52.771	-2.0625
Newtonia	Cheshire East	a	53.1915	-2.4515
Newtown	Cheshire East	a	53.0276	-2.5602
Nedge Hill	Shropshire	a	52.662	-2.4185
Newdale	Telford and Wrekin	a	52.6862	-2.4766
Norton	Halton	a	53.3331	-2.6685
North Florida	St. Helens	a	53.4736	-2.6699
Newtown	St. Helens	a	53.4527	-2.7572
Newtown	Halton	a	53.3571	-2.7346
Norton Cross	Halton	a	53.327	-2.6714
Nutgrove	St. Helens	a	53.4318	-2.7587
New Boston	St. Helens	a	53.4688	-2.6619
Netherley	Liverpool	a	53.387	-2.8378
Northwood	Knowsley	a	53.4846	-2.8747
Netherton	Cheshire West and Chester	a	53.2874	-2.7321
Newtown	Cheshire West and Chester	a	53.1961	-2.8881
Newtown	Cheshire West and Chester	a	53.2995	-2.7135
Newton	Cheshire West and Chester	a	53.2065	-2.8735
Newtown	Shropshire	a	52.7967	-2.8514
Nobold	Shropshire	a	52.6871	-2.7781
New Brighton	Wirral	a	53.4342	-3.0434
New Ferry	Wirral	a	53.3596	-2.9963
Noctorum	Wirral	a	53.3817	-3.0723
Norris Green	Liverpool	a	53.4449	-2.9231
Netherton	Sefton	a	53.4885	-2.9734
Newton	Wirral	a	53.3736	-3.1526
Ness	Cheshire West and Chester	a	53.2768	-3.047
New Brighton	Sir y Fflint - Flintshire	a	53.2776	-3.188
Nant Mawr	Sir y Fflint - Flintshire	a	53.1622	-3.083
Ness Holt	Cheshire West and Chester	a	53.2788	-3.051
New Ifton	Shropshire	a	52.9215	-3.011
Nills Hill	Shropshire	a	52.6403	-2.8934
Nant-y-Felin	Conwy - Conwy	a	53.2486	-3.9712
Nant-y-Pandy	Conwy - Conwy	a	53.2483	-3.9658
New Brumby	North Lincolnshire	a	53.574	-0.6347
Nutwell	Doncaster	a	53.5322	-1.0468
Norby	Hambleton	a	54.2354	-1.3487
New Thirsk	Hambleton	a	54.2323	-1.3482
New Town	Wakefield	a	53.7062	-1.3085
New Fryston	Wakefield	a	53.7367	-1.3135
North Featherstone	Wakefield	a	53.6951	-1.3599
New Village	Doncaster	a	53.5529	-1.1403
Newhill	Rotherham	a	53.4951	-1.3546
Newton	Doncaster	a	53.5203	-1.1597
New Park	Harrogate	a	54.0078	-1.5544
New Scriven	Harrogate	a	54.0189	-1.4683
New Brighton	Wakefield	a	53.678	-1.5087
New Brighton	Leeds	a	53.7469	-1.6082
Norristhorpe	Kirklees	a	53.7004	-1.695
New Blackpool	Leeds	a	53.7822	-1.6035
New Wortley	Leeds	a	53.792	-1.5698
Normanton Common	Wakefield	a	53.7048	-1.404
Nunroyd	Kirklees	a	53.7136	-1.673
Newton Hill	Wakefield	a	53.7009	-1.502
Northorpe	Kirklees	a	53.684	-1.6797
Nethertown	Leeds	a	53.7594	-1.6526
Nook	Kirklees	a	53.7297	-1.6527
New Town	Leeds	a	53.8027	-1.5272
Newlay	Leeds	a	53.8264	-1.6373
New Farnley	Leeds	a	53.7778	-1.6226
Nook	Leeds	a	53.72	-1.5691
New Scarborough	Wakefield	a	53.6838	-1.5184
New Scarboro'	Kirklees	a	53.676	-1.6964
New Lodge	Barnsley	a	53.5773	-1.4795
Newstead	Wakefield	a	53.6267	-1.3991
New Crofton	Wakefield	a	53.6515	-1.4174
Northwood Close	Craven	a	54.0732	-1.9987
New Scarborough	Leeds	a	53.8667	-1.7022
Newall	Leeds	a	53.913	-1.6973
New Town	Bradford	a	53.8656	-1.9208
New Popplewell	Kirklees	a	53.7287	-1.7515
Nab Wood	Bradford	a	53.8264	-1.8117
Nab	Kirklees	a	53.6811	-1.7103
Norton Tower	Calderdale	a	53.7252	-1.9121
New Road Side	Bradford	a	53.7461	-1.7648
Norwood Park	Kirklees	a	53.6628	-1.8045
New Gate	Kirklees	a	53.5688	-1.7825
Netherton	Kirklees	a	53.6114	-1.7418
New Town	Kirklees	a	53.5723	-1.7853
Newsome	Kirklees	a	53.6289	-1.7828
Newtown	Kirklees	a	53.6493	-1.7889
Newtown	Kirklees	a	53.6049	-1.7886
Netheroyd Hill	Kirklees	a	53.6711	-1.7843
North Holme	Pendle	a	53.9105	-2.1521
New Town	Craven	a	53.9565	-2.0183
Nutclough	Calderdale	a	53.7452	-2.0163
Newchurch	Rossendale	a	53.6979	-2.2539
New Hall Hey	Rossendale	a	53.6982	-2.295
Nun Hills	Rossendale	a	53.6911	-2.2246
Newbridge	Pendle	a	53.8462	-2.2202
Nook	Oldham	a	53.5804	-2.0823
New Delph	Oldham	a	53.566	-2.0176
Near Barrowshaw	Oldham	a	53.5557	-2.078
North Moor	Oldham	a	53.5441	-2.1291
Newbold Brow	Rochdale	a	53.6187	-2.1361
Narrow Gate Brow	Oldham	a	53.5817	-2.1244
Norden	Rochdale	a	53.6278	-2.2046
New Moston	Manchester	a	53.5167	-2.1682
New Earth	Oldham	a	53.5371	-2.0878
Nimble Nook	Oldham	a	53.5346	-2.1506
Nether Lees	Oldham	a	53.5331	-2.0764
Newbold	Rochdale	a	53.6153	-2.1337
Nova Scotia	Blackburn with Darwen	a	53.7394	-2.4855
New Town	Ribble Valley	a	53.8232	-2.6075
Newtown	Salford	a	53.5135	-2.3392
New Springs	Wigan	a	53.5595	-2.602
New Bury	Bolton	a	53.5418	-2.411
Nob End	Bolton	a	53.5569	-2.3733
Nuttall	Bury	a	53.6377	-2.3186
Newlands	Lancaster	a	54.0342	-2.7794
Newton	Lancaster	a	54.0573	-2.7899
Newton	Fylde	a	53.7692	-2.8403
Nog Tow	Preston	a	53.7921	-2.7477
Nooklands	Preston	a	53.7805	-2.7189
Newtown	Wigan	a	53.5403	-2.6527
Norley	Wigan	a	53.5428	-2.6748
North Ashton	Wigan	a	53.4995	-2.6638
Newtown	Chorley	a	53.6633	-2.7388
Newbarns	Barrow-in-Furness	a	54.124	-3.206
Norbreck	Blackpool	a	53.8616	-3.0439
Norcross	Wyre	a	53.8627	-3.0163
Newton	Fylde	a	53.8234	-2.9985
Normoss	Wyre	a	53.8274	-3.008
North Shore	Blackpool	a	53.8348	-3.0474
North Scale	Barrow-in-Furness	a	54.1198	-3.255
North Walney	Barrow-in-Furness	a	54.112	-3.2571
New Skelton	Redcar and Cleveland	a	54.5612	-0.9693
Northlea	County Durham	a	54.8445	-1.3584
Norton	Stockton-on-Tees	a	54.5906	-1.3168
Normanby	Redcar and Cleveland	a	54.5553	-1.1616
Nunthorpe	Middlesbrough	a	54.5219	-1.1744
Newport	Middlesbrough	a	54.5701	-1.2577
Newtown	Stockton-on-Tees	a	54.5704	-1.3234
North Ormesby	Middlesbrough	a	54.5705	-1.2127
Newham Grange	Stockton-on-Tees	a	54.5707	-1.333
North Seaton	Northumberland	a	55.1729	-1.5352
Newsham	Northumberland	a	55.1138	-1.531
Newcastle Great Park	Newcastle upon Tyne	a	55.0223	-1.6602
New Delaval	Northumberland	a	55.1099	-1.5305
North Shields	North Tyneside	a	55.0089	-1.443
Nelson Village	Northumberland	a	55.0924	-1.6036
Newton Hall	County Durham	a	54.7962	-1.5701
Neville's Cross	County Durham	a	54.7708	-1.5901
North Hylton	Sunderland	a	54.9105	-1.4532
New Silksworth	Sunderland	a	54.8756	-1.4018
North End	County Durham	a	54.7845	-1.5869
North Side	Gateshead	a	54.9014	-1.5643
New Town	Sunderland	a	54.8414	-1.4592
New Shildon	County Durham	a	54.6251	-1.6467
Newbiggin Hall Estate	Newcastle upon Tyne	a	55.0036	-1.6928
New Kyo	County Durham	a	54.8597	-1.7239
Newtown	Carlisle	a	54.895	-2.9658
North Side	Allerdale	a	54.6516	-3.5489
Netherton	Allerdale	a	54.7148	-3.4815
Nithside	Dumfries and Galloway	a	55.0733	-3.6182
Noblehill	Dumfries and Galloway	a	55.0702	-3.5823
Nether Huntlywood	Scottish Borders	a	55.6791	-2.6069
Nungate	East Lothian	a	55.9548	-2.7647
Netherdale	Scottish Borders	a	55.6086	-2.7828
Northend	Fife	a	56.1695	-3.1455
Newliston	Fife	a	56.1266	-3.2028
Newcraighall	City of Edinburgh	a	55.9332	-3.1003
North Leith	City of Edinburgh	a	55.9784	-3.1934
Newhailes	East Lothian	a	55.944	-3.0727
Nether Liberton	City of Edinburgh	a	55.9274	-3.1653
New Town	City of Edinburgh	a	55.953	-3.2004
Newbattle	Midlothian	a	55.8808	-3.0711
New Pentland	Midlothian	a	55.8774	-3.165
Newhaven	City of Edinburgh	a	55.9802	-3.193
Northfield	City of Edinburgh	a	55.9503	-3.1365
Newington	City of Edinburgh	a	55.9297	-3.1756
North Merchiston	City of Edinburgh	a	55.9351	-3.2262
Niddrie	City of Edinburgh	a	55.9325	-3.1274
North Broomage	Falkirk	a	56.0301	-3.8383
Newtown	Falkirk	a	56.0112	-3.6061
New Lanark	South Lanarkshire	a	55.664	-3.7815
Nethanfoot	South Lanarkshire	a	55.7036	-3.8734
Newton	South Lanarkshire	a	55.8202	-4.1232
Northfield	North Lanarkshire	a	55.9812	-4.0738
North Barrwood	North Lanarkshire	a	55.9794	-4.0451
New Stevenston	North Lanarkshire	a	55.8135	-3.9744
North Motherwell	North Lanarkshire	a	55.7955	-4.0091
Netherton	North Lanarkshire	a	55.7683	-3.9429
Nerston	South Lanarkshire	a	55.779	-4.1678
Newlandsmuir	South Lanarkshire	a	55.747	-4.2195
North Cardonald	Glasgow City	a	55.8576	-4.3604
North Clippens	Renfrewshire	a	55.8529	-4.5108
Netherton	Glasgow City	a	55.896	-4.3311
Newlands	Glasgow City	a	55.8156	-4.2864
North Kelvin	Glasgow City	a	55.8804	-4.2846
North Barr	Renfrewshire	a	55.9073	-4.46
Newmains	Renfrewshire	a	55.8674	-4.3903
Netherlee	East Renfrewshire	a	55.8026	-4.2701
Nether Kirkton	East Renfrewshire	a	55.7882	-4.4194
New Farm Loch	East Ayrshire	a	55.6184	-4.477
Netherthird	East Ayrshire	a	55.4415	-4.2531
North Auchneagh	Inverclyde	a	55.9488	-4.7946
Newton on Ayr	South Ayrshire	a	55.4732	-4.6243
North Kiscadale	North Ayrshire	a	55.4927	-5.1
Narachan	North Ayrshire	a	55.7008	-5.2718
North Newton	North Ayrshire	a	55.7161	-5.2856
North Whitehills	Angus	a	56.6545	-2.8778
Northmuir	Angus	a	56.6846	-3.0088
Ninewells	Dundee City	a	56.4581	-3.0369
Newcastle	Fife	a	56.1942	-3.2108
North Inch	Perth and Kinross	a	56.4076	-3.4413
Newton of Pitcairns	Perth and Kinross	a	56.3098	-3.5816
Nigg	Aberdeen City	a	57.116	-2.0925
Northfield	Aberdeen City	a	57.1655	-2.1633
New Elgin	Moray	a	57.6412	-3.3082
North Cuil	Highland	a	57.5912	-6.3556
Newmarket	Na h-Eileanan an Iar	a	58.2372	-6.391
Northpunds	Shetland Islands	a	59.9821	-1.2726
North Town	Shetland Islands	a	59.8921	-1.2875
Northbourne	Dover	v	51.2208	1.341
Nonington	Dover	v	51.2253	1.2258
Neames Forstal	Swale	v	51.2752	0.9413
Newingreen	Folkestone and Hythe	v	51.0862	1.032
Newchurch	Folkestone and Hythe	v	51.0447	0.9271
Newington	Folkestone and Hythe	v	51.0946	1.1157
North Fambridge	Maldon	v	51.6433	0.6773
Newington	Swale	v	51.3519	0.6679
Newnham	Swale	v	51.2844	0.7994
Newenden	Ashford	v	51.0166	0.6211
Northiam	Rother	v	50.9941	0.6002
Noak Hill	Basildon	v	51.603	0.4228
North Benfleet	Basildon	v	51.5768	0.5331
Nevendon	Basildon	v	51.595	0.532
North Stifford	Thurrock	v	51.4982	0.3062
New Barn	Dartford	v	51.3955	0.327
North Halling	Medway	v	51.3646	0.4433
New Ash Green	Sevenoaks	v	51.3667	0.3039
New Hythe	Tonbridge and Malling	v	51.3119	0.4505
Nettlestead	Maidstone	v	51.2469	0.4148
Nettlestead Green	Maidstone	v	51.2309	0.406
Northbridge Street	Rother	v	50.9912	0.4799
Netherfield	Rother	v	50.9415	0.4467
Normans' Bay	Rother	v	50.8257	0.3929
Ninfield	Wealden	v	50.8864	0.4253
North Ockendon	Havering	v	51.5433	0.2886
Navestock Side	Brentwood	v	51.6513	0.2564
North Cray	Bexley	v	51.4316	0.1408
Nutley	Wealden	v	51.0289	0.056
Newick	Lewes	v	50.9744	0.0184
Nork	Reigate and Banstead	v	51.3258	-0.2326
Newchapel	Tandridge	v	51.1631	-0.0553
Netherne on-the-Hill	Reigate and Banstead	v	51.2921	-0.1445
Nutfield	Tandridge	v	51.2398	-0.1251
North Chailey	Lewes	v	50.9713	-0.018
New Denham	Buckinghamshire	v	51.5541	-0.489
New Haw	Runnymede	v	51.3477	-0.5027
Newdigate	Mole Valley	v	51.1668	-0.29
North Heath	Horsham	v	50.9812	-0.4788
Newpound Common	Chichester	v	51.0334	-0.4885
Nutbourne	Horsham	v	50.9547	-0.4707
North Cove	East Suffolk	v	52.4469	1.6318
Norton Subcourse	South Norfolk	v	52.533	1.5493
Newton Flotman	South Norfolk	v	52.5377	1.2612
Needham	South Norfolk	v	52.3871	1.2733
Newtown	Mid Suffolk	v	52.2726	1.2433
Newbourne	East Suffolk	v	52.039	1.3137
Nacton	East Suffolk	v	52.0138	1.2325
New Buckenham	Breckland	v	52.4718	1.0732
North Lopham	Breckland	v	52.4078	0.9921
Nedging Tye	Babergh	v	52.1086	0.9492
Northacre	Breckland	v	52.5471	0.8776
Norton	Mid Suffolk	v	52.2551	0.8725
Norton Little Green	Mid Suffolk	v	52.2611	0.897
Newton	Babergh	v	52.0322	0.7928
Nayland	Babergh	v	51.9729	0.8736
Nounsley	Braintree	v	51.7632	0.6071
Northwold	King's Lynn and West Norfolk	v	52.5422	0.5881
North End	Chelmsford	v	51.8407	0.4159
Newton	South Cambridgeshire	v	52.1237	0.0968
Nuthampstead	North Hertfordshire	v	51.9932	0.0383
Newport	Uttlesford	v	51.9839	0.2144
North Weald Bassett	Epping Forest	v	51.7175	0.1686
Nazeing	Epping Forest	v	51.7394	0.0464
Nine Ashes	Epping Forest	v	51.7005	0.3039
Needingworth	Huntingdonshire	v	52.3305	-0.0322
Newnham	North Hertfordshire	v	52.0209	-0.1878
North Mymms	Welwyn Hatfield	v	51.7273	-0.23
Newgate Street	Welwyn Hatfield	v	51.7288	-0.1172
Northaw	Welwyn Hatfield	v	51.7049	-0.1515
Norman Cross	Huntingdonshire	v	52.5027	-0.2951
Nassington	North Northamptonshire	v	52.5531	-0.4268
Northill	Central Bedfordshire	v	52.1057	-0.323
Newport	Great Yarmouth	v	52.6913	1.7054
Northrepps	North Norfolk	v	52.9054	1.3371
Neatishead	North Norfolk	v	52.7375	1.4672
Newton St Faith	Broadland	v	52.7053	1.2807
North Tuddenham	Breckland	v	52.6833	1.0244
North Elmham	Breckland	v	52.7486	0.9392
North Creake	King's Lynn and West Norfolk	v	52.9083	0.7523
North Pickenham	Breckland	v	52.627	0.7506
Necton	Breckland	v	52.6527	0.7746
Narborough	Breckland	v	52.6838	0.5871
North Runcton	King's Lynn and West Norfolk	v	52.714	0.4313
North Somercotes	East Lindsey	v	53.4458	0.1407
New Leake	East Lindsey	v	53.0942	0.0933
Nordelph	King's Lynn and West Norfolk	v	52.5843	0.2955
Newton-in-the-Isle	Fenland	v	52.7093	0.1124
North Thoresby	East Lindsey	v	53.4665	-0.0557
North Cockerington	East Lindsey	v	53.3958	0.0665
New York	East Lindsey	v	53.078	-0.1399
Northlands	East Lindsey	v	53.061	0.0143
New Bolingbroke	East Lindsey	v	53.104	-0.0475
Northorpe	South Holland	v	52.9139	-0.2064
Newborough	City of Peterborough	v	52.6388	-0.2227
North Owersby	West Lindsey	v	53.4366	-0.4063
Normanby-by-Spital	West Lindsey	v	53.3806	-0.4967
North Willingham	West Lindsey	v	53.3793	-0.2518
Newtoft	West Lindsey	v	53.3649	-0.429
North Greetwell	West Lindsey	v	53.251	-0.4794
Nettleham	West Lindsey	v	53.2659	-0.4889
Nocton	North Kesteven	v	53.1659	-0.4194
North Rauceby	North Kesteven	v	53.0053	-0.4782
North Kyme	North Kesteven	v	53.0601	-0.2809
Newton	North Kesteven	v	52.9132	-0.4436
Northgate	South Holland	v	52.8196	-0.2267
Northorpe	South Kesteven	v	52.7412	-0.383
Northborough	City of Peterborough	v	52.6584	-0.3009
North Cotes	East Lindsey	v	53.4855	0.034
New Waltham	North East Lincolnshire	v	53.5242	-0.0612
North Frodingham	East Riding of Yorkshire	v	53.9628	-0.3291
Nafferton	East Riding of Yorkshire	v	54.0165	-0.3897
New Ellerby	East Riding of Yorkshire	v	53.8357	-0.2233
New Holland	North Lincolnshire	v	53.6997	-0.3605
North Killingholme	North Lincolnshire	v	53.6415	-0.275
North Kelsey Moor	West Lindsey	v	53.5015	-0.3831
North Kelsey	West Lindsey	v	53.5015	-0.4288
Nettleton	West Lindsey	v	53.4865	-0.3366
Nettlestone	Isle of Wight	v	50.7133	-1.1172
Newchurch	Isle of Wight	v	50.6646	-1.2083
Newbridge	Isle of Wight	v	50.6872	-1.4201
Ningwood	Isle of Wight	v	50.6954	-1.4325
Niton	Isle of Wight	v	50.5876	-1.2848
Norleywood	New Forest	v	50.7776	-1.4965
Norton	Isle of Wight	v	50.7028	-1.5138
Norton Green	Isle of Wight	v	50.6942	-1.5159
Neacroft	New Forest	v	50.7726	-1.7361
Nettlecombe	Dorset	v	50.7576	-2.6844
Netherbury	Dorset	v	50.7903	-2.7521
Northleigh	East Devon	v	50.7581	-3.1415
Newton Poppleford	East Devon	v	50.7002	-3.295
Nadderwater	Teignbridge	v	50.7275	-3.5674
Newton St Cyres	Mid Devon	v	50.772	-3.59
North Bovey	Teignbridge	v	50.6408	-3.7835
North Brentor	West Devon	v	50.6129	-4.1481
Northlew	West Devon	v	50.7715	-4.1263
Norris Green	Cornwall	v	50.5053	-4.2382
Newton Ferrers	South Hams	v	50.3147	-4.0384
Noss Mayo	South Hams	v	50.3113	-4.0377
North Petherwin	Cornwall	v	50.6771	-4.4338
North Tamerton	Cornwall	v	50.7499	-4.3939
North Hill	Cornwall	v	50.5634	-4.4418
No Man's Land	Cornwall	v	50.3849	-4.428
Nanstallon	Cornwall	v	50.469	-4.7663
New Polzeath	Cornwall	v	50.5779	-4.9132
Nanpean	Cornwall	v	50.3689	-4.8693
North Country	Cornwall	v	50.2492	-5.2357
Newbridge	Cornwall	v	50.2565	-5.0934
Nancegollan	Cornwall	v	50.143	-5.3111
Newbridge	Cornwall	v	50.129	-5.6054
Nancledra	Cornwall	v	50.1711	-5.5079
New Grimsby	Isles of Scilly	v	49.9558	-6.3389
Naphill	Buckinghamshire	v	51.6653	-0.7771
North Ascot	Bracknell Forest	v	51.4192	-0.694
Newell Green	Bracknell Forest	v	51.4328	-0.7419
Normandy	Guildford	v	51.2538	-0.6711
Norney	Guildford	v	51.1935	-0.6534
Nutcombe	Waverley	v	51.1012	-0.747
Nyewood	Chichester	v	50.9883	-0.8595
Northchapel	Chichester	v	51.0538	-0.6449
Norton	Arun	v	50.847	-0.6852
North Mundham	Chichester	v	50.8147	-0.7584
Newington	South Oxfordshire	v	51.6648	-1.1206
Northend	Buckinghamshire	v	51.6275	-0.9404
Nettlebed	South Oxfordshire	v	51.5776	-0.9908
North Stoke	South Oxfordshire	v	51.5702	-1.1166
Nuffield	South Oxfordshire	v	51.5794	-1.0347
New Town	West Berkshire	v	51.4792	-1.1289
North Warnborough	Hart	v	51.2583	-0.9528
Newnham	Basingstoke and Deane	v	51.2805	-0.9897
Nately Scures	Basingstoke and Deane	v	51.2729	-0.9891
Newton Valence	East Hampshire	v	51.0926	-0.9755
Nutbourne	Chichester	v	50.8438	-0.896
Northney	Havant	v	50.8285	-0.9635
Newtown	Winchester	v	50.9134	-1.1323
North Hayling	Havant	v	50.824	-0.9636
North Moreton	South Oxfordshire	v	51.6021	-1.1911
Nuneham Courtenay	South Oxfordshire	v	51.6886	-1.2014
Newtown Common	Basingstoke and Deane	v	51.3643	-1.3273
Newtown	Basingstoke and Deane	v	51.3723	-1.3162
North Waltham	Basingstoke and Deane	v	51.2125	-1.196
New Cheriton	Winchester	v	51.0451	-1.1614
Northbrook	Winchester	v	51.1525	-1.272
North Boarhunt	Winchester	v	50.8899	-1.1489
Netley	Eastleigh	v	50.8734	-1.3521
Newton Tony	Wiltshire	v	51.1631	-1.6922
Nether Wallop	Test Valley	v	51.1266	-1.5704
Newtown	Test Valley	v	51.0105	-1.5616
Nursling	Test Valley	v	50.945	-1.4638
North Baddesley	Test Valley	v	50.9779	-1.4374
Netley Marsh	New Forest	v	50.9141	-1.53
Nomansland	Wiltshire	v	50.9563	-1.6433
Newbridge	New Forest	v	50.935	-1.5768
Netheravon	Wiltshire	v	51.2383	-1.791
Netherhampton	Wiltshire	v	51.0687	-1.8533
Nunton	Wiltshire	v	51.033	-1.7735
North Gorley	New Forest	v	50.9035	-1.7733
North Charford	New Forest	v	50.9732	-1.7214
Nettleton	Wiltshire	v	51.4994	-2.2579
Neston	Wiltshire	v	51.4152	-2.2016
Notton	Wiltshire	v	51.4213	-2.1348
North Wraxall	Wiltshire	v	51.4737	-2.2631
Norton Bavant	Wiltshire	v	51.1888	-2.1327
North Bradley	Wiltshire	v	51.2967	-2.2057
New Town	Dorset	v	50.8628	-2.0121
Nibley	South Gloucestershire	v	51.5404	-2.4469
North Nibley	Stroud	v	51.6611	-2.3781
Newport	Stroud	v	51.6755	-2.4371
Newton St Loe	Bath and North East Somerset	v	51.3821	-2.4286
Norton Malreward	Bath and North East Somerset	v	51.3826	-2.5741
Nunney	Mendip	v	51.2092	-2.3785
Norton St Philip	Mendip	v	51.3017	-2.3253
North Barrow	South Somerset	v	51.0624	-2.5577
North Cheriton	South Somerset	v	51.03	-2.4436
North Cadbury	South Somerset	v	51.045	-2.523
North Brewham	South Somerset	v	51.1322	-2.3977
New Passage	South Gloucestershire	v	51.5707	-2.6515
North End	North Somerset	v	51.3998	-2.838
North Wootton	Mendip	v	51.1726	-2.6247
Norton sub Hamdon	South Somerset	v	50.9409	-2.7564
North Perrott	South Somerset	v	50.8833	-2.7463
Nether Compton	Dorset	v	50.9542	-2.5742
North Coker	South Somerset	v	50.9152	-2.6584
Nash	Casnewydd - Newport	v	51.5489	-2.9462
North Curry	Somerset West and Taunton	v	51.023	-2.9723
Nailsbourne	Somerset West and Taunton	v	51.0494	-3.1128
North Newton	Sedgemoor	v	51.074	-3.0021
Nantgarw	Rhondda Cynon Taf - Rhondda Cynon Taf	v	51.561	-3.2721
Nelson	Caerffili - Caerphilly	v	51.6523	-3.2836
Nynehead	Somerset West and Taunton	v	50.9983	-3.2269
Norton Fitzwarren	Somerset West and Taunton	v	51.0262	-3.1468
Nether Stowey	Sedgemoor	v	51.1511	-3.1566
Norman's Green	East Devon	v	50.8239	-3.3419
Nant-y-moel	Pen-y-bont ar Ogwr - Bridgend	v	51.6244	-3.5401
North Cornelly	Pen-y-bont ar Ogwr - Bridgend	v	51.5222	-3.7066
Nomansland	Mid Devon	v	50.9128	-3.655
North Molton	North Devon	v	51.0536	-3.8003
Newbuildings	Mid Devon	v	50.8186	-3.7117
Nymet Rowland	Mid Devon	v	50.859	-3.8303
Newton Tracey	North Devon	v	51.0252	-4.1012
North Crawley	Milton Keynes	v	52.0931	-0.6473
Newton Blossomville	Milton Keynes	v	52.1535	-0.6494
Newton Longville	Buckinghamshire	v	51.9746	-0.766
Northall	Buckinghamshire	v	51.8709	-0.6082
North Kilworth	Harborough	v	52.4462	-1.0973
Newton Harcourt	Harborough	v	52.5675	-1.0577
Naseby	West Northamptonshire	v	52.3952	-0.9886
Norton	West Northamptonshire	v	52.2686	-1.1191
Nether Heyford	West Northamptonshire	v	52.221	-1.0363
Newton Purcell	Cherwell	v	51.973	-1.09
North Marston	Buckinghamshire	v	51.8987	-0.8834
Nash	Buckinghamshire	v	51.9994	-0.8617
Nether Winchendon	Buckinghamshire	v	51.8038	-0.9384
Narborough	Blaby	v	52.5733	-1.2078
Newton	Rugby	v	52.3992	-1.2208
Napton on the Hill	Stratford-on-Avon	v	52.2444	-1.3211
Newnham	West Northamptonshire	v	52.2319	-1.1542
North Aston	Cherwell	v	51.9564	-1.3095
North Newington	Cherwell	v	52.0551	-1.3896
Northmoor	West Oxfordshire	v	51.7228	-1.395
Noke	Cherwell	v	51.8134	-1.2082
Neal's Green	Nuneaton and Bedworth	v	52.4549	-1.5051
New Arley	North Warwickshire	v	52.5056	-1.5665
Nether Whitacre	North Warwickshire	v	52.5307	-1.6608
Norton Lindsey	Warwick	v	52.2647	-1.6667
Newbold-on-Stour	Stratford-on-Avon	v	52.1125	-1.6405
Northend	Stratford-on-Avon	v	52.1704	-1.4291
Nether Westcote	Cotswold	v	51.8803	-1.6745
New Yatt	West Oxfordshire	v	51.8142	-1.4567
North Leigh	West Oxfordshire	v	51.8135	-1.439
New End	Wychavon	v	52.2385	-1.9286
Norton	Wychavon	v	52.1248	-1.9421
North Littleton	Wychavon	v	52.1235	-1.8782
Notgrove	Cotswold	v	51.8805	-1.8434
Naunton	Cotswold	v	51.9088	-1.8373
New Town	Tewkesbury	v	51.9904	-1.9321
North Cerney	Cotswold	v	51.7708	-1.9718
Nurton	South Staffordshire	v	52.5915	-2.2333
New Wood	South Staffordshire	v	52.4648	-2.1741
Naunton Beauchamp	Wychavon	v	52.1691	-2.0552
Norton	Wychavon	v	52.1587	-2.1788
Norton	Tewkesbury	v	51.9149	-2.2105
Naunton	Malvern Hills	v	52.0548	-2.1815
Northway	Tewkesbury	v	52.0031	-2.1113
Nympsfield	Stroud	v	51.7009	-2.2868
Neenton	Shropshire	v	52.4875	-2.5326
Netherton	Shropshire	v	52.4426	-2.3882
Nordley	Shropshire	v	52.5718	-2.458
Neen Sollars	Shropshire	v	52.3477	-2.4992
Noutard's Green	Malvern Hills	v	52.2948	-2.2956
Newnham Bridge	Malvern Hills	v	52.3193	-2.5237
Newtown	County of Herefordshire	v	52.1019	-2.5622
Newland	Malvern Hills	v	52.1408	-2.2994
Nupend	Stroud	v	51.7624	-2.306
Northwood Green	Forest of Dean	v	51.8441	-2.4061
Newnham	Forest of Dean	v	51.8032	-2.4501
Newland	Forest of Dean	v	51.7824	-2.6483
Newcastle	Shropshire	v	52.4347	-3.1062
Norton	Powys - Powys	v	52.3006	-3.0255
Nantmel	Powys - Powys	v	52.2851	-3.417
New Tredegar	Caerffili - Caerphilly	v	51.7208	-3.2424
Nant-y-cafn	Castell-nedd Port Talbot - Neath Port Talbot	v	51.7536	-3.7276
Nebo	Sir Ceredigion - Ceredigion	v	52.2657	-4.1312
Nantgaredig	Sir Gaerfyrddin - Carmarthenshire	v	51.8689	-4.1892
New Inn	Sir Gaerfyrddin - Carmarthenshire	v	52.0079	-4.2271
Nantycaws	Sir Gaerfyrddin - Carmarthenshire	v	51.8417	-4.2395
New Moat	Sir Benfro - Pembrokeshire	v	51.8935	-4.8165
New Hedges	Sir Benfro - Pembrokeshire	v	51.6933	-4.7082
Newgale	Sir Benfro - Pembrokeshire	v	51.8584	-5.1254
Nolton Haven	Sir Benfro - Pembrokeshire	v	51.8303	-5.1033
Newton Mountain	Sir Benfro - Pembrokeshire	v	51.7349	-4.9218
Northorpe	West Lindsey	v	53.4633	-0.6535
North Carlton	West Lindsey	v	53.2869	-0.5835
North Scarle	North Kesteven	v	53.1937	-0.7302
North Clifton	Newark and Sherwood	v	53.2395	-0.7669
Newton on Trent	West Lindsey	v	53.2585	-0.7547
Normanton-on-Cliffe	South Kesteven	v	53.0066	-0.5869
Navenby	North Kesteven	v	53.1085	-0.5251
Norton Disney	North Kesteven	v	53.122	-0.676
North Witham	South Kesteven	v	52.7855	-0.6262
North Luffenham	Rutland	v	52.6198	-0.6234
North Leverton with Habblesthorpe	Bassetlaw	v	53.3304	-0.8222
New Rossington	Doncaster	v	53.4747	-1.0774
North Wheatley	Bassetlaw	v	53.3649	-0.8634
Normanton on Trent	Bassetlaw	v	53.2126	-0.817
Norwell	Newark and Sherwood	v	53.1477	-0.8466
New Ollerton	Newark and Sherwood	v	53.2044	-1.0064
North Muskham	Newark and Sherwood	v	53.1201	-0.8109
Newton	Rushcliffe	v	52.9688	-0.9725
Normanton-on-the-Wolds	Rushcliffe	v	52.894	-1.0796
Nether Broughton	Melton	v	52.8249	-0.9689
Nether Haugh	Rotherham	v	53.4664	-1.3699
North Anston	Rotherham	v	53.3548	-1.2231
New Edlington	Doncaster	v	53.4858	-1.1878
North Wingfield	North East Derbyshire	v	53.1811	-1.3874
New Houghton	Bolsover	v	53.1806	-1.2548
Norton	Bassetlaw	v	53.2419	-1.1447
Newlands	Mansfield	v	53.1585	-1.1381
Newstead	Gedling	v	53.0711	-1.226
Newton	Bolsover	v	53.1307	-1.3389
Nuthall	Broxtowe	v	52.9952	-1.2335
Normanton on Soar	Rushcliffe	v	52.8025	-1.2333
Newbold	North West Leicestershire	v	52.7687	-1.4059
Nailstone	Hinckley and Bosworth	v	52.6599	-1.3856
Newbold Heath	Hinckley and Bosworth	v	52.6418	-1.3446
Newbold Verdon	Hinckley and Bosworth	v	52.6298	-1.3404
Newtown Linford	Charnwood	v	52.6863	-1.2368
Nether Padley	Derbyshire Dales	v	53.2999	-1.6285
Nether Heage	Amber Valley	v	53.0536	-1.4632
Newton Solney	South Derbyshire	v	52.8269	-1.5864
Newton Burgoland	North West Leicestershire	v	52.6796	-1.4565
Normanton le Heath	North West Leicestershire	v	52.7106	-1.4438
Newton Regis	North Warwickshire	v	52.6642	-1.5892
Norton-Juxta-Twycross	Hinckley and Bosworth	v	52.6579	-1.5245
Netherseal	South Derbyshire	v	52.7143	-1.5761
No Man's Heath	North Warwickshire	v	52.6775	-1.5744
New Smithy	High Peak	v	53.3389	-1.9224
Newborough	East Staffordshire	v	52.8273	-1.7999
Norton Canes	Cannock Chase	v	52.6716	-1.9644
Nether Alderley	Cheshire East	v	53.2893	-2.2364
Newchapel	Newcastle-under-Lyme	v	53.0907	-2.209
Norton Bridge	Stafford	v	52.8718	-2.1975
Newtown	South Staffordshire	v	52.6423	-2.0136
New Lane End	Warrington	v	53.4488	-2.5597
New Mills	Cheshire East	v	53.3343	-2.3353
Norton in Hales	Shropshire	v	52.9445	-2.4422
Norbury	Stafford	v	52.8082	-2.3205
New Works	Telford and Wrekin	v	52.6728	-2.4995
Norton	Shropshire	v	52.6013	-2.4009
Norley	Cheshire West and Chester	v	53.2459	-2.6472
No Man's Heath	Cheshire West and Chester	v	53.0264	-2.7275
Newtown	Shropshire	v	52.8797	-2.7761
Northwood	Shropshire	v	52.8944	-2.7965
Northop Hall	Sir y Fflint - Flintshire	v	53.2023	-3.0965
New Brighton	Sir y Fflint - Flintshire	v	53.181	-3.1174
Nercwys	Sir y Fflint - Flintshire	v	53.1381	-3.1485
Newbridge	Wrecsam - Wrexham	v	52.968	-3.0636
New Brighton	Wrecsam - Wrexham	v	53.0502	-3.0849
New Broughton	Wrecsam - Wrexham	v	53.0557	-3.0306
Nantmawr	Shropshire	v	52.8121	-3.1178
Nesscliffe	Shropshire	v	52.7682	-2.9168
Nantglyn	Sir Ddinbych - Denbighshire	v	53.1461	-3.49
Nant-y-Patrick	Sir Ddinbych - Denbighshire	v	53.2295	-3.4311
Nannerch	Sir y Fflint - Flintshire	v	53.2163	-3.2504
Nant Peris	Gwynedd - Gwynedd	v	53.1055	-4.0798
Niwbwrch	Sir Ynys Mon - Isle of Anglesey	v	53.1648	-4.3589
Nebo	Gwynedd - Gwynedd	v	53.0325	-4.2861
Nantlle	Gwynedd - Gwynedd	v	53.0567	-4.2255
Newton-on-Rawcliffe	Ryedale	v	54.3034	-0.7532
North Dalton	East Riding of Yorkshire	v	53.9573	-0.5723
Nunburnholme	East Riding of Yorkshire	v	53.9224	-0.7075
Newport	East Riding of Yorkshire	v	53.7617	-0.7018
North Cave	East Riding of Yorkshire	v	53.7805	-0.6449
North Ferriby	East Riding of Yorkshire	v	53.7222	-0.5024
North Newbald	East Riding of Yorkshire	v	53.819	-0.6152
Normanby	North Lincolnshire	v	53.6398	-0.6646
Nawton	Ryedale	v	54.2542	-0.9943
Normanby	Ryedale	v	54.2235	-0.8731
Nunnington	Ryedale	v	54.206	-0.9796
Newton upon Derwent	East Riding of Yorkshire	v	53.9374	-0.9044
New Earswick	York	v	53.9909	-1.0726
Newland	Selby	v	53.7152	-0.9577
North Duffield	Selby	v	53.826	-0.9604
Newton-on-Ouse	Hambleton	v	54.0318	-1.2193
Nether Poppleton	York	v	53.9876	-1.1471
Naburn	York	v	53.9023	-1.0894
Nun Monkton	Harrogate	v	54.0139	-1.2279
Newton Kyme	Selby	v	53.8977	-1.3157
Norton	Doncaster	v	53.6311	-1.177
North Elmsall	Wakefield	v	53.6094	-1.2808
Newby Wiske	Hambleton	v	54.2842	-1.4375
Newsham	Hambleton	v	54.2577	-1.4185
Nosterfield	Hambleton	v	54.2188	-1.5754
Newton-le-Willows	Richmondshire	v	54.297	-1.6829
North Stainley	Harrogate	v	54.181	-1.565
North Rigton	Harrogate	v	53.9382	-1.5752
Netherby	Harrogate	v	53.9174	-1.4909
Nidd	Harrogate	v	54.0331	-1.5365
New Sharlston	Wakefield	v	53.6786	-1.4262
Newmillerdam	Wakefield	v	53.6374	-1.5014
Netherton	Wakefield	v	53.6444	-1.5793
Notton	Wakefield	v	53.613	-1.4721
Norland Town	Calderdale	v	53.7004	-1.8966
Northowram	Calderdale	v	53.7403	-1.8314
Norr	Bradford	v	53.8229	-1.8532
Norwood Green	Calderdale	v	53.7366	-1.7859
Netherton	Kirklees	v	53.6141	-1.8117
Nettleton Hill	Kirklees	v	53.6483	-1.8659
New Mill	Kirklees	v	53.575	-1.75
Netherthong	Kirklees	v	53.5835	-1.7908
Newbiggin	Richmondshire	v	54.2672	-2.0026
Newchurch in Pendle	Pendle	v	53.8498	-2.2719
Nangreaves	Bury	v	53.632	-2.2892
Newhey	Rochdale	v	53.6001	-2.0982
Nether Burrow	Lancaster	v	54.1715	-2.5929
Newby	Craven	v	54.1251	-2.4194
Newton	Ribble Valley	v	53.9498	-2.4624
Nab's Head	South Ribble	v	53.758	-2.5732
Nethertown	Ribble Valley	v	53.8295	-2.4175
New Manchester	Wigan	v	53.5143	-2.4199
New Hutton	South Lakeland	v	54.3131	-2.6755
Newton-in-Cartmel	South Lakeland	v	54.2379	-2.9178
Natland	South Lakeland	v	54.2967	-2.7378
Nether Kellet	Lancaster	v	54.107	-2.7587
New Gate	South Ribble	v	53.723	-2.7252
Newsham	Preston	v	53.8242	-2.7548
Newton-with-Scales	Fylde	v	53.77	-2.8404
New Longton	South Ribble	v	53.7269	-2.7463
New Lane	West Lancashire	v	53.6078	-2.8647
Newburgh	West Lancashire	v	53.5868	-2.7834
Near Sawrey	South Lakeland	v	54.3526	-2.9717
Newby Bridge	South Lakeland	v	54.2686	-2.9713
Newbiggin	South Lakeland	v	54.1152	-3.1198
Newton	Barrow-in-Furness	v	54.1353	-3.1798
Newholm	Scarborough	v	54.4829	-0.6635
New Marske	Redcar and Cleveland	v	54.5832	-1.0379
North Skelton	Redcar and Cleveland	v	54.5573	-0.9596
Newton under Roseberry	Redcar and Cleveland	v	54.5112	-1.1217
Newby	Hambleton	v	54.5026	-1.2181
North Blyth	Northumberland	v	55.1348	-1.5104
Nedderton	Northumberland	v	55.1312	-1.6347
New Hartley	Northumberland	v	55.0846	-1.5199
New York	North Tyneside	v	55.0249	-1.4862
New Brancepeth	County Durham	v	54.7685	-1.6527
New Herrington	Sunderland	v	54.867	-1.484
Nettlesworth	County Durham	v	54.8239	-1.6019
No Place	County Durham	v	54.873	-1.6641
Newfield	County Durham	v	54.8648	-1.6205
Newbottle	Sunderland	v	54.8573	-1.4743
Newfield	County Durham	v	54.6962	-1.6812
North Close	County Durham	v	54.6832	-1.5983
Neasham	Darlington	v	54.4864	-1.4977
North Cowton	Richmondshire	v	54.4284	-1.5714
Netherwitton	Northumberland	v	55.2058	-1.8446
Newton	Northumberland	v	54.975	-1.9475
Newburn	Newcastle upon Tyne	v	54.9827	-1.7427
Newton Hall	Northumberland	v	54.9818	-1.9446
New Ridley	Northumberland	v	54.9291	-1.9074
North Bitchburn	County Durham	v	54.69	-1.7335
Newsham	Richmondshire	v	54.4844	-1.8382
Newbrough	Northumberland	v	55.0053	-2.1973
Nenthead	Eden	v	54.7879	-2.3415
Newbiggin	Eden	v	54.6505	-2.5779
Newbiggin-on-Lune	Eden	v	54.4425	-2.4589
Nateby	Eden	v	54.4558	-2.3462
Newtown	Carlisle	v	54.9549	-2.7878
Newby East	Carlisle	v	54.9172	-2.8191
Newbiggin	Eden	v	54.8356	-2.6912
Newton Reigny	Eden	v	54.6787	-2.8098
Newby	Eden	v	54.5858	-2.6303
Newbiggin	Eden	v	54.6609	-2.8268
Newbie	Dumfries and Galloway	v	54.9741	-3.2805
Newton Arlosh	Allerdale	v	54.8841	-3.2524
Newbridge	Dumfries and Galloway	v	55.0926	-3.6523
Ninemile Bar	Dumfries and Galloway	v	55.0366	-3.8336
New Abbey	Dumfries and Galloway	v	54.9811	-3.6244
Nethertown	Copeland	v	54.4543	-3.5593
New Luce	Dumfries and Galloway	v	54.9442	-4.8523
North Sunderland	Northumberland	v	55.5763	-1.6678
North End	Northumberland	v	55.3107	-1.797
Newton on the Moor	Northumberland	v	55.3408	-1.7302
Norham	Northumberland	v	55.7186	-2.1606
Netherton	Northumberland	v	55.3622	-2.0156
Nisbet	Scottish Borders	v	55.5246	-2.5185
New Winton	East Lothian	v	55.9291	-2.92
Nether Blainslie	Scottish Borders	v	55.6885	-2.729
Newtown St Boswells	Scottish Borders	v	55.576	-2.671
Newstead	Scottish Borders	v	55.5996	-2.699
Newbigging	Fife	v	56.1023	-3.2532
Newtongrange	Midlothian	v	55.8668	-3.0669
Newton Village	Midlothian	v	55.9134	-3.0938
North Middleton	Midlothian	v	55.8208	-3.0232
North Queensferry	Fife	v	56.0098	-3.3946
Newmills	Fife	v	56.0596	-3.5838
Newton	West Lothian	v	55.983	-3.4563
Newbridge	City of Edinburgh	v	55.9375	-3.4075
Newbigging	South Lanarkshire	v	55.6957	-3.5703
Newmains	North Lanarkshire	v	55.7833	-3.8775
Netherburn	South Lanarkshire	v	55.7079	-3.9106
Nemphlar	South Lanarkshire	v	55.6838	-3.8209
New Trows	South Lanarkshire	v	55.6255	-3.8931
New Monkland	North Lanarkshire	v	55.887	-3.993
Newarthill	North Lanarkshire	v	55.8148	-3.9385
Nerston	South Lanarkshire	v	55.7857	-4.1646
New Cumnock	East Ayrshire	v	55.3968	-4.1839
Neilston	East Renfrewshire	v	55.7851	-4.4255
Netherley	Aberdeenshire	v	57.0338	-2.2457
Newtonhill	Aberdeenshire	v	57.0314	-2.1499
Noranside	Angus	v	56.7371	-2.8712
Newbigging	Angus	v	56.5142	-2.8173
New Gilston	Fife	v	56.2623	-2.92
New Alyth	Perth and Kinross	v	56.6122	-3.2326
Newtyle	Angus	v	56.5579	-3.1462
Newton of Falkland	Fife	v	56.251	-3.1831
Newtonmore	Highland	v	57.0635	-4.1235
North Ballachulish	Highland	v	56.6943	-5.1808
North Connel	Argyll and Bute	v	56.4591	-5.3912
New Aberdour	Aberdeenshire	v	57.655	-2.1955
New Deer	Aberdeenshire	v	57.512	-2.1928
New Pitsligo	Aberdeenshire	v	57.5915	-2.1965
New Byth	Aberdeenshire	v	57.5741	-2.2997
New Leeds	Aberdeenshire	v	57.5817	-2.008
Newburgh	Aberdeenshire	v	57.3171	-2.0033
Newmachar	Aberdeenshire	v	57.2657	-2.1906
Newhills	Aberdeen City	v	57.1783	-2.2095
Newmill	Moray	v	57.5587	-2.945
Nether Dallachy	Moray	v	57.6604	-3.0751
Nethy Bridge	Highland	v	57.2649	-3.6579
North Kessock	Highland	v	57.501	-4.2447
Newlands of Culloden	Highland	v	57.4844	-4.0683
Na Torrin	Highland	v	57.2147	-6.0142
Newport	Highland	v	58.1953	-3.4886
Nis	Na h-Eileanan an Iar	v	58.4777	-6.2539
Na Gearrannan	Na h-Eileanan an Iar	v	58.2922	-6.7798
North Roe	Shetland Islands	v	60.5859	-1.3307
Nash	Dover	h	51.2856	1.2483
Napchester	Dover	h	51.1774	1.3073
Nackington	Canterbury	h	51.2505	1.0839
North Elham	Folkestone and Hythe	h	51.1594	1.121
North Street	Swale	h	51.2851	0.885
Newbarn	Folkestone and Hythe	h	51.1175	1.0826
Norton Ash	Swale	h	51.3216	0.8251
North Street	Medway	h	51.4384	0.6048
Newland Green	Ashford	h	51.1812	0.7164
New Street	Sevenoaks	h	51.3518	0.3391
Noke Street	Medway	h	51.4163	0.5025
Nash Street	Gravesham	h	51.3966	0.3583
Northfleet Green	Gravesham	h	51.418	0.3373
New Pound	Tonbridge and Malling	h	51.2672	0.3604
Newbury's	Wealden	h	51.0811	0.3529
Navestock Heath	Brentwood	h	51.6533	0.2206
Navestock Common	Brentwood	h	51.6318	0.2046
Nash	Bromley	h	51.3571	0.0159
Newtown	Sevenoaks	h	51.1713	0.1109
Newbridge	Wealden	h	51.0744	0.0769
North End	Lewes	h	50.9025	0.0066
Norlington	Lewes	h	50.8974	0.0544
Northease	Lewes	h	50.8416	0.0031
Nash Street	Wealden	h	50.895	0.2043
Norton	Lewes	h	50.7973	0.0857
North Corner	Wealden	h	50.9201	0.2627
North Looe	Epsom and Ewell	h	51.3327	-0.2341
Norwood Hill	Mole Valley	h	51.1775	-0.2266
Nalderswood	Mole Valley	h	51.1924	-0.2403
Newtimber	Mid Sussex	h	50.9098	-0.1948
Newyears Green	Hillingdon	h	51.5806	-0.46
Nuthurst	Horsham	h	51.0212	-0.3015
North Stoke	Horsham	h	50.8875	-0.5475
Nutbourne Common	Horsham	h	50.9514	-0.4719
North Green	South Norfolk	h	52.4495	1.2744
North Green	East Suffolk	h	52.2087	1.3821
North Green	East Suffolk	h	52.2418	1.5092
Naughton	Babergh	h	52.1021	0.953
Nettlestead	Mid Suffolk	h	52.1028	1.0482
North End	Breckland	h	52.49	0.9421
Nowton	West Suffolk	h	52.2116	0.7176
Nether Street	West Suffolk	h	52.2193	0.8132
Newthorpe	West Suffolk	h	52.2316	0.7866
Newman's Green	Babergh	h	52.0619	0.7457
Nedging	Babergh	h	52.0961	0.917
Needham Street	West Suffolk	h	52.2633	0.5206
New England	Braintree	h	52.0603	0.4886
Nosterfield End	South Cambridgeshire	h	52.0735	0.3868
North End	Braintree	h	52.0205	0.6043
Norton Heath	Epping Forest	h	51.7128	0.3162
Norton End	Uttlesford	h	52.0003	0.2009
Northend	Uttlesford	h	52.0332	0.2159
Norton Mandeville	Epping Forest	h	51.718	0.2855
Nether Street	East Hertfordshire	h	51.8257	0.0614
Nether Street	Epping Forest	h	51.7849	0.2928
Norwood End	Epping Forest	h	51.7488	0.2685
Newman's End	Epping Forest	h	51.7909	0.1976
North Side	City of Peterborough	h	52.5788	-0.1201
North Brook End	South Cambridgeshire	h	52.0834	-0.1187
Newton	Central Bedfordshire	h	52.0838	-0.209
Newsells	North Hertfordshire	h	52.0161	0.0199
Nasty	East Hertfordshire	h	51.9031	-0.0247
Nup End Green	North Hertfordshire	h	51.8648	-0.2215
Northaw Valley	Welwyn Hatfield	h	51.692	-0.1379
New Mill End	Central Bedfordshire	h	51.8503	-0.374
Napsbury	St. Albans	h	51.7291	-0.3188
Napsbury Park	St. Albans	h	51.7239	-0.3073
Nomansland	St. Albans	h	51.8006	-0.3039
Nettleden	Dacorum	h	51.7839	-0.5225
New Hainford	Broadland	h	52.7206	1.275
North Burlingham	Broadland	h	52.6362	1.4959
Nogdam End	South Norfolk	h	52.5488	1.5357
Nethergate	North Norfolk	h	52.8209	1.049
Norton Corner	Broadland	h	52.812	1.1044
Nordelph Corner	Breckland	h	52.5921	1.0037
North Green	Breckland	h	52.6183	0.9868
North Barsham	North Norfolk	h	52.8771	0.8435
Newton	Breckland	h	52.7048	0.7067
Northall Green	Breckland	h	52.6952	0.9512
North Elkington	East Lindsey	h	53.394	-0.0682
North End	East Lindsey	h	53.4092	0.0338
North Reston	East Lindsey	h	53.3334	0.0762
Nettleton Top	West Lindsey	h	53.4682	-0.3239
Newton by Toft	West Lindsey	h	53.3728	-0.4229
New Apley	West Lindsey	h	53.2599	-0.321
Northbeck	North Kesteven	h	52.9565	-0.3696
Newstead	South Kesteven	h	52.6582	-0.4523
Nunkeeling	East Riding of Yorkshire	h	53.9351	-0.2561
New Arram	East Riding of Yorkshire	h	53.8882	-0.4296
Neat Marsh	East Riding of Yorkshire	h	53.7591	-0.2385
Norton	Chichester	h	50.7526	-0.7821
Newtown	Isle of Wight	h	50.7139	-1.401
Noke Common	Isle of Wight	h	50.7206	-1.314
Nettlecombe	Isle of Wight	h	50.6019	-1.2575
North Bockhampton	"Bournemouth, Christchurch and Poole"	h	50.7736	-1.7558
North Ripley	New Forest	h	50.7982	-1.764
Norden	Dorset	h	50.6512	-2.0828
Newton Peveril	Dorset	h	50.7964	-2.0878
Nether Cerne	Dorset	h	50.7842	-2.4718
Notton	Dorset	h	50.7607	-2.5556
North Poorton	Dorset	h	50.7806	-2.6821
North Bowood	Dorset	h	50.7902	-2.7896
North Chideock	Dorset	h	50.7412	-2.8236
Nether Exe	East Devon	h	50.7896	-3.5144
Netherton	Teignbridge	h	50.5311	-3.5653
North Whilborough	Teignbridge	h	50.4867	-3.5938
Neopardy	Mid Devon	h	50.7772	-3.7104
North Huish	South Hams	h	50.3946	-3.8135
Newton	Cornwall	h	50.5001	-4.2352
North Beer	Cornwall	h	50.7027	-4.399
Newmills	Cornwall	h	50.6398	-4.4078
North Beer	Torridge	h	50.7672	-4.3273
Newbridge	Cornwall	h	50.4883	-4.3306
Newtown	Cornwall	h	50.5783	-4.4078
North Darley	Cornwall	h	50.5367	-4.4297
Narkurs	Cornwall	h	50.3788	-4.3612
Newhall Green	Cornwall	h	50.6072	-4.7293
Newton	Cornwall	h	50.4408	-4.6829
Nansladron	Cornwall	h	50.3014	-4.8001
Newtown	Cornwall	h	50.3429	-4.6603
No Man's Land	Cornwall	h	50.4005	-4.6899
New Mills	Cornwall	h	50.3336	-4.9525
Newtown	Cornwall	h	50.1132	-5.3954
Nuptown	Bracknell Forest	h	51.4517	-0.7288
New England	Surrey Heath	h	51.3429	-0.6547
North Marden	Chichester	h	50.9381	-0.8508
Nyton	Arun	h	50.8421	-0.6721
Nuney Green	South Oxfordshire	h	51.5075	-1.0329
North Street	West Berkshire	h	51.4488	-1.0853
Nashes Green	Basingstoke and Deane	h	51.2036	-1.0374
Neatham	East Hampshire	h	51.1606	-0.9412
Nutley	Basingstoke and Deane	h	51.1963	-1.1289
Nursted	Chichester	h	50.9846	-0.9136
North Street	East Hampshire	h	51.0957	-1.0818
Netherton	Vale of White Horse	h	51.6908	-1.3946
North Heath	West Berkshire	h	51.4659	-1.3479
North End	Basingstoke and Deane	h	51.3643	-1.4115
North Sydmonton	Basingstoke and Deane	h	51.3568	-1.2819
North Oakley	Basingstoke and Deane	h	51.2828	-1.2327
Newton Stacey	Test Valley	h	51.1617	-1.413
Nob's Crook	Winchester	h	50.9884	-1.3069
Northington	Winchester	h	51.134	-1.1938
Netley Hill	Eastleigh	h	50.9032	-1.3186
North Fareham	Fareham	h	50.8677	-1.1674
Netherton	Test Valley	h	51.3173	-1.4599
North Houghton	Test Valley	h	51.1022	-1.508
New Mill	Wiltshire	h	51.3556	-1.7378
Nursteed	Wiltshire	h	51.3435	-1.9732
New Zealand	Wiltshire	h	51.4964	-1.9837
New Town	Wiltshire	h	51.376	-1.8313
Normanton	Wiltshire	h	51.1613	-1.8048
New Town	Wiltshire	h	51.2559	-1.7999
North Newnton	Wiltshire	h	51.3169	-1.8168
North Burcombe	Wiltshire	h	51.0795	-1.8969
Netton	Wiltshire	h	51.1289	-1.8151
North Street	New Forest	h	50.9676	-1.776
Newgrounds	New Forest	h	50.9289	-1.744
North Kingston	New Forest	h	50.8247	-1.7689
New Town	New Forest	h	50.8928	-1.7712
Nag's Head	Cotswold	h	51.6826	-2.1557
Newington Bagpath	Cotswold	h	51.6518	-2.2638
Norrington Common	Wiltshire	h	51.3811	-2.1718
Nettleton Green	Wiltshire	h	51.5041	-2.2629
New Town	Wiltshire	h	51.5155	-2.2486
Nettleton Shrub	Wiltshire	h	51.4961	-2.2507
Newbury	Wiltshire	h	51.1742	-2.2565
Norleaze	Wiltshire	h	51.2841	-2.1932
Newtown	Wiltshire	h	51.0603	-2.1208
North End	Dorset	h	51.0459	-2.2218
New Town	Dorset	h	50.9405	-2.073
New Town	Dorset	h	50.9696	-2.0179
Nupdown	South Gloucestershire	h	51.661	-2.5355
Nibley Green	Stroud	h	51.6672	-2.3883
Newton	South Gloucestershire	h	51.6304	-2.512
Nailwell	Bath and North East Somerset	h	51.3466	-2.422
Nimlet	South Gloucestershire	h	51.4422	-2.3657
North Stoke	Bath and North East Somerset	h	51.419	-2.4312
Newbury	Mendip	h	51.2502	-2.4329
Neighbourne	Mendip	h	51.2328	-2.5124
Nettlebridge	Mendip	h	51.2356	-2.5043
Nunney Catch	Mendip	h	51.2011	-2.3775
North Town	South Somerset	h	51.0512	-2.528
Norton Ferris	Wiltshire	h	51.1279	-2.302
North Wootton	Dorset	h	50.9286	-2.4919
Newland	Dorset	h	50.8742	-2.4353
Newchurch	Sir Fynwy - Monmouthshire	h	51.6748	-2.791
Northwick	South Gloucestershire	h	51.5778	-2.6376
Netherhope	Forest of Dean	h	51.6643	-2.6529
Newtown	Bath and North East Somerset	h	51.3493	-2.5928
Nempnett Thrubwell	Bath and North East Somerset	h	51.3384	-2.6814
Norton Hawkfield	Bath and North East Somerset	h	51.3813	-2.5869
Norton's Wood	North Somerset	h	51.4477	-2.816
Nye	North Somerset	h	51.3517	-2.8459
North Wick	Bath and North East Somerset	h	51.3867	-2.6013
Nyland	Sedgemoor	h	51.2521	-2.773
Nedge Hill	Mendip	h	51.2624	-2.5945
North Town	Mendip	h	51.1773	-2.6173
North Widcombe	Bath and North East Somerset	h	51.3169	-2.6042
New Town	Sedgemoor	h	51.2099	-2.7677
New Town	Sedgemoor	h	51.2914	-2.853
Newtown	South Somerset	h	50.9915	-2.8088
Nythe	Mendip	h	51.1097	-2.8204
Netherhay	Dorset	h	50.8448	-2.8339
Nash	South Somerset	h	50.9227	-2.6565
Netherstoke	Dorset	h	50.8806	-2.6514
New Cross	South Somerset	h	50.9676	-2.8312
Netherton	South Somerset	h	50.8989	-2.6284
Newbridge on Usk	Sir Fynwy - Monmouthshire	h	51.6485	-2.8905
Norton	North Somerset	h	51.3693	-2.9445
Northwick	Sedgemoor	h	51.2316	-2.9238
Netherclay	Somerset West and Taunton	h	50.9802	-3.0654
Newport	Somerset West and Taunton	h	51.0095	-2.9741
Northmoor Corner	Sedgemoor	h	51.0693	-2.9856
New Town	Somerset West and Taunton	h	50.9522	-3.0123
New England	South Somerset	h	50.8898	-2.9549
Northay	South Somerset	h	50.8962	-3.022
Nimmer	South Somerset	h	50.8945	-2.9649
Newtown	South Somerset	h	50.9115	-3.032
Northway	Somerset West and Taunton	h	51.0542	-3.2462
Nethercott	Somerset West and Taunton	h	51.0862	-3.2199
Newton	Somerset West and Taunton	h	51.14	-3.2786
Nicholashayne	Mid Devon	h	50.937	-3.2795
Northcott	Mid Devon	h	50.9061	-3.2892
Norton	Bro Morgannwg - the Vale of Glamorgan	h	51.468	-3.6231
Nomansland	Mid Devon	h	50.8068	-3.6221
North Heasley	North Devon	h	51.083	-3.8145
North Radworthy	North Devon	h	51.0927	-3.7823
Newtown	North Devon	h	51.0769	-3.8672
Newtown	North Devon	h	51.0133	-3.7645
Nymet Tracey	Mid Devon	h	50.7906	-3.8061
Nicholaston	Abertawe - Swansea	h	51.5754	-4.1359
Norton	Abertawe - Swansea	h	51.5584	-4.1778
North Buckland	North Devon	h	51.1415	-4.174
Nethercott	North Devon	h	51.1327	-4.1656
Newton St Petrock	Torridge	h	50.8875	-4.2591
New Inn	Torridge	h	50.855	-4.2074
Natcott	Torridge	h	50.9867	-4.4528
Newton	North Northamptonshire	h	52.4418	-0.7051
Nevill Holt	Harborough	h	52.535	-0.7998
Newton Bromswold	Bedford	h	52.2832	-0.5362
North Lee	Buckinghamshire	h	51.7756	-0.8013
Nash Lee	Buckinghamshire	h	51.766	-0.7847
Norcott Hill	Dacorum	h	51.782	-0.601
Nobottle	West Northamptonshire	h	52.2614	-1.014
Normanton Turville	Blaby	h	52.5751	-1.2699
Nethercote	Rugby	h	52.2729	-1.243
Nethercote	Cherwell	h	52.0674	-1.305
Nether Worton	West Oxfordshire	h	51.968	-1.3824
Newbottle	West Northamptonshire	h	52.0278	-1.2388
Newtown	North Warwickshire	h	52.4916	-1.6077
Newbold Pacey	Stratford-on-Avon	h	52.2115	-1.5696
New Town	Stratford-on-Avon	h	51.9676	-1.6261
Nethercote	Stratford-on-Avon	h	52.0092	-1.6291
Newnham	Stratford-on-Avon	h	52.2403	-1.7702
Noah's Green	Redditch	h	52.251	-1.9987
Norton Green	Solihull	h	52.3684	-1.7386
Nuthurst	Warwick	h	52.3438	-1.7728
Netherwood Heath	Solihull	h	52.3576	-1.7094
New End	Stratford-on-Avon	h	52.2439	-1.8464
Norcote	Cotswold	h	51.7216	-1.9324
Netherton	Cotswold	h	51.7396	-1.7837
Nurton Hill	South Staffordshire	h	52.5951	-2.2495
Newland Common	Wychavon	h	52.2451	-2.144
Newtown	Bromsgrove	h	52.3968	-2.0816
Northampton	Wychavon	h	52.289	-2.2416
Norchard	Wychavon	h	52.3144	-2.2279
Napleton	Malvern Hills	h	52.1325	-2.203
Netherton	Wychavon	h	52.0724	-2.0144
Newbridge Green	Malvern Hills	h	52.0507	-2.2279
Newton	Shropshire	h	52.5701	-2.3966
Nineveh	Malvern Hills	h	52.2829	-2.5536
Neen Savage	Shropshire	h	52.3945	-2.479
Nineveh	Malvern Hills	h	52.3619	-2.4663
Norbridge	County of Herefordshire	h	52.1035	-2.4145
Newtown	Malvern Hills	h	52.2179	-2.3575
Netherton	County of Herefordshire	h	51.9296	-2.5828
Nastend	Stroud	h	51.7537	-2.3039
New Town	County of Herefordshire	h	51.8743	-2.5342
Norton	Shropshire	h	52.4284	-2.7966
Nash	Shropshire	h	52.3416	-2.5909
Nunnington	County of Herefordshire	h	52.0852	-2.6577
Newtown	County of Herefordshire	h	52.2129	-2.7686
Norton	Sir Fynwy - Monmouthshire	h	51.8772	-2.8077
Newtown	County of Herefordshire	h	51.9981	-2.6849
Netherton	County of Herefordshire	h	51.9368	-2.6963
New Inn	Sir Fynwy - Monmouthshire	h	51.6983	-2.7529
Newcastle	Sir Fynwy - Monmouthshire	h	51.8519	-2.8027
New-Mills	Sir Fynwy - Monmouthshire	h	51.7621	-2.7055
Norbury	Shropshire	h	52.5298	-2.9398
Newton	Shropshire	h	52.5145	-2.9652
Newton	County of Herefordshire	h	52.3193	-2.9209
Nash	County of Herefordshire	h	52.2549	-3.0148
New Invention	Shropshire	h	52.384	-3.0385
New Street	County of Herefordshire	h	52.2048	-2.9728
Norton Canon	County of Herefordshire	h	52.122	-2.9079
Nextend	County of Herefordshire	h	52.2115	-2.9788
Norton Wood	County of Herefordshire	h	52.1257	-2.9241
Nokelane Head	County of Herefordshire	h	52.2315	-2.9291
Nutfield	County of Herefordshire	h	52.1981	-2.9145
Newton	County of Herefordshire	h	52.0894	-3.0357
Nant-y-derry	Sir Fynwy - Monmouthshire	h	51.7496	-2.9699
Nant-ddu	Powys - Powys	h	51.8247	-3.4476
Nant-glas	Powys - Powys	h	52.2726	-3.4763
Nant-y-Bai	Sir Gaerfyrddin - Carmarthenshire	h	52.0862	-3.7901
Neuadd-Lwyd	Sir Ceredigion - Ceredigion	h	52.2133	-4.235
Newbridge	Sir Ceredigion - Ceredigion	h	52.2111	-4.186
Nantcwnlle	Sir Ceredigion - Ceredigion	h	52.2072	-4.0839
Nant-y-ffn	Sir Gaerfyrddin - Carmarthenshire	h	51.9689	-4.1042
Nanternis	Sir Ceredigion - Ceredigion	h	52.1855	-4.3809
Neuadd Cross	Sir Ceredigion - Ceredigion	h	52.0815	-4.5449
Newchurch	Sir Gaerfyrddin - Carmarthenshire	h	51.8929	-4.3554
Nanhyfer	Sir Benfro - Pembrokeshire	h	52.0247	-4.7954
Nolton	Sir Benfro - Pembrokeshire	h	51.8215	-5.0973
New Bridge	Sir Benfro - Pembrokeshire	h	51.8389	-4.9168
Nine Wells	Sir Benfro - Pembrokeshire	h	51.8784	-5.2162
Normanby by Stow	West Lindsey	h	53.3342	-0.6759
Normanton	Melton	h	52.9559	-0.7946
Newington	Bassetlaw	h	53.4392	-0.9954
Nornay	Bassetlaw	h	53.3826	-1.0628
Nether Headon	Bassetlaw	h	53.2928	-0.8806
Normanton	Newark and Sherwood	h	53.086	-0.9429
Netherthorpe	Rotherham	h	53.32	-1.1916
Nether Handley	North East Derbyshire	h	53.2896	-1.3896
New Stanton	Erewash	h	52.9472	-1.3096
New Kingston	Rushcliffe	h	52.8513	-1.2334
Newtown Unthank	Hinckley and Bosworth	h	52.6343	-1.278
Newgate	North East Derbyshire	h	53.2656	-1.4942
Northedge	North East Derbyshire	h	53.1813	-1.4617
Nether Chanderhill	North East Derbyshire	h	53.2302	-1.4995
Nether Loads	North East Derbyshire	h	53.2203	-1.5146
Nether Booth	High Peak	h	53.3713	-1.7882
Newtown	Staffordshire Moorlands	h	53.1671	-1.9089
Newton	Staffordshire Moorlands	h	52.981	-1.9342
Nether Sturston	Derbyshire Dales	h	53.0142	-1.7122
Norbury	Derbyshire Dales	h	52.9776	-1.8188
Newchurch	East Staffordshire	h	52.8086	-1.7813
Needwood	East Staffordshire	h	52.8155	-1.7352
Newlands	Lichfield	h	52.7958	-1.8884
Newton Hurst	East Staffordshire	h	52.8325	-1.9241
Newton	East Staffordshire	h	52.8266	-1.9454
Newborough End	East Staffordshire	h	52.8113	-1.8012
Nethertown	Lichfield	h	52.7572	-1.8399
Newsbank	Cheshire East	h	53.1931	-2.2503
North Rode	Cheshire East	h	53.1956	-2.1676
Newtown	Staffordshire Moorlands	h	53.1437	-2.143
Newtown	South Staffordshire	h	52.7272	-2.0743
Norcott Brook	Cheshire West and Chester	h	53.3257	-2.5822
Nova Scotia	Cheshire West and Chester	h	53.2127	-2.5835
Newhall	Cheshire East	h	53.0008	-2.5801
Norbury Junction	Stafford	h	52.8025	-2.3061
Napley	Newcastle-under-Lyme	h	52.9374	-2.4215
Newstreet Lane	Shropshire	h	52.9295	-2.5435
Napley Heath	Newcastle-under-Lyme	h	52.9395	-2.4169
Newton	Cheshire West and Chester	h	53.2686	-2.7099
Newton	Cheshire West and Chester	h	53.131	-2.7429
Newtown	Cheshire West and Chester	h	53.1165	-2.7458
Norbury	Cheshire East	h	53.0208	-2.6566
Newton	Shropshire	h	52.9034	-2.8625
Noneley	Shropshire	h	52.8543	-2.7754
Newton on the Hill	Shropshire	h	52.8059	-2.764
Nox	Shropshire	h	52.6882	-2.8721
Nant-bch	Sir y Fflint - Flintshire	h	53.2497	-3.184
Nant y Caws	Shropshire	h	52.8351	-3.06
Newnes	Shropshire	h	52.9014	-2.9186
New Marton	Shropshire	h	52.9058	-2.9843
Nefod	Shropshire	h	52.9185	-3.0297
Newbridge	Shropshire	h	52.8216	-3.0344
Newtown	Powys - Powys	h	52.7294	-3.0214
Nant Alyn	Sir y Fflint - Flintshire	h	53.19	-3.2036
Newbridge	Powys - Powys	h	52.6928	-3.2689
New Mills	Powys - Powys	h	52.6006	-3.3318
New Mills	Powys - Powys	h	52.7687	-3.2893
Nant-y-Rhiw	Conwy - Conwy	h	53.1134	-3.7643
Nebo	Conwy - Conwy	h	53.0899	-3.7394
Nantgwynant	Gwynedd - Gwynedd	h	53.0406	-4.0396
Nantmor	Gwynedd - Gwynedd	h	52.9937	-4.0872
Nebo	Sir Ynys Mon - Isle of Anglesey	h	53.3881	-4.3053
Newbridge	Ryedale	h	54.2585	-0.7688
North Moor	Scarborough	h	54.2637	-0.5455
Newton	Ryedale	h	54.1407	-0.6419
North Grimston	Ryedale	h	54.0988	-0.7175
North Cliffe	East Riding of Yorkshire	h	53.8222	-0.6747
Newland	East Riding of Yorkshire	h	53.7532	-0.7858
North Howden	East Riding of Yorkshire	h	53.7661	-0.8605
Newsholme	East Riding of Yorkshire	h	53.7575	-0.9086
North Kilvington	Hambleton	h	54.2626	-1.3487
Nether Silton	Hambleton	h	54.3247	-1.3024
Norton-le-Clay	Harrogate	h	54.1346	-1.3851
Newton	Leeds	h	53.7452	-1.3239
Newthorpe	Selby	h	53.7842	-1.2871
North Otterington	Hambleton	h	54.3018	-1.4447
North Lees	Harrogate	h	54.1598	-1.5414
Norton Conyers	Harrogate	h	54.1822	-1.5091
Nunwick	Harrogate	h	54.1656	-1.5081
North Deighton	Harrogate	h	53.9595	-1.4056
Nether End	Kirklees	h	53.5672	-1.6296
Nesfield	Harrogate	h	53.9423	-1.8606
Newsholme	Bradford	h	53.8537	-1.9696
Nook	Calderdale	h	53.7469	-1.991
New Close	Kirklees	h	53.6234	-1.9099
Newbiggin	Richmondshire	h	54.3194	-2.0721
Nappa Scar	Richmondshire	h	54.3143	-2.0567
New Houses	Craven	h	54.158	-2.2989
Newsholme	Ribble Valley	h	53.9595	-2.2452
Newby	Ribble Valley	h	53.9091	-2.2827
Nar	Rossendale	h	53.6409	-2.1683
New Houses	Oldham	h	53.5483	-2.0419
Norden	Hyndburn	h	53.7733	-2.4249
Nook	South Lakeland	h	54.2333	-2.6948
Newton	Lancaster	h	54.1649	-2.619
Newbiggin	South Lakeland	h	54.212	-2.6813
Nook	Wyre	h	53.882	-2.7801
Nateby	Wyre	h	53.8967	-2.8171
Newland Bottom	South Lakeland	h	54.213	-3.08
Newland	South Lakeland	h	54.2071	-3.0738
Newbiggin	Copeland	h	54.3343	-3.3923
Normanby	Scarborough	h	54.4408	-0.5637
Newton Mulgrave	Scarborough	h	54.529	-0.7829
Newton Bewley	Hartlepool	h	54.6329	-1.281
Netherton Park	Northumberland	h	55.1188	-1.6626
North Choppington	Northumberland	h	55.1606	-1.6247
North Brunton	Newcastle upon Tyne	h	55.0355	-1.6235
New Town	County Durham	h	54.7005	-1.6274
Newton Ketton	Darlington	h	54.579	-1.5162
New Coundon	County Durham	h	54.667	-1.6455
Newsham	Stockton-on-Tees	h	54.4946	-1.4108
Newton Morrell	Richmondshire	h	54.4789	-1.6342
Nunnykirk	Northumberland	h	55.2277	-1.8709
Newlands	Northumberland	h	54.8958	-1.8576
New Bingfield	Northumberland	h	55.0582	-2.0265
Northgrain	County Durham	h	54.7592	-2.2362
Newbiggin	Northumberland	h	54.8433	-2.0772
Newbiggin	County Durham	h	54.6448	-2.134
North Stainmore	Eden	h	54.5309	-2.2642
Ninebanks	Northumberland	h	54.8732	-2.341
Nentsberry	Eden	h	54.8009	-2.3691
Nenthall	Eden	h	54.8071	-2.3827
North Dykes	Eden	h	54.7291	-2.7098
Newton Rigg	Eden	h	54.6697	-2.7888
New Rent	Eden	h	54.7206	-2.845
Newtown	Eden	h	54.6103	-2.7345
Newtown of Rockcliffe	Carlisle	h	54.953	-2.9579
Newby West	Carlisle	h	54.8759	-2.9863
Nether Welton	Allerdale	h	54.8002	-3.0018
Newlands	Eden	h	54.7469	-3.0132
Newton	Dumfries and Galloway	h	55.2396	-3.399
Nethermill	Dumfries and Galloway	h	55.1738	-3.501
Newtown	Allerdale	h	54.8228	-3.4038
New Mill	Copeland	h	54.4291	-3.4613
North Togston	Northumberland	h	55.3174	-1.6077
Newham	Northumberland	h	55.5491	-1.7252
New Bewick	Northumberland	h	55.4764	-1.8939
North Charlton	Northumberland	h	55.5005	-1.7337
Newtown	Northumberland	h	55.52	-1.9357
Newtown	Northumberland	h	55.303	-1.9478
Nesbit	Northumberland	h	55.5971	-2.0259
North Middleton	Northumberland	h	55.5126	-2.0016
Nisbet Hill	Scottish Borders	h	55.7473	-2.3254
Newton	Scottish Borders	h	55.4792	-2.6363
Newton	Fife	h	56.1609	-3.0788
Newbigging	Midlothian	h	55.8314	-3.1557
Newlandrig	Midlothian	h	55.8536	-3.0091
Nine Mile Burn	Midlothian	h	55.8039	-3.3169
Newton	Argyll and Bute	h	56.1411	-5.1397
North Corriegills	North Ayrshire	h	55.5674	-5.1223
Newton of Kilmeny	Argyll and Bute	h	55.7884	-6.2322
Nerabus	Argyll and Bute	h	55.7094	-6.4187
North Water Bridge	Aberdeenshire	h	56.7874	-2.5696
Newtonmill	Angus	h	56.767	-2.6443
North Craigo	Angus	h	56.7662	-2.511
Netherton	Angus	h	56.7089	-2.7404
Newbigging	Angus	h	56.5269	-2.9412
Newton of Balcormo	Fife	h	56.2329	-2.778
North Corston	Perth and Kinross	h	56.5324	-3.2538
Netherton	Perth and Kinross	h	56.6542	-3.3981
Newton of Balcanquhal	Perth and Kinross	h	56.2836	-3.3571
New Fowlis	Perth and Kinross	h	56.3873	-3.7397
Newton of Buttergrass	Perth and Kinross	h	56.257	-3.8256
Nasg	Na h-Eileanan an Iar	h	56.9562	-7.5065
Nethermuir	Aberdeenshire	h	57.4888	-2.1558
Nether Crimond	Aberdeenshire	h	57.293	-2.2879
New Rayne	Aberdeenshire	h	57.3543	-2.5411
North Rayne	Aberdeenshire	h	57.3744	-2.5092
Netherton	Aberdeenshire	h	57.5287	-2.8362
Newton	Moray	h	57.5141	-2.9856
Newton	Moray	h	57.6563	-3.4071
Newton	Highland	h	57.8049	-3.9432
Nigg	Highland	h	57.7182	-4.0084
Newmills	Highland	h	57.6549	-4.2124
Newton of Cromarty	Highland	h	57.6692	-4.0489
Northfield	Highland	h	57.7174	-4.1773
Newhall	Highland	h	57.659	-4.194
Newton	Highland	h	57.5125	-4.0984
Newmore	Highland	h	57.537	-4.4226
Newtown	Highland	h	57.1059	-4.7198
Naast	Highland	h	57.7869	-5.6568
Nostie	Highland	h	57.2843	-5.5585
North Fearns	Highland	h	57.3503	-6.0039
Na Faingean	Highland	h	57.5038	-6.4171
Na Buirgh	Na h-Eileanan an Iar	h	57.8448	-6.9991
Nybster	Highland	h	58.5541	-3.1028
North Watten	Highland	h	58.5095	-3.3067
North Killimster	Highland	h	58.4824	-3.1563
Newlands of Geise	Highland	h	58.5712	-3.5653
Nedd	Highland	h	58.2364	-5.1754
New Tolsta	Na h-Eileanan an Iar	h	58.3535	-6.2184
Newark	Orkney Islands	h	59.266	-2.4928
Nesstoun	Orkney Islands	h	59.3592	-2.4128
Northside	Orkney Islands	h	59.1368	-3.3068
Netherbrough	Orkney Islands	h	59.0336	-3.1991
North Sandwick	Shetland Islands	h	60.653	-1.0008
North Collafirth	Shetland Islands	h	60.5305	-1.3628
North Gluss	Shetland Islands	h	60.4808	-1.3703
Noonsbrough	Shetland Islands	h	60.2986	-1.4653
Noss	Shetland Islands	h	59.9321	-1.359
Norby	Shetland Islands	h	60.3009	-1.6426
Naccolt	Ashford	o	51.1657	0.9312
New Malden	Kingston upon Thames	o	51.4002	-0.2557
Northolt	Ealing	o	51.5462	-0.3708
Northwood	Hillingdon	o	51.6114	-0.4236
Northstowe	South Cambridgeshire	o	52.2869	0.055
Nobland Green	East Hertfordshire	o	51.8399	0.0312
Newhall Green	East Hertfordshire	o	51.8284	0.016
North End	Bedford	o	52.223	-0.4991
North Barningham	North Norfolk	o	52.8891	1.1937
New Holkham	North Norfolk	o	52.9224	0.7989
North Ormsby	East Lindsey	o	53.422	-0.0618
North Cockerington	East Lindsey	o	53.3856	0.067
Normanby le Wold	West Lindsey	o	53.4406	-0.3149
Newball	West Lindsey	o	53.2683	-0.3786
Ninham	Isle of Wight	o	50.6407	-1.1923
Newtown-in-St Martin	Cornwall	o	50.0657	-5.1575
Newtown	Cornwall	o	50.1334	-5.4896
North Stoneham	Eastleigh	o	50.9541	-1.3736
Newtown	Wiltshire	o	51.3673	-1.5695
Newton	Wiltshire	o	51.0054	-1.6624
Newtown	New Forest	o	50.8934	-1.613
Norton	Wiltshire	o	51.558	-2.1656
New Town	Bath and North East Somerset	o	51.3204	-2.3171
Newton	Caerdydd - Cardiff	o	51.4998	-3.0962
Newcott	East Devon	o	50.8742	-3.0938
Nettlecombe	Somerset West and Taunton	o	51.1322	-3.3495
Northway	Torridge	o	50.9874	-4.3085
Newhaven	Torridge	o	50.9758	-4.2899
Northmoor	Torridge	o	50.9258	-4.4159
North End	Bedford	o	52.1363	-0.5867
Noseley	Harborough	o	52.5842	-0.9136
New Buildings	West Northamptonshire	o	51.9893	-1.2063
Newbridge	West Oxfordshire	o	51.7107	-1.4173
North Piddle	Wychavon	o	52.1896	-2.0499
Natton	Tewkesbury	o	51.9929	-2.1046
Nash End	Wyre Forest	o	52.4331	-2.3376
Naas	Forest of Dean	o	51.7171	-2.5085
Nibley Green	Forest of Dean	o	51.7524	-2.486
Nupton	County of Herefordshire	o	52.1309	-2.7993
Newton	County of Herefordshire	o	52.1825	-2.7173
Newton	County of Herefordshire	o	51.9942	-2.9586
Nantgwyn	Powys - Powys	o	52.3786	-3.502
Normanton	Rutland	o	52.6409	-0.6057
Norwell Woodhouse	Newark and Sherwood	o	53.156	-0.8908
Newbold	Harborough	o	52.6742	-0.8695
Nether Biggin	Derbyshire Dales	o	53.03	-1.6126
Newhaven	Derbyshire Dales	o	53.1379	-1.7522
Norbury Common	Cheshire East	o	53.0317	-2.6698
Norton	Shropshire	o	52.6825	-2.6417
Nasareth	Gwynedd - Gwynedd	o	53.0258	-4.2814
Nun Appleton	Selby	o	53.8518	-1.1577
Northgate	Calderdale	o	53.6749	-1.8686
Nappa	Craven	o	53.9762	-2.2214
Newby Cote	Craven	o	54.13	-2.4115
Newcastle Helix	Newcastle upon Tyne	o	54.9731	-1.6255
Nunclose	Eden	o	54.8004	-2.7928
Nealhouse	Allerdale	o	54.8529	-3.0393
Nether Wasdale	Copeland	o	54.4229	-3.3448
North Balfern	Dumfries and Galloway	o	54.8302	-4.4365
Nenthorn	Scottish Borders	o	55.628	-2.5117
New Mains	East Lothian	o	56.0224	-2.7924
Newmill	Scottish Borders	o	55.385	-2.862
Netherurd	Scottish Borders	o	55.6897	-3.3968
Newhouse	North Lanarkshire	o	55.8327	-3.9238
Newton Mearns	East Renfrewshire	o	55.7721	-4.3339
North Feorline	North Ayrshire	o	55.5058	-5.3197
New Mills	Fife	o	56.3237	-2.9721
North Shian	Argyll and Bute	o	56.5349	-5.3897
Nether Kinmundy	Aberdeenshire	o	57.486	-1.9167
Newburgh	Aberdeenshire	o	57.6198	-2.0579
Nittanshead	Aberdeenshire	o	57.5787	-2.2235
Nethermill of Tillyhilt	Aberdeenshire	o	57.3777	-2.2367
Netherbrae	Aberdeenshire	o	57.6239	-2.3412
New Cannich	Highland	o	57.3357	-3.5437
North Tarrel	Highland	o	57.8112	-3.8583
Nigg Ferry	Highland	o	57.6931	-4.0204
Newfield	Highland	o	57.7661	-4.0444
Ness-side	Highland	o	57.4523	-4.259
Newton of Ferintosh	Highland	o	57.5514	-4.4054
Newton of Kinkell	Highland	o	57.5388	-4.4019
Newtonhill	Highland	o	57.461	-4.373
North Erradale	Highland	o	57.7622	-5.7826
North Lochboisdale	Na h-Eileanan an Iar	o	57.16	-7.3428
Northtown	Orkney Islands	o	58.8651	-2.9043
Newton	Highland	o	58.5546	-3.3236
Newton	Highland	o	58.4302	-3.1167
Navidale	Highland	o	58.1294	-3.6405
Northwall	Orkney Islands	o	59.2852	-2.4219
Northdyke	Orkney Islands	o	59.0647	-3.3395
Newgarth	Orkney Islands	o	59.0496	-3.3052
Norseman	Orkney Islands	o	59.0503	-3.0807
Neap	Shetland Islands	o	60.3061	-1.0937
Nibon	Shetland Islands	o	60.441	-1.4476
Northdale	Shetland Islands	o	60.8038	-0.8237
Norwick	Shetland Islands	o	60.8049	-0.8055
