Kingston upon Hull	City of Kingston upon Hull	c	53.7446	-0.3326
Kesgrave	East Suffolk	t	52.0658	1.237
Kempston	Bedford	t	52.116	-0.5006
King's Lynn	King's Lynn and West Norfolk	t	52.752	0.3954
Kingsteignton	Teignbridge	t	50.5464	-3.596
Kingsbridge	South Hams	t	50.2838	-3.777
Keynsham	Bath and North East Somerset	t	51.4163	-2.4987
Kettering	North Northamptonshire	t	52.4	-0.7283
Kidlington	Cherwell	t	51.8217	-1.2885
Kenilworth	Warwick	t	52.3426	-1.5791
Kingswinford	Dudley	t	52.4977	-2.1658
Kidderminster	Wyre Forest	t	52.3882	-2.2492
Kington	County of Herefordshire	t	52.2038	-3.029
Kirton in Lindsey	North Lincolnshire	t	53.4755	-0.5899
Kimberley	Broxtowe	t	52.9976	-1.2572
Kirkby-in-Ashfield	Ashfield	t	53.0988	-1.2444
Kidsgrove	Newcastle-under-Lyme	t	53.0869	-2.2404
Knutsford	Cheshire East	t	53.3031	-2.3748
Kirkby	Knowsley	t	53.4822	-2.8919
Kirkbymoorside	Ryedale	t	54.2695	-0.9312
Knottingley	Wakefield	t	53.7097	-1.2443
Knaresborough	Harrogate	t	54.0074	-1.4646
Keighley	Bradford	t	53.8675	-1.9096
Kirkby Lonsdale	South Lakeland	t	54.202	-2.597
Kearsley	Bolton	t	53.5396	-2.3749
Kendal	South Lakeland	t	54.3304	-2.7474
Kirkham	Fylde	t	53.7825	-2.8713
Kirkby Stephen	Eden	t	54.4745	-2.3491
Keswick	Allerdale	t	54.6016	-3.1386
Kirkcudbright	Dumfries and Galloway	t	54.8379	-4.0479
Kelso	Scottish Borders	t	55.5986	-2.4346
Kinghorn	Fife	t	56.0693	-3.176
Kirkcaldy	Fife	t	56.1096	-3.1633
Kilsyth	North Lanarkshire	t	55.9784	-4.0579
Kirkintilloch	East Dunbartonshire	t	55.9414	-4.1572
Kilmarnock	East Ayrshire	t	55.6101	-4.4945
Kilwinning	North Ayrshire	t	55.6541	-4.6957
Kirriemuir	Angus	t	56.6731	-3.0045
Kinross	Perth and Kinross	t	56.2051	-3.4213
Kintore	Aberdeenshire	t	57.2369	-2.3451
Keith	Moray	t	57.5427	-2.9528
Kingussie	Highland	t	57.0802	-4.0512
Kirkwall	Orkney Islands	t	58.9811	-2.9611
Kingsgate	Thanet	a	51.3812	1.4344
Kearsney	Dover	a	51.1486	1.275
Kennington	Ashford	a	51.1685	0.8928
Kennington Lees	Ashford	a	51.1711	0.8789
Kemsley	Swale	a	51.3634	0.739
Key Street	Swale	a	51.3441	0.7015
Kingswood	Basildon	a	51.564	0.4631
Kings Farm	Gravesham	a	51.424	0.3684
Knowles Hill	Maidstone	a	51.1798	0.5523
Knatts Valley	Sevenoaks	a	51.3348	0.2495
Keston Mark	Bromley	a	51.3672	0.039
Kidbrooke	Greenwich	a	51.4649	0.0332
Knockhall	Dartford	a	51.4474	0.2901
Kippington	Sevenoaks	a	51.2688	0.1749
Kensal Green	Brent	a	51.5307	-0.2254
Kingsbury	Brent	a	51.5796	-0.2627
Kensal Town	Kensington and Chelsea	a	51.5231	-0.2067
Kingsland	Hackney	a	51.5424	-0.0761
Kentish Town	Camden	a	51.5509	-0.1399
Kilburn	Brent	a	51.5361	-0.2003
King's Cross	Islington	a	51.5369	-0.1191
Kensal Rise	Brent	a	51.5368	-0.2137
Kennington	Lambeth	a	51.4799	-0.1081
Knightsbridge	City of Westminster	a	51.5001	-0.1744
Kingston Vale	Kingston upon Thames	a	51.4319	-0.2583
Kenley	Croydon	a	51.312	-0.1042
Kingswood Warren	Reigate and Banstead	a	51.2893	-0.2116
Kemp Town	The City of Brighton and Hove	a	50.8174	-0.1171
Kingston by Sea	Adur	a	50.8343	-0.2648
Knowle Green	Spelthorne	a	51.4309	-0.498
Kempton Park	Spelthorne	a	51.4215	-0.4111
Kingston Hill	Kingston upon Thames	a	51.4192	-0.2858
Kew	Richmond upon Thames	a	51.4773	-0.2868
Kingfield	Woking	a	51.3054	-0.5548
Kirkley	East Suffolk	a	52.4608	1.7384
Knight's End	Fenland	a	52.534	0.076
Kings Hedges	Cambridge	a	52.2283	0.1319
Katherines	Harlow	a	51.7536	0.072
Kingsmoor	Harlow	a	51.7456	0.0877
Keeley Green	Bedford	a	52.1037	-0.5271
Kingswood	Watford	a	51.6925	-0.3985
Kingswood	City of Kingston upon Hull	a	53.7943	-0.3501
Kingston Copse	Isle of Wight	a	50.7438	-1.2771
Kinson	"Bournemouth, Christchurch and Poole"	a	50.7641	-1.9022
Knowles Hill	Teignbridge	a	50.5325	-3.6079
Keyham	City of Plymouth	a	50.3887	-4.1762
King's Tamerton	City of Plymouth	a	50.4081	-4.1772
Knighton	South Hams	a	50.3282	-4.068
Kensey Valley Meadow	Cornwall	a	50.6372	-4.3505
Kenwyn	Cornwall	a	50.271	-5.0639
Knotty Green	Buckinghamshire	a	51.6232	-0.6551
Knowle Grove	Runnymede	a	51.3899	-0.576
Knowle Hill	Runnymede	a	51.3909	-0.5753
Knaphill	Woking	a	51.3167	-0.6138
Kempshott	Basingstoke and Deane	a	51.2459	-1.1397
Kings Furlong	Basingstoke and Deane	a	51.2573	-1.0995
Kingston	City of Portsmouth	a	50.8091	-1.0715
Kingsland Place	City of Southampton	a	50.9066	-1.4013
Kent's Oak	Test Valley	a	51.0161	-1.5451
Kingsdown	Swindon	a	51.5937	-1.7641
Kingshill	Swindon	a	51.5571	-1.7963
Knowle	Wiltshire	a	51.3458	-1.7627
King's Corner	Wiltshire	a	51.3373	-1.7598
Knapp	Wiltshire	a	51.0266	-1.9592
Kingshill	Stroud	a	51.6884	-2.3594
Kingsmead	Bath and North East Somerset	a	51.3811	-2.3665
Knowle Park	City of Bristol	a	51.4325	-2.5745
Kensington Park	City of Bristol	a	51.4365	-2.5561
Kingsway	Bath and North East Somerset	a	51.368	-2.3874
Knowle	City of Bristol	a	51.4382	-2.5752
Kingsbury Regis	South Somerset	a	50.9714	-2.462
Kingston	Dorset	a	50.8858	-2.3569
Kingsdown	City of Bristol	a	51.4617	-2.5978
Knightcott	North Somerset	a	51.3292	-2.8876
Knott Oak	South Somerset	a	50.9248	-2.8958
Kendon	Caerffili - Caerphilly	a	51.6818	-3.1597
Killay	Abertawe - Swansea	a	51.622	-4.0203
Kingsmead	Milton Keynes	a	51.9991	-0.8034
Kents Hill	Milton Keynes	a	52.0246	-0.6958
Kingston	Milton Keynes	a	52.0402	-0.688
Knowlhill	Milton Keynes	a	52.0249	-0.7712
Kiln Farm	Milton Keynes	a	52.0423	-0.8233
Kingsley Park	West Northamptonshire	a	52.2575	-0.8831
Kingsthorpe Hollow	West Northamptonshire	a	52.2517	-0.8879
Kingsthorpe	West Northamptonshire	a	52.2593	-0.9039
King's Heath	West Northamptonshire	a	52.2547	-0.9175
King's End	Cherwell	a	51.8968	-1.1554
Keresley	Coventry	a	52.4425	-1.5319
Kingstanding	Birmingham	a	52.5479	-1.8842
Kitt's Green	Birmingham	a	52.4835	-1.778
Kingshurst	Solihull	a	52.4968	-1.747
Kineton Green	Solihull	a	52.4307	-1.8092
King's Heath	Birmingham	a	52.4325	-1.8936
King's Norton	Birmingham	a	52.4073	-1.9274
Knowle Grove	Solihull	a	52.377	-1.7433
Kings Hill	Cotswold	a	51.711	-1.9495
Kitwell	Bromsgrove	a	52.4294	-2.0155
Kates Hill	Dudley	a	52.507	-2.075
King's Hill	Sandwell	a	52.5602	-2.0244
Kingsditch	Cheltenham	a	51.9151	-2.0972
Kingsholm	Gloucester	a	51.8732	-2.2388
Kingscourt	Stroud	a	51.7301	-2.2253
Kingsbridge	Sir Benfro - Pembrokeshire	a	51.6755	-4.9013
Knighton	City of Leicester	a	52.6081	-1.1123
Kimberworth Park	Rotherham	a	53.446	-1.3936
Kimberworth	Rotherham	a	53.435	-1.3969
Kilton	Bassetlaw	a	53.3135	-1.1096
Kirk Hallam	Erewash	a	52.9614	-1.3254
Kirkby Woodhouse	Ashfield	a	53.0841	-1.2644
Kirby Fields	Blaby	a	52.6284	-1.2289
Knighton Fields	City of Leicester	a	52.6094	-1.1318
Knoll Top	Sheffield	a	53.4782	-1.5895
Kelham Island	Sheffield	a	53.3886	-1.471
Knowle Top	Sheffield	a	53.3938	-1.5448
Keppel's Column	Rotherham	a	53.448	-1.4185
Kettlebrook	Tamworth	a	52.6249	-1.6886
Kitt's Moss	Stockport	a	53.3595	-2.1714
Kingston	Tameside	a	53.4529	-2.09
Kerridge	Cheshire East	a	53.2903	-2.0978
Knowle Style	Staffordshire Moorlands	a	53.1107	-2.1779
Knypersley	Staffordshire Moorlands	a	53.1073	-2.1723
Knutton	Newcastle-under-Lyme	a	53.0195	-2.2482
Kingston Hill	Stafford	a	52.8057	-2.0908
Ketley	Telford and Wrekin	a	52.6962	-2.4857
Ketley Bank	Telford and Wrekin	a	52.6876	-2.4565
Kingswood	Warrington	a	53.4109	-2.6367
Knotty Ash	Liverpool	a	53.4171	-2.8929
Keckwick	Halton	a	53.3484	-2.6491
Kingsway	Halton	a	53.3644	-2.7368
Kingsland	Shropshire	a	52.7028	-2.759
Kirkdale	Liverpool	a	53.4333	-2.9791
Kirkby Park	Knowsley	a	53.4876	-2.9066
Kensington	Liverpool	a	53.4121	-2.9479
Kelsterton	Sir y Fflint - Flintshire	a	53.2285	-3.0812
King's Mills	Wrecsam - Wrexham	a	53.0361	-2.9765
Kingsland	Sir Ynys Mon - Isle of Anglesey	a	53.3014	-4.6312
Kippax Common	Leeds	a	53.7764	-1.3785
Killinghall Moor	Harrogate	a	54.0054	-1.5709
Kirkstall	Leeds	a	53.8215	-1.6041
Killingbeck	Leeds	a	53.8041	-1.4785
Knowler Hill	Kirklees	a	53.7119	-1.6966
Knowsthorpe	Leeds	a	53.784	-1.5153
Kitchenroyd	Kirklees	a	53.5809	-1.6395
Kettlethorpe	Wakefield	a	53.6435	-1.5074
Kendray	Barnsley	a	53.5438	-1.4559
Knowle Park	Bradford	a	53.8609	-1.9152
Kelcliffe	Leeds	a	53.8833	-1.7187
King Cross	Calderdale	a	53.7155	-1.8806
Knowl	Kirklees	a	53.6802	-1.6989
Kitson Hill	Kirklees	a	53.6858	-1.7038
Keelham	Bradford	a	53.7873	-1.886
Kilnhurst	Calderdale	a	53.7134	-2.0859
Kersal Dale	Salford	a	53.5098	-2.2626
Kersal	Salford	a	53.5137	-2.2798
Kirkhams	Bury	a	53.5434	-2.2739
Kirkholt	Rochdale	a	53.5956	-2.1576
Knuzden Brook	Hyndburn	a	53.7443	-2.4362
Kearsley Moss	Bolton	a	53.5366	-2.3694
Kentrigg	South Lakeland	a	54.3419	-2.7499
Kirkbarrow	South Lakeland	a	54.3225	-2.7495
Kingsfold	South Ribble	a	53.7371	-2.7179
Knowley	Chorley	a	53.6659	-2.6097
Kitt Green	Wigan	a	53.5446	-2.6822
Kents Bank	South Lakeland	a	54.178	-2.9229
Kingston Park	Newcastle upon Tyne	a	55.0169	-1.6732
Klondyke	Northumberland	a	55.0783	-1.5665
Kenton Bank Foot	Newcastle upon Tyne	a	55.014	-1.6793
Kenton	Newcastle upon Tyne	a	55.0044	-1.6519
Killingworth Village	North Tyneside	a	55.032	-1.5592
Kip Hill	County Durham	a	54.8798	-1.6881
Knowefield	Carlisle	a	54.9096	-2.934
Kingmoor House	Carlisle	a	54.9162	-2.9629
Kingstown	Carlisle	a	54.925	-2.9533
Kingholm Quay	Dumfries and Galloway	a	55.0475	-3.5998
Kells	Copeland	a	54.5384	-3.5962
Knocklaw	Northumberland	a	55.311	-1.8991
Kirkton	Fife	a	56.0643	-3.2468
Kirkhill	Midlothian	a	55.8312	-3.2117
Kaimes	City of Edinburgh	a	55.9004	-3.1697
Kingsknowe	City of Edinburgh	a	55.916	-3.264
Kings Meadows	Scottish Borders	a	55.6432	-3.1837
Kings Muir	Scottish Borders	a	55.6433	-3.1915
Kingseathill	Fife	a	56.0831	-3.4464
Kirkton	West Lothian	a	55.8828	-3.5439
Knightsridge	West Lothian	a	55.907	-3.5367
Kinneil	Falkirk	a	56.0071	-3.6286
Keilarsbrae	Clackmannanshire	a	56.1252	-3.7825
Kingson's Knowe	South Lanarkshire	a	55.666	-3.7751
Kirkshaws	North Lanarkshire	a	55.8444	-4.0436
Kirkwood	North Lanarkshire	a	55.8479	-4.0583
Kylepark	South Lanarkshire	a	55.8259	-4.095
Kildrum	North Lanarkshire	a	55.9507	-3.9689
Kelvin	South Lanarkshire	a	55.7423	-4.1637
Knownoble	North Lanarkshire	a	55.8102	-3.9171
Kelloholm	Dumfries and Galloway	a	55.3813	-3.9936
Kilbowie	West Dunbartonshire	a	55.908	-4.4021
Kelvinhaugh	Glasgow City	a	55.8659	-4.2956
Knightswood	Glasgow City	a	55.8874	-4.3624
Kelvinside	Glasgow City	a	55.8812	-4.2965
Kinning Park	Glasgow City	a	55.8532	-4.2884
Kingston	Glasgow City	a	55.8546	-4.2643
Kelvingrove	Glasgow City	a	55.8682	-4.2904
Kelvindale	Glasgow City	a	55.8881	-4.3063
King's Park	Glasgow City	a	55.8195	-4.2464
Kennishead	Glasgow City	a	55.8127	-4.3254
Kirkhill	East Renfrewshire	a	55.7757	-4.305
Knockinlaw	East Ayrshire	a	55.6214	-4.4991
Knockroon	East Ayrshire	a	55.4595	-4.2807
Kirktonhill	West Dunbartonshire	a	55.9422	-4.5809
Kelburn	Inverclyde	a	55.932	-4.6612
Kincaidston	South Ayrshire	a	55.438	-4.6116
Kirn	Argyll and Bute	a	55.9625	-4.9149
Kingscross	North Ayrshire	a	55.5076	-5.0919
Knockenkelly	North Ayrshire	a	55.4993	-5.103
Kilmory	Argyll and Bute	a	56.0268	-5.4244
Kilkerran	Argyll and Bute	a	55.4205	-5.5988
Kirkton	Aberdeenshire	a	56.773	-2.412
Kirkton	Angus	a	56.575	-2.5955
Kirkland	Fife	a	56.1923	-3.0275
Kinnoull	Perth and Kinross	a	56.3961	-3.4125
Kintillo	Perth and Kinross	a	56.3411	-3.4068
Kirkton	Stirling	a	56.1762	-4.387
Kiel Crofts	Argyll and Bute	a	56.4963	-5.4107
Keith Inch	Aberdeenshire	a	57.5022	-1.7718
Kirktown	Aberdeenshire	a	57.505	-1.7846
Kaimhill	Aberdeen City	a	57.1257	-2.1328
Kittybrewster	Aberdeen City	a	57.1619	-2.1166
Kincorth	Aberdeen City	a	57.1156	-2.1152
Kirktown of Mortlach	Moray	a	57.4386	-3.1285
Knockbreck	Highland	a	57.8034	-4.0422
Kinmylies	Highland	a	57.4729	-4.257
Knock Rash	Highland	a	57.6625	-4.3546
Kilmichael	Highland	a	57.3395	-4.4858
Kirkton	Highland	a	57.4131	-5.4748
Kendram	Highland	a	57.6821	-6.2997
Kingsdown	Dover	v	51.1842	1.3981
Kingston	Canterbury	v	51.2174	1.1501
Kingsnorth	Ashford	v	51.1103	0.8574
Keycol	Swale	v	51.3491	0.691
Kingswood	Maidstone	v	51.2266	0.6294
Kenardington	Ashford	v	51.0594	0.8114
Kit's Coty	Tonbridge and Malling	v	51.3234	0.5064
Kent Street	Tonbridge and Malling	v	51.2676	0.3852
Kettle Corner	Maidstone	v	51.2547	0.4686
Kilndown	Tunbridge Wells	v	51.0889	0.4245
Kent Street	Rother	v	50.9133	0.5426
Kelvedon Hatch	Brentwood	v	51.6669	0.2693
Keston	Bromley	v	51.3623	0.0274
Kemsing	Sevenoaks	v	51.3062	0.2293
Knockholt Pound	Sevenoaks	v	51.3192	0.1274
Knockholt	Sevenoaks	v	51.3111	0.1059
Keeper's Corner	Tandridge	v	51.1527	-0.11
Kingswood	Reigate and Banstead	v	51.2948	-0.2126
Keymer	Mid Sussex	v	50.9224	-0.1325
Kingston near Lewes	Lewes	v	50.8575	-0.0206
Kingsfold	Horsham	v	51.1158	-0.332
Kirdford	Chichester	v	51.0313	-0.5512
Kingston Gorse	Arun	v	50.8043	-0.4571
Kessingland	East Suffolk	v	52.4217	1.7134
Kirby Cane	South Norfolk	v	52.4806	1.4908
Kirstead Green	South Norfolk	v	52.5238	1.3812
Kettleburgh	East Suffolk	v	52.1965	1.3168
Kelsale	East Suffolk	v	52.2306	1.4925
Kirton	East Suffolk	v	52.0058	1.3207
Kirkby-le-Soken	Tendring	v	51.8517	1.2307
Kirby Cross	Tendring	v	51.8421	1.2197
Kenninghall	Breckland	v	52.435	0.997
Kenton	Mid Suffolk	v	52.2483	1.2095
Kersey	Babergh	v	52.0586	0.9177
Kingshall Street	West Suffolk	v	52.221	0.8038
Kelvedon	Braintree	v	51.8333	0.6969
Kennett	East Cambridgeshire	v	52.2855	0.4891
Kentford	West Suffolk	v	52.2726	0.5038
Kirtling Green	East Cambridgeshire	v	52.1757	0.461
Kirtling	East Cambridgeshire	v	52.1865	0.4713
Kedington	West Suffolk	v	52.0918	0.4882
King's Dyke	Fenland	v	52.5542	-0.1753
Knapwell	South Cambridgeshire	v	52.2487	-0.0471
Kings Ripton	Huntingdonshire	v	52.3722	-0.1499
Kneesworth	South Cambridgeshire	v	52.0811	-0.0428
Kingston	South Cambridgeshire	v	52.1789	-0.0333
Knebworth	North Hertfordshire	v	51.8655	-0.1828
Kelshall	North Hertfordshire	v	52.0104	-0.0645
King's Cliffe	North Northamptonshire	v	52.5627	-0.5154
Keysoe Row	Bedford	v	52.24	-0.4348
Kimbolton	Huntingdonshire	v	52.2974	-0.3897
Keysoe	Bedford	v	52.2562	-0.4251
Keyston	Huntingdonshire	v	52.3646	-0.4677
Kempston Hardwick	Bedford	v	52.0871	-0.494
Kimpton	North Hertfordshire	v	51.8512	-0.2989
Kinsbourne Green	St. Albans	v	51.8277	-0.4052
Kensworth	Central Bedfordshire	v	51.8522	-0.5057
Keswick	North Norfolk	v	52.8466	1.4893
Knapton	North Norfolk	v	52.855	1.4221
Keswick	South Norfolk	v	52.5937	1.2611
Kelling	North Norfolk	v	52.9423	1.1147
Ketteringham	South Norfolk	v	52.5824	1.1849
Kimberley	South Norfolk	v	52.596	1.0561
Kettlestone	North Norfolk	v	52.8445	0.9139
Kirkby on Bain	East Lindsey	v	53.1475	-0.1468
Keal Cotes	East Lindsey	v	53.1275	0.0445
Kirton Holme	Boston	v	52.9616	-0.1228
Kirton	Boston	v	52.9284	-0.058
Kirton End	Boston	v	52.9417	-0.0905
Kirkby	West Lindsey	v	53.4204	-0.3998
Kirkby la Thorpe	North Kesteven	v	52.9972	-0.3641
Kirkby Green	North Kesteven	v	53.1071	-0.3817
Kirkby Underwood	South Kesteven	v	52.8328	-0.4054
Keyingham	East Riding of Yorkshire	v	53.7096	-0.1134
Kilham	East Riding of Yorkshire	v	54.0646	-0.3747
Kelleythorpe	East Riding of Yorkshire	v	53.9952	-0.4573
Kirk Ella	East Riding of Yorkshire	v	53.7534	-0.4549
Kirmington	North Lincolnshire	v	53.5862	-0.3292
Keelby	West Lindsey	v	53.5731	-0.2436
Keyhaven	New Forest	v	50.723	-1.5706
Kingston	Dorset	v	50.616	-2.0636
Kimmeridge	Dorset	v	50.6161	-2.1208
Kilmington	East Devon	v	50.778	-3.0384
Knowle	East Devon	v	50.6364	-3.3425
Kenton	Teignbridge	v	50.64	-3.4735
Kennford	Teignbridge	v	50.6629	-3.537
Kenn	Teignbridge	v	50.6589	-3.5295
Kingskerswell	Teignbridge	v	50.4994	-3.5826
Kingswear	South Hams	v	50.3485	-3.5729
Kellaton	South Hams	v	50.2414	-3.6811
Kingston	South Hams	v	50.3153	-3.9137
Kingsand	Cornwall	v	50.3357	-4.2029
Kelly Bray	Cornwall	v	50.5193	-4.3158
Kilhallon	Cornwall	v	50.3619	-4.7085
Kehelland	Cornwall	v	50.2203	-5.3302
Knave-Go-By	Cornwall	v	50.2039	-5.2904
Kuggar	Cornwall	v	50.0035	-5.1769
Knowl Hill	Windsor and Maidenhead	v	51.506	-0.8173
Kiln Green	Wokingham	v	51.4958	-0.8322
Kingsley Green	Chichester	v	51.0668	-0.7246
Kingston Blount	South Oxfordshire	v	51.6896	-0.9363
Kingwood Common	South Oxfordshire	v	51.5319	-0.9932
Kidmore End	South Oxfordshire	v	51.5087	-0.9946
Kingsley	East Hampshire	v	51.1372	-0.8758
Kingsclere	Basingstoke and Deane	v	51.325	-1.2432
Kings Worthy	Winchester	v	51.0886	-1.2979
Kilmeston	Winchester	v	51.0326	-1.1599
Knowle	Winchester	v	50.881	-1.2048
Kelmscott	West Oxfordshire	v	51.692	-1.6403
Kingston Bagpuize	Vale of White Horse	v	51.6803	-1.4243
Kingston Lisle	Vale of White Horse	v	51.5893	-1.5291
Kintbury	West Berkshire	v	51.3992	-1.4509
Kimpton	Test Valley	v	51.2243	-1.5997
King's Somborne	Test Valley	v	51.0767	-1.4857
Kentsboro	Test Valley	v	51.157	-1.5616
Kempsford	Cotswold	v	51.6708	-1.7727
Kingscote	Cotswold	v	51.6653	-2.266
Kemble	Cotswold	v	51.6748	-2.0191
Kingsdown	Wiltshire	v	51.4031	-2.2734
Kington Langley	Wiltshire	v	51.4892	-2.1154
Kington St Michael	Wiltshire	v	51.4964	-2.1409
Keevil	Wiltshire	v	51.321	-2.1154
Kingston Deverill	Wiltshire	v	51.1326	-2.2203
Kington	South Gloucestershire	v	51.6082	-2.5463
Kingswood	Stroud	v	51.6246	-2.3678
Kelston	Bath and North East Somerset	v	51.4019	-2.4318
Kendleshire	South Gloucestershire	v	51.5162	-2.4845
Kilmersdon	Mendip	v	51.2688	-2.4392
Kilmington	Wiltshire	v	51.1248	-2.3285
Kington Magna	Dorset	v	51.0044	-2.3363
King's Stag	Dorset	v	50.8952	-2.3928
Kenn	North Somerset	v	51.4166	-2.8422
Kingston Seymour	North Somerset	v	51.3983	-2.8608
Kingsdon	South Somerset	v	51.033	-2.6913
Keinton Mandeville	South Somerset	v	51.0762	-2.6453
Knole	South Somerset	v	51.0229	-2.7381
Kingsbury Episcopi	South Somerset	v	50.9877	-2.8063
Kewstoke	North Somerset	v	51.3661	-2.9553
Kingston St Mary	Somerset West and Taunton	v	51.061	-3.1142
Knapp	Somerset West and Taunton	v	51.0235	-2.9969
Kingstone	South Somerset	v	50.9179	-2.8886
Kilve	Somerset West and Taunton	v	51.1803	-3.2182
Kerswell	East Devon	v	50.8467	-3.3078
Kentisbeare	Mid Devon	v	50.8655	-3.3287
Kenfig	Pen-y-bont ar Ogwr - Bridgend	v	51.5164	-3.7274
Kenfig Hill	Pen-y-bont ar Ogwr - Bridgend	v	51.5344	-3.6778
Kings Nympton	North Devon	v	50.9592	-3.8745
Kittle	Abertawe - Swansea	v	51.5843	-4.0597
Knelston	Abertawe - Swansea	v	51.5785	-4.2115
Knowle	North Devon	v	51.127	-4.1555
Kilkhampton	Cornwall	v	50.8757	-4.4839
Kibworth Harcourt	Harborough	v	52.5422	-0.9927
Kibworth Beauchamp	Harborough	v	52.5369	-0.9968
Kilby	Blaby	v	52.553	-1.0868
Kelmarsh	West Northamptonshire	v	52.4063	-0.9185
Kislingbury	West Northamptonshire	v	52.2301	-0.9793
Kingsey	Buckinghamshire	v	51.7552	-0.9248
Kingswood	Buckinghamshire	v	51.8644	-0.9992
Kimcote	Harborough	v	52.474	-1.1422
Kilsby	West Northamptonshire	v	52.3344	-1.1782
Kings Sutton	West Northamptonshire	v	52.0226	-1.276
Kirtlington	Cherwell	v	51.8725	-1.2767
Kennington	Vale of White Horse	v	51.7165	-1.2451
Keresley Newlands	Nuneaton and Bedworth	v	52.4611	-1.5304
Kingsbury	North Warwickshire	v	52.5654	-1.6815
Knightcote	Stratford-on-Avon	v	52.1876	-1.4166
Kineton	Stratford-on-Avon	v	52.1566	-1.5111
Kingham	West Oxfordshire	v	51.9095	-1.6263
Kencot	West Oxfordshire	v	51.7422	-1.6317
Knowle	Solihull	v	52.3881	-1.7341
Kendal End	Bromsgrove	v	52.3712	-1.9952
Kingswood	Warwick	v	52.3374	-1.7252
Kings Coughton	Stratford-on-Avon	v	52.2247	-1.8808
Kingsford	South Staffordshire	v	52.4405	-2.2637
Kinver	South Staffordshire	v	52.4542	-2.2354
Kington	Wychavon	v	52.2026	-2.0289
Kempsey	Malvern Hills	v	52.1389	-2.2171
Kinnersley	Malvern Hills	v	52.0919	-2.1899
Kerswell Green	Malvern Hills	v	52.1169	-2.2032
Kemerton	Wychavon	v	52.0333	-2.0798
Kinsham	Wychavon	v	52.0183	-2.0981
Knightsbridge	Tewkesbury	v	51.9384	-2.1555
King's Stanley	Stroud	v	51.7288	-2.2746
Kinlet	Shropshire	v	52.4199	-2.4148
Knighton on Teme	Malvern Hills	v	52.3277	-2.5436
Knightwick	Malvern Hills	v	52.1966	-2.3986
Kilcot	Forest of Dean	v	51.9194	-2.451
Kempley Green	Forest of Dean	v	51.9589	-2.4729
Kimbolton	County of Herefordshire	v	52.2514	-2.694
Knowle	Shropshire	v	52.3653	-2.5946
Kingsland	County of Herefordshire	v	52.2482	-2.8116
Knowbury	Shropshire	v	52.3693	-2.6249
King's Pyon	County of Herefordshire	v	52.152	-2.8229
King's Acre	County of Herefordshire	v	52.0681	-2.7709
Kilpeck	County of Herefordshire	v	51.9692	-2.8076
King's Caple	County of Herefordshire	v	51.9563	-2.6393
King's Thorn	County of Herefordshire	v	51.984	-2.7285
Kingstone	County of Herefordshire	v	52.0158	-2.8417
Kymin	Sir Fynwy - Monmouthshire	v	51.8093	-2.688
Kingsmoor	Sir Benfro - Pembrokeshire	v	51.7259	-4.717
Keeston	Sir Benfro - Pembrokeshire	v	51.8337	-5.0498
Kexby	West Lindsey	v	53.3623	-0.6925
Knaith Park	West Lindsey	v	53.3618	-0.7366
Knipton	Melton	v	52.8733	-0.775
Knossington	Melton	v	52.6692	-0.8152
Ketton	Rutland	v	52.6276	-0.5536
Kings Clipstone	Newark and Sherwood	v	53.1769	-1.1013
Kneesall	Newark and Sherwood	v	53.1723	-0.9493
Kirton	Newark and Sherwood	v	53.2033	-0.9775
Kelham	Newark and Sherwood	v	53.0938	-0.8452
Kirklington	Newark and Sherwood	v	53.1086	-0.9929
Kinoulton	Rushcliffe	v	52.8698	-0.9954
Keyworth	Rushcliffe	v	52.8712	-1.0895
Kirby Bellars	Melton	v	52.7523	-0.9394
Keyham	Harborough	v	52.6531	-1.0094
Kilnhurst	Rotherham	v	53.4759	-1.3104
Kiveton Park	Rotherham	v	53.3412	-1.2548
Kegworth	North West Leicestershire	v	52.8359	-1.2806
Kingston on Soar	Rushcliffe	v	52.8445	-1.2559
Kirkby Mallory	Hinckley and Bosworth	v	52.6012	-1.3292
Kirby Muxloe	Blaby	v	52.6312	-1.2339
Kelstedge	North East Derbyshire	v	53.1703	-1.4929
Kniveton	Derbyshire Dales	v	53.0508	-1.6877
Kilburn	Amber Valley	v	53.0084	-1.436
Kirk Ireton	Derbyshire Dales	v	53.0479	-1.603
King's Newton	South Derbyshire	v	52.8321	-1.4217
Kirk Langley	Amber Valley	v	52.946	-1.5717
Kingsley	Staffordshire Moorlands	v	53.0202	-1.986
Kingsley Holt	Staffordshire Moorlands	v	53.0111	-1.9694
Kingstone	East Staffordshire	v	52.863	-1.9135
King's Bromley	Lichfield	v	52.749	-1.8211
Kettleshulme	Cheshire East	v	53.3164	-2.0181
Key Green	Cheshire East	v	53.1683	-2.1643
Knolls Green	Cheshire East	v	53.3111	-2.3016
Keele	Newcastle-under-Lyme	v	53.0037	-2.287
Knightley	Stafford	v	52.8234	-2.2921
Kingswood	Shropshire	v	52.6255	-2.2478
Kingsmead	Cheshire West and Chester	v	53.2426	-2.5177
Kinsey Heath	Cheshire East	v	52.9759	-2.4934
Knighton	Newcastle-under-Lyme	v	52.9588	-2.4039
Knighton	Stafford	v	52.8414	-2.3749
Kynnersley	Telford and Wrekin	v	52.7477	-2.4871
Kemberton	Shropshire	v	52.64	-2.3981
Knowsley		v	53.457	-2.8531
Kelsall	Cheshire West and Chester	v	53.2088	-2.7155
Kingsley	Cheshire West and Chester	v	53.2681	-2.6739
Kinnerley	Shropshire	v	52.7819	-2.983
Knockin Heath	Shropshire	v	52.7827	-2.9627
Knockin	Shropshire	v	52.794	-2.9899
Kirby Grindalythe	Ryedale	v	54.0958	-0.6172
Kirkburn	East Riding of Yorkshire	v	53.9834	-0.5038
Kilnwick	East Riding of Yorkshire	v	53.9306	-0.4796
Keadby	North Lincolnshire	v	53.5872	-0.7371
Kirkby Mills	Ryedale	v	54.265	-0.9208
Keldholme	Ryedale	v	54.2672	-0.9123
Kirby Misperton	Ryedale	v	54.2048	-0.8064
Kexby	York	v	53.949	-0.9422
Kilpin Pike	East Riding of Yorkshire	v	53.7342	-0.8485
Kirkhouse Green	Doncaster	v	53.616	-1.0626
Kirk Sandall	Doncaster	v	53.5626	-1.0686
Knayton	Hambleton	v	54.2858	-1.3361
Kilburn	Hambleton	v	54.2075	-1.2129
Kirkby Wharfe	Selby	v	53.8615	-1.2313
Knapton	York	v	53.9611	-1.146
Kirk Hammerton	Harrogate	v	53.995	-1.2901
Kellington	Selby	v	53.7188	-1.1667
Kellingley	Selby	v	53.7109	-1.1984
Kelfield	Selby	v	53.8385	-1.1038
Kippax	Leeds	v	53.7669	-1.3709
Kirk Smeaton	Selby	v	53.6423	-1.2182
Kinsley	Wakefield	v	53.6264	-1.37
Kirkby Fleetham	Hambleton	v	54.3461	-1.567
Kirby Wiske	Hambleton	v	54.2581	-1.4245
Kirklington	Hambleton	v	54.226	-1.513
Kirby Hill	Harrogate	v	54.1081	-1.4061
Kirkby Malzeard	Harrogate	v	54.1644	-1.6466
Kirk Deighton	Harrogate	v	53.9477	-1.394
Kirkby Overblow	Harrogate	v	53.9392	-1.5057
Kettlesing Bottom	Harrogate	v	54.0103	-1.6542
Killinghall	Harrogate	v	54.0234	-1.5646
Knox	Harrogate	v	54.0146	-1.5559
Kirkhamgate	Wakefield	v	53.7016	-1.5529
Kirkthorpe	Wakefield	v	53.6847	-1.4497
Kexbrough	Barnsley	v	53.5818	-1.5484
Kildwick	Craven	v	53.9122	-1.9793
Kirkheaton	Kirklees	v	53.6585	-1.7286
Kirkburton	Kirklees	v	53.6103	-1.7028
Kettlewell	Craven	v	54.147	-2.0447
Kirkby Malham	Craven	v	54.0446	-2.162
Kelbrook	Pendle	v	53.8954	-2.1501
Knowle Green	Ribble Valley	v	53.8387	-2.5447
Kings Moss	St. Helens	v	53.505	-2.7462
Kirkby-in-Furness	South Lakeland	v	54.2315	-3.1816
Knott End-on-Sea	Wyre	v	53.9282	-2.9882
Kirksanton	Copeland	v	54.215	-3.3214
Kirkleatham	Redcar and Cleveland	v	54.5895	-1.0872
Kirklevington	Stockton-on-Tees	v	54.4827	-1.3365
Kirkby	Hambleton	v	54.4461	-1.1704
Kibblesworth	Gateshead	v	54.9048	-1.6223
Kimblesworth	County Durham	v	54.8191	-1.5974
Kelloe	County Durham	v	54.7192	-1.475
Kirk Merrington	County Durham	v	54.6769	-1.5972
Kirby Hill	Richmondshire	v	54.4545	-1.7858
Kirkwhelpington	Northumberland	v	55.1548	-2.0061
Kielder	Northumberland	v	55.2363	-2.5903
Kirkby Thore	Eden	v	54.6244	-2.5612
Knock	Eden	v	54.6405	-2.5029
King's Meaburn	Eden	v	54.5839	-2.5883
Kirkoswald	Eden	v	54.7643	-2.6935
Kirkhouse	Carlisle	v	54.9314	-2.6762
Kentmere	South Lakeland	v	54.4316	-2.8406
Kirtlebridge	Dumfries and Galloway	v	55.0431	-3.1925
Kirkpatrick-Fleming	Dumfries and Galloway	v	55.0275	-3.1499
Kirkbampton	Allerdale	v	54.8982	-3.0789
Kirkbride	Allerdale	v	54.8941	-3.2027
Kirkland	Copeland	v	54.5489	-3.4358
Keekle	Copeland	v	54.5313	-3.5406
Kirkton	Dumfries and Galloway	v	55.1168	-3.6084
Kirkgunzeon	Dumfries and Galloway	v	54.9817	-3.7736
Kirkbean	Dumfries and Galloway	v	54.9165	-3.5957
Kirkpatrick Durham	Dumfries and Galloway	v	55.0116	-3.898
Kelton Hill	Dumfries and Galloway	v	54.9164	-3.9642
Kirkinner	Dumfries and Galloway	v	54.8319	-4.4579
Kirkcowan	Dumfries and Galloway	v	54.9128	-4.6078
Kirkcolm	Dumfries and Galloway	v	54.9734	-5.0835
Kirk Yetholm	Scottish Borders	v	55.5474	-2.275
Killochyett	Scottish Borders	v	55.6986	-2.8639
Kinglassie	Fife	v	56.1737	-3.2428
Keltybridge	Perth and Kinross	v	56.1445	-3.3878
Kelty	Fife	v	56.1327	-3.3795
Kingseat	Fife	v	56.0979	-3.4074
Kirknewton	West Lothian	v	55.8874	-3.4201
Kirkliston	City of Edinburgh	v	55.9561	-3.4018
Kincardine	Fife	v	56.0678	-3.719
Kennet	Clackmannanshire	v	56.1011	-3.7301
Kilncadzow	South Lanarkshire	v	55.7172	-3.7796
Kirkfieldbank	South Lanarkshire	v	55.6753	-3.8027
Kippen	Stirling	v	56.126	-4.1726
Kirkmuirhill	South Lanarkshire	v	55.6665	-3.9186
Kirkconnel	Dumfries and Galloway	v	55.3807	-3.9924
Killearn	Stirling	v	56.0412	-4.3673
Kilbarchan	Renfrewshire	v	55.8363	-4.5536
Kilmaurs	East Ayrshire	v	55.6385	-4.527
Kilcreggan	Argyll and Bute	v	55.9846	-4.8213
Kilmacolm	Inverclyde	v	55.8945	-4.6263
Kilbirnie	North Ayrshire	v	55.7555	-4.6853
Knockentiber	East Ayrshire	v	55.6218	-4.5444
Kirkoswald	South Ayrshire	v	55.3317	-4.7701
Kirkmichael	South Ayrshire	v	55.345	-4.6126
Kilmun	Argyll and Bute	v	55.9893	-4.9235
Kilchattan Bay	Argyll and Bute	v	55.7509	-5.0246
Kingarth	Argyll and Bute	v	55.761	-5.0318
Kilmichael Glassary	Argyll and Bute	v	56.0851	-5.4435
Kilmartin	Argyll and Bute	v	56.1344	-5.4846
Kames	Argyll and Bute	v	55.8885	-5.2385
Kilmory	North Ayrshire	v	55.4449	-5.2266
Keills	Argyll and Bute	v	55.8417	-6.1271
Kirkton of Maryculter	Aberdeenshire	v	57.0832	-2.2359
Kincardine O'Neil	Aberdeenshire	v	57.0865	-2.6732
Kingsmuir	Angus	v	56.633	-2.852
Kingennie	Angus	v	56.5044	-2.8601
Kilconquhar	Fife	v	56.2084	-2.8296
Kilrenny	Fife	v	56.2342	-2.6871
Kingsbarns	Fife	v	56.2981	-2.657
Kemback	Fife	v	56.3261	-2.9455
Kilmany	Fife	v	56.3832	-2.9946
Kingoodie	Perth and Kinross	v	56.4513	-3.0747
Kettins	Perth and Kinross	v	56.5378	-3.2403
Kirkton	Fife	v	56.414	-3.0357
Kinnaird	Perth and Kinross	v	56.443	-3.2237
Kirkton of Auchterhouse	Angus	v	56.5377	-3.0646
Kingskettle	Fife	v	56.2609	-3.1166
Kennoway	Fife	v	56.2109	-3.049
Kettlebridge	Fife	v	56.2565	-3.122
Kinloch	Perth and Kinross	v	56.5883	-3.3957
Kirkmichael	Perth and Kinross	v	56.7221	-3.5071
Kinrossie	Perth and Kinross	v	56.4754	-3.321
Kinfauns	Perth and Kinross	v	56.3866	-3.3793
Kinnesswood	Perth and Kinross	v	56.2116	-3.3285
Kenmore	Perth and Kinross	v	56.5823	-3.996
Kinloch Rannoch	Perth and Kinross	v	56.6969	-4.1867
Kinbuck	Stirling	v	56.2228	-3.9513
Killin	Stirling	v	56.4676	-4.3182
Kinlochard	Stirling	v	56.1883	-4.4913
Kinlochmore	Highland	v	56.7152	-4.9639
Kinlochleven	Highland	v	56.713	-4.9661
Kentallen	Highland	v	56.674	-5.244
Kilmore	Argyll and Bute	v	56.3735	-5.4305
Kilmelford	Argyll and Bute	v	56.2568	-5.4804
Kilchoan	Highland	v	56.6979	-6.1132
Kirktown	Aberdeenshire	v	57.5577	-1.8482
Kinellar	Aberdeenshire	v	57.2059	-2.3189
Kirkton of Skene	Aberdeenshire	v	57.1602	-2.3271
Kingswells	Aberdeen City	v	57.156	-2.2255
Kinmuck	Aberdeenshire	v	57.2685	-2.3025
Kingseat	Aberdeenshire	v	57.2626	-2.1599
Kirkton of Auchterless	Aberdeenshire	v	57.461	-2.4836
Keig	Aberdeenshire	v	57.2637	-2.6408
Kirkton of Tough	Aberdeenshire	v	57.2073	-2.6406
Kemnay	Aberdeenshire	v	57.236	-2.4456
Kinnoir	Aberdeenshire	v	57.4783	-2.7365
Kennethmont	Aberdeenshire	v	57.353	-2.7719
Kingston	Moray	v	57.6737	-3.1098
Kintessack	Moray	v	57.6229	-3.6717
Kinloss	Moray	v	57.6347	-3.5703
Knockando	Moray	v	57.4596	-3.3504
Kincraig	Highland	v	57.1291	-3.9321
Kildary	Highland	v	57.7483	-4.0716
Kiltarlity	Highland	v	57.4385	-4.4933
Kirkhill	Highland	v	57.4762	-4.4133
Kinlochewe	Highland	v	57.6048	-5.2998
Kyleakin	Highland	v	57.2726	-5.7441
Kyle of Lochalsh	Highland	v	57.2811	-5.7123
Kilmaluag	Highland	v	57.6845	-6.3062
Kilvaxter	Highland	v	57.6465	-6.3804
Keiss	Highland	v	58.5373	-3.1267
Kinlochbervie	Highland	v	58.4591	-5.0511
Kneep	Na h-Eileanan an Iar	v	58.2215	-6.9483
Kalliness	Shetland Islands	v	60.2313	-1.3028
Knowlton	Dover	h	51.2346	1.2662
Knave's Ash	Canterbury	h	51.3339	1.1528
Kempe's Corner	Ashford	h	51.1838	0.9078
Kemsley Street	Maidstone	h	51.3329	0.5878
Knox Bridge	Tunbridge Wells	h	51.1376	0.5553
Key's Green	Tunbridge Wells	h	51.1339	0.3588
Kipping's Cross	Tunbridge Wells	h	51.1353	0.3494
Kevingtown	Bromley	h	51.3867	0.133
Kitts End	Hertsmere	h	51.6731	-0.2038
Kent Street	Horsham	h	50.9783	-0.2506
Kemprow	Hertsmere	h	51.6775	-0.3404
Knodishall	East Suffolk	h	52.2013	1.5478
Kirby Row	South Norfolk	h	52.4792	1.4893
Kirby Green	South Norfolk	h	52.4933	1.5008
Kenton Corner	Mid Suffolk	h	52.2424	1.2212
Kittle's Corner	East Suffolk	h	52.1892	1.2588
Kenninghall Heath	Breckland	h	52.4234	0.9912
Knaves Green	Mid Suffolk	h	52.2482	1.1094
Knettishall	West Suffolk	h	52.3868	0.8972
Kingshall Green	West Suffolk	h	52.2103	0.8039
Kersey Tye	Babergh	h	52.0503	0.8939
Kettlebaston	Babergh	h	52.1163	0.8706
Kersey Upland	Babergh	h	52.0495	0.9025
Kenny Hill	West Suffolk	h	52.3923	0.4495
Knowl Green	Braintree	h	52.0421	0.5975
Killem's Green	Uttlesford	h	52.0034	0.087
Keeres Green	Uttlesford	h	51.8042	0.3134
Kettle Green	East Hertfordshire	h	51.8454	0.0559
Knotting Green	Bedford	h	52.2505	-0.5283
Knotting	Bedford	h	52.26	-0.5325
Kempston Church End	Bedford	h	52.1204	-0.5186
King's Walden	North Hertfordshire	h	51.8991	-0.3152
Kirby Bedon	South Norfolk	h	52.598	1.3635
Kidd's Moor	South Norfolk	h	52.5889	1.1244
King Row	Breckland	h	52.6045	0.872
Kelstern	East Lindsey	h	53.3949	-0.1175
Ketsby	East Lindsey	h	53.2684	0.0511
Kirkby Fenside	East Lindsey	h	53.1291	-0.0093
Kingerby	West Lindsey	h	53.422	-0.4132
Kirmond le Mire	West Lindsey	h	53.4168	-0.213
Kingthorpe	West Lindsey	h	53.2604	-0.307
Kelby	North Kesteven	h	52.9613	-0.5059
Keisby	South Kesteven	h	52.8475	-0.4657
Killerby	Scarborough	h	54.2294	-0.3657
Keynor Estate	Chichester	h	50.7678	-0.7939
Knighton	Isle of Wight	h	50.6758	-1.2028
Kingston	Isle of Wight	h	50.6295	-1.3232
Knighton	"Bournemouth, Christchurch and Poole"	h	50.7774	-1.9312
Kingsland	Dorset	h	50.7776	-2.7751
Kingston Russell	Dorset	h	50.7204	-2.5941
Kingsdon	East Devon	h	50.7425	-3.0632
Kersbrook	East Devon	h	50.64	-3.3207
Kestle	Cornwall	h	50.6307	-4.4181
Kelly	West Devon	h	50.6101	-4.2691
Kingston	Cornwall	h	50.5579	-4.3139
Knightsmill	Cornwall	h	50.5918	-4.7206
Kea	Cornwall	h	50.2434	-5.0751
Kestle Mill	Cornwall	h	50.3929	-5.0288
Kestle	Cornwall	h	50.2721	-4.8194
Kestle	Cornwall	h	50.0872	-5.1423
Kerris	Cornwall	h	50.0897	-5.5737
Kelynack	Cornwall	h	50.1126	-5.6779
Kiff Green	West Berkshire	h	51.413	-1.1806
Knapp	Test Valley	h	51.0126	-1.4215
Kingsmead	Winchester	h	50.9186	-1.1699
Keeping	New Forest	h	50.8012	-1.4315
Kingstone Winslow	Vale of White Horse	h	51.5683	-1.6184
Knighton	Vale of White Horse	h	51.5811	-1.5945
Knights Enham	Test Valley	h	51.2295	-1.4823
Kimbridge	Test Valley	h	51.0281	-1.5401
Kepnal	Wiltshire	h	51.3408	-1.7531
Knob's Crook	Dorset	h	50.8646	-1.9187
Kent	New Forest	h	50.8927	-1.8032
Kemble Wick	Cotswold	h	51.6592	-2.0232
Knockdown	Cotswold	h	51.5942	-2.2352
Kellaways	Wiltshire	h	51.4803	-2.0734
Knook	Wiltshire	h	51.1759	-2.0906
Kit Hill	Dorset	h	50.9777	-2.2261
Killing's Knap	Mendip	h	51.2639	-2.4791
Knackers Hole	Dorset	h	50.9015	-2.3114
Knighton	Dorset	h	50.9021	-2.5503
Kilgwrrwg	Sir Fynwy - Monmouthshire	h	51.6808	-2.763
Knollbury	Sir Fynwy - Monmouthshire	h	51.5886	-2.8234
Kenn Moor Gate	North Somerset	h	51.4045	-2.7981
Kingdown	North Somerset	h	51.3747	-2.6832
Kingweston	South Somerset	h	51.0758	-2.676
Kibbear	Somerset West and Taunton	h	50.9913	-3.1029
Knowle	Sedgemoor	h	51.1546	-2.9522
Kenny	South Somerset	h	50.956	-2.9768
Knowle St Giles	South Somerset	h	50.8986	-2.9336
Knighton	Somerset West and Taunton	h	51.1932	-3.1559
Kilton	Somerset West and Taunton	h	51.1887	-3.1969
Kittisford	Somerset West and Taunton	h	50.9936	-3.3193
Kingswood	Somerset West and Taunton	h	51.1326	-3.2819
Knowle	Mid Devon	h	50.8554	-3.417
Knowstone	North Devon	h	50.9949	-3.6735
Kennerleigh	Mid Devon	h	50.8541	-3.6778
Kentisbury	North Devon	h	51.1768	-3.9726
Kentisbury Ford	North Devon	h	51.1673	-3.9774
Knightacott	North Devon	h	51.1354	-3.933
Kerscott	North Devon	h	51.0482	-3.9505
Knowle	Mid Devon	h	50.8005	-3.7288
Kingford	North Devon	h	50.9557	-3.961
Kingsheanton	North Devon	h	51.1156	-4.0692
Kingscott	Torridge	h	50.9446	-4.0831
Kingford	Torridge	h	50.8292	-4.4362
Knuston	North Northamptonshire	h	52.2869	-0.6252
Kempston West End	Bedford	h	52.1157	-0.5544
Kimble Wick	Buckinghamshire	h	51.7625	-0.8383
Kingsash	Buckinghamshire	h	51.7422	-0.7159
Knaptoft	Harborough	h	52.5009	-1.0777
Kingston Stert	South Oxfordshire	h	51.7063	-0.951
King's Newnham	Rugby	h	52.391	-1.3415
Kites Hardwick	Rugby	h	52.3095	-1.3123
Kiddington	West Oxfordshire	h	51.903	-1.399
Kinwalsey	North Warwickshire	h	52.463	-1.6256
Knowle End	Stratford-on-Avon	h	52.1351	-1.4425
Kitebrook	Stratford-on-Avon	h	51.9799	-1.6459
Kemps Green	Stratford-on-Avon	h	52.3293	-1.7889
Kington	Stratford-on-Avon	h	52.2743	-1.7332
Kite Green	Stratford-on-Avon	h	52.2936	-1.761
Knighton	Wychavon	h	52.2101	-1.9447
Knowle Fields	Wychavon	h	52.2193	-1.9396
Kinwarton	Stratford-on-Avon	h	52.2239	-1.8511
Kineton	Cotswold	h	51.938	-1.8613
Kent's Green	Malvern Hills	h	52.147	-2.2547
King's End	Malvern Hills	h	52.165	-2.2555
Kersoe	Wychavon	h	52.0582	-2.0096
Knave-in-hole	Stroud	h	51.7129	-2.179
Knowlesands	Shropshire	h	52.5233	-2.4156
Kingslow	Shropshire	h	52.5877	-2.3127
Kyrewood	Malvern Hills	h	52.3082	-2.58
King's Green	Malvern Hills	h	52.2433	-2.3368
Kyre Green	Malvern Hills	h	52.2591	-2.5724
Kingswood	Malvern Hills	h	52.2361	-2.3754
Ketford	Forest of Dean	h	51.9743	-2.3951
Kempley	Forest of Dean	h	51.9644	-2.4796
Kingstone	County of Herefordshire	h	51.9196	-2.5385
Kynaston	County of Herefordshire	h	52.0199	-2.5214
King's Green	Forest of Dean	h	52.003	-2.3387
Knowlegate	Shropshire	h	52.3575	-2.5903
Kinton	County of Herefordshire	h	52.3663	-2.8683
Knapton Green	County of Herefordshire	h	52.1703	-2.8129
Kymin	County of Herefordshire	h	52.1018	-2.6036
Kivernoll	County of Herefordshire	h	51.9863	-2.7757
Kentchurch	County of Herefordshire	h	51.9272	-2.8571
Kerne Bridge	County of Herefordshire	h	51.8671	-2.6093
Kempton	Shropshire	h	52.4415	-2.942
Knill	County of Herefordshire	h	52.2394	-3.0392
Kinnerton	Powys - Powys	h	52.2611	-3.1095
Kingswood	County of Herefordshire	h	52.1804	-3.0337
Kerry's Gate	County of Herefordshire	h	51.9946	-2.8851
Kemeys Commander	Sir Fynwy - Monmouthshire	h	51.7378	-2.9446
Kings Wood	Sir Gaerfyrddin - Carmarthenshire	h	51.7589	-4.2921
Knaith	West Lindsey	h	53.3534	-0.754
Kettlethorpe	West Lindsey	h	53.2728	-0.7314
Kersall	Newark and Sherwood	h	53.1514	-0.9333
Kneeton	Rushcliffe	h	53.0072	-0.9422
Kilvington	Newark and Sherwood	h	52.9775	-0.8105
Knapthorpe	Newark and Sherwood	h	53.1207	-0.8952
King's Norton	Harborough	h	52.5982	-0.9849
Kedleston	Amber Valley	h	52.9678	-1.552
King Sterndale	High Peak	h	53.246	-1.8592
Kerridge-end	Cheshire East	h	53.2724	-2.0857
Kermincham Heath	Cheshire East	h	53.2093	-2.2897
Kingsley Moor	Staffordshire Moorlands	h	53.0165	-2.0183
Knightley Dale	Stafford	h	52.8102	-2.2736
Knowl Wall	Stafford	h	52.951	-2.2214
Knenhall	Stafford	h	52.9373	-2.1175
Kenyon	Warrington	h	53.4561	-2.559
Knowl Bank	Newcastle-under-Lyme	h	53.0386	-2.3363
Kingswood	Cheshire West and Chester	h	53.2617	-2.717
Kidnal	Cheshire West and Chester	h	53.04	-2.7838
Kenstone	Shropshire	h	52.8519	-2.6074
Kenley	Shropshire	h	52.6001	-2.6507
Kinnerton Green	Sir y Fflint - Flintshire	h	53.1415	-2.9913
Knolton Bryn	Wrecsam - Wrexham	h	52.9486	-2.9335
Kynaston	Shropshire	h	52.7753	-2.959
Knolton	Wrecsam - Wrexham	h	52.9425	-2.9246
Kinton	Shropshire	h	52.7707	-2.9356
Kilnwick Percy	East Riding of Yorkshire	h	53.9418	-0.746
Kirby Underdale	East Riding of Yorkshire	h	54.0168	-0.7705
Kelfield	North Lincolnshire	h	53.5014	-0.7549
Kennythorpe	Ryedale	h	54.0827	-0.7952
Kirkham	Ryedale	h	54.0829	-0.873
Knedlington	East Riding of Yorkshire	h	53.7431	-0.8848
Kilpin	East Riding of Yorkshire	h	53.7327	-0.8304
Kirk Bramwith	Doncaster	h	53.597	-1.0648
Kirby Sigston	Hambleton	h	54.3483	-1.3634
Kepwick	Hambleton	h	54.312	-1.2787
Kirby Knowle	Hambleton	h	54.2783	-1.283
Kiddal Lane End	Leeds	h	53.8512	-1.393
Kirkbridge	Hambleton	h	54.3076	-1.6113
Knotford	Leeds	h	53.909	-1.6695
Kettlesing	Harrogate	h	54.0071	-1.6585
Kearby	Harrogate	h	53.9215	-1.4763
Keld Houses	Craven	h	54.0712	-1.8435
Kilnsey	Craven	h	54.1059	-2.04
Kearstwick	South Lakeland	h	54.2145	-2.6059
Killington	South Lakeland	h	54.2946	-2.5961
Keasden	Craven	h	54.0945	-2.4251
Knotts	Ribble Valley	h	53.9782	-2.355
Knipe Fold	South Lakeland	h	54.3891	-3.0131
Kettleness	Scarborough	h	54.5285	-0.7163
Kilton Thorpe	Redcar and Cleveland	h	54.5493	-0.9337
Kildale	Hambleton	h	54.4766	-1.0644
Kirkharle	Northumberland	h	55.1377	-1.9833
Kirkheaton	Northumberland	h	55.091	-1.9714
Knitsley	County Durham	h	54.8326	-1.8293
Kiln Pit Hill	Northumberland	h	54.8905	-1.9399
Kinninvie	County Durham	h	54.5915	-1.9233
Killerby	Darlington	h	54.5743	-1.7039
Knowesgate	Northumberland	h	55.1661	-2.0171
Kelton	County Durham	h	54.5815	-2.1212
Keld	Richmondshire	h	54.4046	-2.1688
Kellah	Northumberland	h	54.9442	-2.5335
Knarsdale	Northumberland	h	54.8789	-2.5035
Kirkland	Eden	h	54.6861	-2.5509
Keisley	Eden	h	54.6093	-2.4524
Kaber	Eden	h	54.499	-2.3149
Kelleth	Eden	h	54.4414	-2.5253
Kershopefoot	Carlisle	h	55.1374	-2.8233
Kirklinton	Carlisle	h	54.9948	-2.8888
Knotts	Eden	h	54.5852	-2.8765
Keld	Eden	h	54.5242	-2.6909
Kirtleton	Dumfries and Galloway	h	55.1142	-3.1495
Kirkandrews-on-Eden	Carlisle	h	54.9163	-3.0097
Kirkland	Allerdale	h	54.8251	-3.1324
Kilnhill	Allerdale	h	54.6823	-3.2159
Kirkmichael	Dumfries and Galloway	h	55.1794	-3.5642
Kelhead	Dumfries and Galloway	h	55.0135	-3.3375
Kettleholm	Dumfries and Galloway	h	55.0778	-3.3484
Kelsick	Allerdale	h	54.8406	-3.2494
Kingside Hill	Allerdale	h	54.8489	-3.3105
Kirkpatrick	Dumfries and Galloway	h	55.1983	-3.7223
Keir Mill	Dumfries and Galloway	h	55.2189	-3.7948
Killywhan	Dumfries and Galloway	h	55.0069	-3.7396
Kelton	Dumfries and Galloway	h	55.0219	-3.5834
Kendoon	Dumfries and Galloway	h	55.1631	-4.1905
Kirkandrews	Dumfries and Galloway	h	54.8088	-4.1792
Knockbrex	Dumfries and Galloway	h	54.824	-4.2036
Kirkmaiden	Dumfries and Galloway	h	54.6916	-4.9123
Kirknewton	Northumberland	h	55.5665	-2.1362
Kilham	Northumberland	h	55.586	-2.1849
Kingston	East Lothian	h	56.0315	-2.7361
Kirkhill	Scottish Borders	h	55.6835	-2.6465
Kingscavil	West Lothian	h	55.9715	-3.556
Kirkurd	Scottish Borders	h	55.6848	-3.3939
Kaimend	South Lanarkshire	h	55.6973	-3.5957
Kelvinhead	North Lanarkshire	h	55.9842	-3.9946
Kingsford	East Ayrshire	h	55.7019	-4.4781
Kilgrammie	South Ayrshire	h	55.2826	-4.7483
Knockdon	South Ayrshire	h	55.3902	-4.6713
Kildavanan	Argyll and Bute	h	55.8492	-5.1547
Kerrycroy	Argyll and Bute	h	55.8078	-5.0214
Kilfinan	Argyll and Bute	h	55.9585	-5.3103
Kilmichael of Inverlussa	Argyll and Bute	h	56.014	-5.5735
Kilmory	Argyll and Bute	h	55.9135	-5.6765
Killean	Argyll and Bute	h	55.6401	-5.6634
Kilchenzie	Argyll and Bute	h	55.4619	-5.6785
Keils	Argyll and Bute	h	55.8439	-5.9532
Knockrome	Argyll and Bute	h	55.8771	-5.9117
Kilmeny	Argyll and Bute	h	55.8134	-6.1698
Kilchoman	Argyll and Bute	h	55.7872	-6.4483
Kirktown of Fetteresso	Aberdeenshire	h	56.9629	-2.2418
Kinneff	Aberdeenshire	h	56.8677	-2.2401
Kirkton of Durris	Aberdeenshire	h	57.0557	-2.3757
Kirkton of Craig	Angus	h	56.6936	-2.4837
Kinnell	Angus	h	56.6444	-2.6385
Kirkton	Angus	h	56.6088	-2.9439
Kirkton of Monikie	Angus	h	56.539	-2.7859
Kellas	Angus	h	56.5091	-2.8832
Kirkton of Tealing	Angus	h	56.5299	-2.9714
Kincaple	Fife	h	56.3531	-2.8727
Kirkton of Glenisla	Angus	h	56.7296	-3.2838
Kirkinch	Angus	h	56.5828	-3.1207
Kirkton of Kingoldrum	Angus	h	56.682	-3.0857
Kirkton of Airlie	Angus	h	56.6501	-3.1229
Kinnochtry	Perth and Kinross	h	56.5102	-3.2769
Knapp	Perth and Kinross	h	56.4689	-3.156
Kilspindie	Perth and Kinross	h	56.4173	-3.2673
Kettlehill	Fife	h	56.2557	-3.0914
Kinloch	Fife	h	56.2982	-3.1646
Kirkton of Cults	Fife	h	56.2768	-3.0569
Kirkforthar Feus	Fife	h	56.2278	-3.1489
Killiecrankie	Perth and Kinross	h	56.7453	-3.7799
Kinnaird	Perth and Kinross	h	56.7128	-3.7094
Kindallachan	Perth and Kinross	h	56.6299	-3.64
Keltneyburn	Perth and Kinross	h	56.6176	-4.0001
Kilmahog	Stirling	h	56.2494	-4.2479
Killichonan	Perth and Kinross	h	56.6916	-4.378
Kilmonivaig	Highland	h	56.9032	-5.0047
Kilchrenan	Argyll and Bute	h	56.3567	-5.1763
Kenmore	Argyll and Bute	h	56.1717	-5.1201
Knipoch	Argyll and Bute	h	56.3517	-5.4818
Kames	Argyll and Bute	h	56.2459	-5.5246
Kinloch	Highland	h	57.0122	-6.2804
Kilmory	Highland	h	56.7558	-6.0424
Kilninian	Argyll and Bute	h	56.5313	-6.2324
Kinharrachie	Aberdeenshire	h	57.3709	-2.1209
Kirkton of Bourtie	Aberdeenshire	h	57.3173	-2.3179
Kirkton of Logie Buchan	Aberdeenshire	h	57.3567	-2.0209
Kirktown of Alvah	Aberdeenshire	h	57.6302	-2.5406
Keilhill	Aberdeenshire	h	57.6276	-2.4819
Knowes of Elrick	Aberdeenshire	h	57.574	-2.6596
King Edward	Aberdeenshire	h	57.6103	-2.478
Kirkton	Aberdeenshire	h	57.3157	-2.5954
Kirkton of Rayne	Aberdeenshire	h	57.3611	-2.503
Kirktown of Deskford	Moray	h	57.6416	-2.8316
Kirkney	Aberdeenshire	h	57.381	-2.8089
Kingsteps	Highland	h	57.5918	-3.8406
Kinveachy	Highland	h	57.2471	-3.8034
Kirkton	Highland	h	57.9599	-4.0327
Kilmuir	Highland	h	57.7307	-4.0886
Kirkton	Highland	h	57.4164	-4.3286
Knockbain	Highland	h	57.4565	-4.4141
Knockfarrel	Highland	h	57.5876	-4.4978
Killianan	Highland	h	57.3819	-4.3777
Kerrow	Highland	h	57.3328	-4.7737
Kishorn	Highland	h	57.4012	-5.6124
Kirkton	Highland	h	57.2848	-5.5988
Kinloch Hourn	Highland	h	57.1034	-5.3807
Kenmore	Highland	h	57.5504	-5.7498
Kilmore	Highland	h	57.0942	-5.8741
Kilbeg	Highland	h	57.0844	-5.8829
Keistle	Highland	h	57.4837	-6.2825
Kilbride	Highland	h	57.2085	-5.9864
Knockbreck	Highland	h	57.5511	-6.5736
Kingsburgh	Highland	h	57.51	-6.3467
Kyles Flodda	Na h-Eileanan an Iar	h	57.478	-7.2934
Kilerivagh	Na h-Eileanan an Iar	h	57.415	-7.2931
Kinbrace	Highland	h	58.2602	-3.9398
Kirtomy	Highland	h	58.5418	-4.1614
Knockarthur	Highland	h	58.0313	-4.1119
Klibreck	Highland	h	58.2753	-4.4109
Keoldale	Highland	h	58.5527	-4.7824
Kylestrome	Highland	h	58.2626	-5.035
Kylesku	Highland	h	58.2549	-5.0203
Knockan	Highland	h	58.0482	-5.0291
Kershader	Na h-Eileanan an Iar	h	58.0904	-6.5145
Keose Glebe	Na h-Eileanan an Iar	h	58.1072	-6.4771
Kettletoft	Orkney Islands	h	59.2391	-2.5957
Knarston	Orkney Islands	h	59.0682	-3.2174
Kirkabister	Shetland Islands	h	60.3786	-1.1191
Kirkabister	Shetland Islands	h	60.1246	-1.1173
Kingsnorth	Medway	o	51.4245	0.5881
Kings Hill	Tonbridge and Malling	o	51.2743	0.3933
Kensington	Kensington and Chelsea	o	51.5006	-0.1944
Kenton	Harrow	o	51.5825	-0.3162
Kingston upon Thames		o	51.409	-0.3036
Kings Langley	Dacorum	o	51.7141	-0.4504
Kensworth Lynch	Central Bedfordshire	o	51.8518	-0.4866
Kerdiston	Broadland	o	52.7787	1.0763
Keddington	East Lindsey	o	53.3801	0.0282
Kirkstead	East Lindsey	o	53.1413	-0.2153
Kilnsea	East Riding of Yorkshire	o	53.6201	0.1392
Kingston Maurward	Dorset	o	50.719	-2.4023
Kitwood	East Hampshire	o	51.0935	-1.0501
Knowlton	Dorset	o	50.8903	-1.9659
Kingston	New Forest	o	50.8183	-1.79
Knowl	Wiltshire	o	51.0722	-2.2226
Kingswood	South Gloucestershire	o	51.448	-2.5285
Kilkenny	Mendip	o	51.1152	-2.5711
Kitford	Dorset	o	50.879	-2.3184
Kelland Court	Mid Devon	o	50.854	-3.8083
King Street Buildings	Blaby	o	52.5877	-1.2103
Kent's Green	Forest of Dean	o	51.913	-2.3757
Kenchester	County of Herefordshire	o	52.0811	-2.8223
Kinnersley	County of Herefordshire	o	52.143	-2.9691
Keythorpe	Harborough	o	52.5962	-0.8742
Killamarsh	North East Derbyshire	o	53.3235	-1.3164
Knockerdown	Derbyshire Dales	o	53.0642	-1.6536
Knotbury	Staffordshire Moorlands	o	53.2098	-1.9742
Kiddemore Green	South Staffordshire	o	52.6773	-2.2102
Kinmel Bay	Conwy - Conwy	o	53.3104	-3.5197
Kiplin	Hambleton	o	54.3745	-1.5773
Kearton	Richmondshire	o	54.3862	-2.007
Key Green	Scarborough	o	54.4313	-0.7635
Kilton	Redcar and Cleveland	o	54.5544	-0.9179
Killingworth	North Tyneside	o	55.0376	-1.5658
Killhope	County Durham	o	54.7833	-2.2738
Kirkcambeck	Carlisle	o	55.0133	-2.7307
Kirkland	Dumfries and Galloway	o	55.1923	-3.8664
Kirkdale	Dumfries and Galloway	o	54.851	-4.3119
Knockytoul	South Ayrshire	o	55.0926	-4.7027
Knowe	Dumfries and Galloway	o	55.0084	-4.6391
Kirkton	Scottish Borders	o	55.4199	-2.7184
Kames	East Ayrshire	o	55.5156	-4.0667
Kildonan	North Ayrshire	o	55.4432	-5.1087
Kilpatrick	North Ayrshire	o	55.4926	-5.3215
Kilnave	Argyll and Bute	o	55.8605	-6.3443
Kinnaird	Angus	o	56.7076	-2.5983
Kirkton of Menmuir	Angus	o	56.7689	-2.7639
Kirkbuddo	Angus	o	56.5793	-2.8077
Kingsmuir	Fife	o	56.2718	-2.7372
Kirkton of Lethendy	Perth and Kinross	o	56.5604	-3.4181
Kirkton of Collace	Perth and Kinross	o	56.4732	-3.3056
Kingswood	Perth and Kinross	o	56.5329	-3.5199
Kinclaven	Perth and Kinross	o	56.5302	-3.3822
Keillour	Perth and Kinross	o	56.4123	-3.6577
Kirkton	Perth and Kinross	o	56.6995	-3.9795
Kiltyrie	Perth and Kinross	o	56.5027	-4.2272
Kinloch Laggan	Highland	o	56.9742	-4.402
Kilfinnan	Highland	o	57.0182	-4.8445
Kinlocheil	Highland	o	56.8606	-5.3229
Kingairloch	Highland	o	56.6157	-5.4955
Kilninver	Argyll and Bute	o	56.3375	-5.521
Kames	Argyll and Bute	o	56.2443	-5.2591
Kinloid	Highland	o	56.9222	-5.8443
Kellan	Argyll and Bute	o	56.4913	-6.0315
Killiechronan	Argyll and Bute	o	56.4987	-6.0007
Kilfinichen	Argyll and Bute	o	56.383	-6.0652
Kintra	Argyll and Bute	o	56.3398	-6.3562
Kirkapol	Argyll and Bute	o	56.5222	-6.8078
Kenovay	Argyll and Bute	o	56.519	-6.8868
Kilmoluaig	Argyll and Bute	o	56.511	-6.9331
Kilkenneth	Argyll and Bute	o	56.4969	-6.9658
Keyhead	Aberdeenshire	o	57.5882	-1.8766
Kinknockie	Aberdeenshire	o	57.4628	-1.9909
Kiddshill	Aberdeenshire	o	57.4849	-2.1199
Knaven	Aberdeenshire	o	57.4762	-2.1815
Kinmundy	Aberdeenshire	o	57.2511	-2.173
Kirkton	Aberdeenshire	o	57.5406	-2.509
Kirkton of Culsalmond	Aberdeenshire	o	57.3829	-2.583
Kilbady	Moray	o	57.5862	-2.8924
Knock	Moray	o	57.5598	-2.7532
Kildrummy	Aberdeenshire	o	57.2385	-2.8801
Kellas	Moray	o	57.5683	-3.3936
Kincardine	Highland	o	57.8688	-4.3557
Kinbeachie	Highland	o	57.6273	-4.2961
Kilmuir	Highland	o	57.5165	-4.2193
Killen	Highland	o	57.5929	-4.2157
Knockbain	Highland	o	57.5736	-4.3027
Kilmachalmack	Highland	o	57.9456	-4.5259
Kilcoy	Highland	o	57.5355	-4.3636
Keppoch	Highland	o	57.2623	-5.4839
Killilan	Highland	o	57.3168	-5.4227
Kalnakill	Highland	o	57.5233	-5.8513
Kylerhea	Highland	o	57.2244	-5.6698
Kirkibost	Highland	o	57.1825	-6.059
Kildonan	Highland	o	57.4979	-6.4198
Kirk	Highland	o	58.5205	-3.244
Killimster	Highland	o	58.4947	-3.1744
Knockglass	Highland	o	58.5477	-3.6331
Knockdee	Highland	o	58.5263	-3.4092
Knockally	Highland	o	58.242	-3.4536
Kinloch	Highland	o	58.2688	-4.8195
Kirbest	Orkney Islands	o	59.2764	-3.0052
Kirbuster	Orkney Islands	o	59.1116	-3.2493
Kirbister	Orkney Islands	o	58.9502	-3.1098
Kirbister	Orkney Islands	o	59.0053	-3.3095
Kirkabister	Shetland Islands	o	60.3043	-1.1026
