Derby	City of Derby	c	52.9247	-1.4781
Durham	County Durham	c	54.7779	-1.5826
Dundee	Dundee City	c	56.4584	-2.9737
Dover		t	51.1281	1.3085
Deal	Dover	t	51.2227	1.4
Dartford		t	51.4561	0.2468
Dorking	Mole Valley	t	51.2328	-0.3298
Diss	South Norfolk	t	52.3768	1.1087
Dunstable	Central Bedfordshire	t	51.8876	-0.5231
Dereham	Breckland	t	52.682	0.9405
Downham Market	King's Lynn and West Norfolk	t	52.6029	0.3778
Driffield	East Riding of Yorkshire	t	54.0057	-0.4401
Dorchester	Dorset	t	50.7153	-2.4381
Dawlish	Teignbridge	t	50.5819	-3.4696
Dartmouth	South Hams	t	50.3515	-3.5799
Didcot	South Oxfordshire	t	51.6064	-1.2426
Devizes	Wiltshire	t	51.3519	-1.9953
Dursley	Stroud	t	51.6814	-2.3538
Dulverton	Somerset West and Taunton	t	51.0401	-3.5501
Desborough	North Northamptonshire	t	52.4419	-0.8213
Daventry	West Northamptonshire	t	52.2584	-1.1604
Dudley		t	52.5101	-2.0832
Darlaston	Walsall	t	52.5689	-2.0333
Droitwich Spa	Wychavon	t	52.2681	-2.1457
Dinbych-y-Pysgod	Sir Benfro - Pembrokeshire	t	51.6728	-4.7025
Doc Penfro	Sir Benfro - Pembrokeshire	t	51.6937	-4.9399
Dinnington	Rotherham	t	53.3685	-1.2108
Darley Dale	Derbyshire Dales	t	53.162	-1.5889
Dronfield	North East Derbyshire	t	53.3026	-1.4766
Denton	Tameside	t	53.4562	-2.1138
Dukinfield	Tameside	t	53.477	-2.0819
Droylsden	Tameside	t	53.4808	-2.1447
Dinbych	Sir Ddinbych - Denbighshire	t	53.1833	-3.4206
Dolgellau	Gwynedd - Gwynedd	t	52.7431	-3.8856
Doncaster		t	53.5227	-1.1324
Dewsbury	Kirklees	t	53.6917	-1.6277
Darwen	Blackburn with Darwen	t	53.6951	-2.4673
Dalton-in-Furness	Barrow-in-Furness	t	54.1558	-3.1849
Darlington		t	54.5233	-1.5536
Dalbeattie	Dumfries and Galloway	t	54.9323	-3.8212
Dumfries	Dumfries and Galloway	t	55.0698	-3.6093
Dunbar	East Lothian	t	56.0017	-2.5156
Duns	Scottish Borders	t	55.7779	-2.3435
Dalkeith	Midlothian	t	55.8886	-3.0807
Dunfermline	Fife	t	56.0712	-3.4638
Denny	Falkirk	t	56.0228	-3.9075
Dollar	Clackmannanshire	t	56.1629	-3.6715
Darvel	East Ayrshire	t	55.6098	-4.281
Dumbarton	West Dunbartonshire	t	55.9457	-4.5667
Dunoon	Argyll and Bute	t	55.9544	-4.928
Dunblane	Stirling	t	56.1885	-3.9642
Doune	Stirling	t	56.1896	-4.0526
Dufftown	Moray	t	57.445	-3.1285
Dornoch	Highland	t	57.8806	-4.0279
Dingwall	Highland	t	57.5953	-4.4253
Downside	Eastbourne	a	50.7771	0.256
Dumpton	Thanet	a	51.3483	1.4264
Durlock	Thanet	a	51.331	1.3185
Davington	Swale	a	51.3189	0.8823
Dutch Village	Castle Point	a	51.5252	0.5583
Denton	Gravesham	a	51.434	0.3936
Durgates	Wealden	a	51.0661	0.3273
Debden Green	Epping Forest	a	51.6628	0.0782
Docklands	Newham	a	51.508	0.017
Darenth Valley	Dartford	a	51.4326	0.2567
Derry Downs	Bromley	a	51.3813	0.12
Dartford Marshes	Dartford	a	51.4665	0.213
Denny Bottom	Tunbridge Wells	a	51.1355	0.2394
Denton	Lewes	a	50.8045	0.0632
De Beauvoir Town	Hackney	a	51.541	-0.0806
Ducks Island	Barnet	a	51.6433	-0.2139
Dollis Hill	Brent	a	51.5628	-0.2301
Dalston	Hackney	a	51.5454	-0.0698
Dudden Hill	Brent	a	51.5552	-0.2393
Dartmouth Park	Camden	a	51.5615	-0.1507
Downham	Lewisham	a	51.4259	0.002
Dulwich	Southwark	a	51.4354	-0.0801
Dulwich Village	Southwark	a	51.4475	-0.086
Doversgreen	Reigate and Banstead	a	51.2181	-0.1964
Dormer's Wells	Ealing	a	51.5153	-0.3639
Ditchingham Dam	South Norfolk	a	52.4579	1.4399
Drybridge Hill	East Suffolk	a	52.0922	1.3025
Dovercourt	Tendring	a	51.9367	1.2783
Duck End	Braintree	a	51.9703	0.4527
Denny End	South Cambridgeshire	a	52.2715	0.1869
Dennis Green	South Cambridgeshire	a	52.1525	-0.2002
Dutter End	South Cambridgeshire	a	52.1566	-0.1841
Digswell Water	Welwyn Hatfield	a	51.8195	-0.1915
Dobb's Weir	Epping Forest	a	51.7542	0.0088
Danesbury	Welwyn Hatfield	a	51.8328	-0.2145
Digswell Park	Welwyn Hatfield	a	51.8171	-0.2063
Digswell	Welwyn Hatfield	a	51.8236	-0.1898
Duck End	Central Bedfordshire	a	52.0679	-0.4793
Duck End	Bedford	a	52.0844	-0.4549
Downside	Central Bedfordshire	a	51.8767	-0.5004
Damgate	Great Yarmouth	a	52.7142	1.6356
Dumpling Green	Breckland	a	52.6711	0.9542
Dogsthorpe	City of Peterborough	a	52.5953	-0.2302
Drypool	City of Kingston upon Hull	a	53.7458	-0.3178
Dairycoates	City of Kingston upon Hull	a	53.7324	-0.3727
Durns Town	New Forest	a	50.787	-1.5999
Dudsbury	Dorset	a	50.7828	-1.8909
Dean Park	"Bournemouth, Christchurch and Poole"	a	50.7291	-1.8697
Durlston	Dorset	a	50.6017	-1.9559
Dog Village	East Devon	a	50.7593	-3.4404
Duryard	Exeter	a	50.7465	-3.5402
Dean	South Hams	a	50.469	-3.7892
Dodbrooke	South Hams	a	50.285	-3.7758
Drakewalls	Cornwall	a	50.5169	-4.2243
Derriford	City of Plymouth	a	50.4191	-4.1182
Devonport	City of Plymouth	a	50.3784	-4.1775
Dowlesgreen	Wokingham	a	51.4199	-0.8207
Dedworth	Windsor and Maidenhead	a	51.4824	-0.6478
Dennisville	Guildford	a	51.2413	-0.5963
Deadwater	East Hampshire	a	51.1136	-0.8468
Daneshill	Basingstoke and Deane	a	51.2785	-1.0659
Denvilles	Havant	a	50.8585	-0.965
Drayton	City of Portsmouth	a	50.8464	-1.044
Downend	West Berkshire	a	51.4723	-1.315
Donnington	West Berkshire	a	51.418	-1.329
Dowd's Farm	Eastleigh	a	50.9288	-1.3055
Downend	Fareham	a	50.8512	-1.1564
Dogridge	Wiltshire	a	51.5869	-1.8837
Dorcan	Swindon	a	51.5544	-1.725
Ditchampton	Wiltshire	a	51.0884	-1.872
Dewlands Common	Dorset	a	50.8749	-1.8888
Dolemeads	Bath and North East Somerset	a	51.379	-2.3523
Downend	South Gloucestershire	a	51.491	-2.4946
Darshill	Mendip	a	51.1941	-2.5598
Droop	Dorset	a	50.8734	-2.3533
Dry Hill	North Somerset	a	51.4861	-2.7751
Duffryn	Casnewydd - Newport	a	51.5611	-3.0236
Dowslands	Somerset West and Taunton	a	50.9992	-3.0862
Dan Caerlan	Rhondda Cynon Taf - Rhondda Cynon Taf	a	51.5453	-3.3676
Denscombe	Caerffili - Caerphilly	a	51.5733	-3.2228
Dyffryn Dowlats	Rhondda Cynon Taf - Rhondda Cynon Taf	a	51.5628	-3.322
Dinas	Rhondda Cynon Taf - Rhondda Cynon Taf	a	51.615	-3.4325
Darranlas	Rhondda Cynon Taf - Rhondda Cynon Taf	a	51.681	-3.3805
Dyffryn	Pen-y-bont ar Ogwr - Bridgend	a	51.6305	-3.6591
Dan-y-graig	Abertawe - Swansea	a	51.6229	-3.9185
Diddywell	Torridge	a	51.0473	-4.2058
Derby	North Devon	a	51.0839	-4.0469
Downs Barn	Milton Keynes	a	52.0564	-0.7481
Downhead Park	Milton Keynes	a	52.0602	-0.7419
Denbigh West	Milton Keynes	a	52.0045	-0.731
Dudswell	Dacorum	a	51.7773	-0.6012
Dallington	West Northamptonshire	a	52.2482	-0.9244
Duston	West Northamptonshire	a	52.2492	-0.9502
Diggs	Buckinghamshire	a	51.7675	-0.9335
Drayton	West Northamptonshire	a	52.2603	-1.1713
Dean Court	Vale of White Horse	a	51.7498	-1.3108
Draper's Fields	Coventry	a	52.4145	-1.5115
Down End	Cherwell	a	51.9957	-1.4827
Doe Bank	Birmingham	a	52.5748	-1.8217
Digbeth	Birmingham	a	52.475	-1.8864
Deritend	Birmingham	a	52.4735	-1.8832
Dagtail End	Redditch	a	52.2695	-1.9454
Dibdale	Dudley	a	52.5185	-2.1132
Dudley Wood	Dudley	a	52.4777	-2.0859
Darby End	Dudley	a	52.4855	-2.0726
Dudley Port	Sandwell	a	52.5212	-2.0576
Dixon's Green	Dudley	a	52.5035	-2.0718
Darlaston Green	Walsall	a	52.5725	-2.0313
Deepfields	City of Wolverhampton	a	52.5494	-2.0926
Daisy Bank	Dudley	a	52.5513	-2.0792
Darby's Hill	Sandwell	a	52.502	-2.0507
Diglis	Worcester	a	52.1847	-2.2206
Dines Green	Worcester	a	52.1926	-2.2563
Dudbridge	Stroud	a	51.7384	-2.2415
Draycott	Stroud	a	51.7117	-2.3649
Double View	Forest of Dean	a	51.8195	-2.4924
Dixton	Sir Fynwy - Monmouthshire	a	51.8195	-2.6985
Danygrug	Powys - Powys	a	51.8635	-3.1327
Dukestown	Blaenau Gwent - Blaenau Gwent	a	51.7872	-3.2495
Duke's Meadow	Blaenau Gwent - Blaenau Gwent	a	51.7877	-3.2544
Dowlais	Merthyr Tudful - Merthyr Tydfil	a	51.7605	-3.3529
Dowlais Top	Merthyr Tudful - Merthyr Tydfil	a	51.764	-3.3407
Dyfatty	Sir Gaerfyrddin - Carmarthenshire	a	51.6854	-4.2407
Dafen	Sir Gaerfyrddin - Carmarthenshire	a	51.6919	-4.1305
Dyffryn	Sir Benfro - Pembrokeshire	a	51.9947	-5.0018
Drakehouse	Sheffield	a	53.3456	-1.3562
Danesmoor	North East Derbyshire	a	53.1643	-1.3991
Dove Green	Ashfield	a	53.0711	-1.3096
Daybrook	Gedling	a	53.0005	-1.1451
Dishley	Charnwood	a	52.7792	-1.2346
Dunkirk	City of Nottingham	a	52.9398	-1.1843
Darnall	Sheffield	a	53.3875	-1.4178
Dore	Sheffield	a	53.328	-1.536
Dropping Well	Rotherham	a	53.4423	-1.4069
Deep Pit	Sheffield	a	53.3665	-1.4383
Den Bank	Sheffield	a	53.382	-1.5307
Dronfield Woodhouse	North East Derbyshire	a	53.3038	-1.4989
Dunston	Chesterfield	a	53.2614	-1.4486
Dimple	Derbyshire Dales	a	53.143	-1.5593
Duffieldbank	Erewash	a	52.9795	-1.4749
Derby War Memorial Village	City of Derby	a	52.884	-1.4512
Darley Abbey	City of Derby	a	52.9422	-1.481
Dosthill	Tamworth	a	52.6004	-1.6817
Dowry	High Peak	a	53.3223	-1.9921
Daw End	Walsall	a	52.6023	-1.9517
Davenport Green	Trafford	a	53.3742	-2.2996
Danebank	Cheshire East	a	53.355	-2.032
Davenport	Stockport	a	53.3911	-2.1534
Didsbury	Manchester	a	53.4175	-2.2304
Dale Brow	Cheshire East	a	53.2853	-2.1512
Dane in Shaw	Cheshire East	a	53.1532	-2.1809
Davenport Green	Cheshire East	a	53.3144	-2.2503
Dove Bank	Newcastle-under-Lyme	a	53.0886	-2.238
Dresden	City of Stoke-on-Trent	a	52.978	-2.1441
Dimsdale	Newcastle-under-Lyme	a	53.0332	-2.229
Doxey	Stafford	a	52.8109	-2.1414
Dunstall Hill	City of Wolverhampton	a	52.6004	-2.1364
Dudley's Fields	Walsall	a	52.6161	-2.0164
Dudlow's Green	Warrington	a	53.3563	-2.565
Dumplington	Trafford	a	53.4687	-2.3537
Davyhulme	Trafford	a	53.4596	-2.3659
Dothill	Telford and Wrekin	a	52.7173	-2.5292
Donnington	Telford and Wrekin	a	52.7194	-2.4415
Donnington Wood	Telford and Wrekin	a	52.7148	-2.43
Dawley	Telford and Wrekin	a	52.661	-2.4678
Dawley Bank	Telford and Wrekin	a	52.6733	-2.4722
Doseley	Telford and Wrekin	a	52.6571	-2.4772
Dam Wood	Liverpool	a	53.4492	-2.8945
Dallam	Warrington	a	53.4083	-2.6045
Dukesfield	Halton	a	53.3415	-2.7405
Denton's Green	St. Helens	a	53.4627	-2.7579
Dovecot	Liverpool	a	53.4159	-2.8804
Doe Green	Warrington	a	53.3817	-2.672
Ditton	Halton	a	53.3646	-2.7614
Derbyshire Hill	St. Helens	a	53.4481	-2.6882
Dee Banks	Cheshire West and Chester	a	53.1842	-2.8701
Ditherington	Shropshire	a	52.7257	-2.7381
Devonshire Park	Wirral	a	53.3754	-3.029
Dacre Hill	Wirral	a	53.3657	-3.0144
Dingle	Liverpool	a	53.3796	-2.9614
Deganwy	Conwy - Conwy	a	53.3028	-3.8351
Denio	Gwynedd - Gwynedd	a	52.8939	-4.4203
Dringhouses	York	a	53.9407	-1.1097
Deighton Gates	Leeds	a	53.9406	-1.3857
Dolcliffe Common	Doncaster	a	53.4946	-1.2894
Daw Cross	Harrogate	a	53.96	-1.5514
Daw Green	Kirklees	a	53.6888	-1.642
Dewsbury Moor	Kirklees	a	53.6919	-1.656
Daisy Hill	Leeds	a	53.7521	-1.5928
Delph End	Leeds	a	53.7964	-1.685
Dodworth Green	Barnsley	a	53.54	-1.5309
Dodworth Bottom	Barnsley	a	53.5372	-1.5211
Darley Head	Harrogate	a	54.0315	-1.7049
Dirk Hill	Bradford	a	53.7869	-1.7665
Daisy Hill	Bradford	a	53.8088	-1.8031
Dudley Hill	Bradford	a	53.7768	-1.7232
Denholme Gate	Bradford	a	53.7875	-1.8944
Damems	Bradford	a	53.8462	-1.9306
Delf Hill	Bradford	a	53.7479	-1.7745
Denholme Clough	Bradford	a	53.7911	-1.8929
Dogley Lane	Kirklees	a	53.6226	-1.7182
Deighton	Kirklees	a	53.6705	-1.7536
Dalton	Kirklees	a	53.6534	-1.7425
Dodd Naze	Calderdale	a	53.7417	-2.004
Dearnley	Rochdale	a	53.6363	-2.1167
Dacres	Oldham	a	53.5309	-2.0155
Darn Hill	Rochdale	a	53.5872	-2.243
Durn	Rochdale	a	53.6435	-2.0897
Dunnyshop	Hyndburn	a	53.7437	-2.3823
Dill Hall	Hyndburn	a	53.7611	-2.3831
Daisyfield	Blackburn with Darwen	a	53.7551	-2.4647
Dunscar	Bolton	a	53.6191	-2.4289
Doffcocker	Bolton	a	53.591	-2.4721
Delph Hill	Bolton	a	53.5919	-2.4813
Dixon Green	Bolton	a	53.5464	-2.4112
Darcy Lever	Bolton	a	53.5706	-2.3969
Dobb Brow	Bolton	a	53.5459	-2.5315
Deane	Bolton	a	53.5668	-2.4614
Deans	Salford	a	53.5098	-2.3438
Daubhill	Bolton	a	53.5611	-2.4535
Daisy Hill	Bolton	a	53.5357	-2.5223
Dales Brow	Salford	a	53.5025	-2.3494
Dangerous Corner	Wigan	a	53.5205	-2.5299
Dove Bank	Bolton	a	53.5659	-2.3788
Droomer	South Lakeland	a	54.3764	-2.8995
Deepdale	Preston	a	53.7693	-2.6895
Dowbridge	Fylde	a	53.7795	-2.8559
Digmoor	West Lancashire	a	53.5393	-2.7652
Downall Green	St. Helens	a	53.4983	-2.6682
Dragley Beck	South Lakeland	a	54.1911	-3.0838
Deneside	County Durham	a	54.8345	-1.3589
Dawdon	County Durham	a	54.8272	-1.3312
Dyke House	Hartlepool	a	54.697	-1.2124
Dormanstown	Redcar and Cleveland	a	54.6078	-1.0959
Dunston Hill	Gateshead	a	54.9464	-1.6498
Derwent Haugh	Gateshead	a	54.9585	-1.6747
Dunston	Gateshead	a	54.9544	-1.6481
Deckham	Gateshead	a	54.9484	-1.5895
Donwell	Sunderland	a	54.9186	-1.5414
Deptford	Sunderland	a	54.9142	-1.3969
Doxford Park	Sunderland	a	54.865	-1.4376
Downhill	Sunderland	a	54.929	-1.4417
Davy Lamp	County Durham	a	54.7211	-1.4701
Drinkfield	Darlington	a	54.5514	-1.5615
Denton Burn	Newcastle upon Tyne	a	54.9823	-1.6946
Delves	County Durham	a	54.8415	-1.818
Deanery View	County Durham	a	54.8227	-1.7384
Denton Holme	Carlisle	a	54.8873	-2.9412
Dunreggan	Dumfries and Galloway	a	55.1982	-3.9178
Dick's Hill	Dumfries and Galloway	a	54.9006	-5.029
Dingleton	Scottish Borders	a	55.5906	-2.7265
Denbeath	Fife	a	56.1781	-3.0279
Dysart	Fife	a	56.1273	-3.1255
Dunnikier	Fife	a	56.1329	-3.1754
Drylaw	City of Edinburgh	a	55.964	-3.2487
Dumbiedykes	City of Edinburgh	a	55.9459	-3.1809
Dalry	City of Edinburgh	a	55.9405	-3.2229
Duddingston	City of Edinburgh	a	55.9448	-3.1237
Davidson's Mains	City of Edinburgh	a	55.9666	-3.276
Dean	City of Edinburgh	a	55.9509	-3.2222
Deanburn	Midlothian	a	55.8379	-3.2259
Dreghorn	City of Edinburgh	a	55.905	-3.2389
Dedridge	West Lothian	a	55.8793	-3.51
Deans	West Lothian	a	55.9047	-3.5588
Dalmeny	City of Edinburgh	a	55.982	-3.3742
Drumbrae	City of Edinburgh	a	55.9547	-3.2981
Deanfield	Falkirk	a	56.0122	-3.6213
Dykehead	North Lanarkshire	a	55.8213	-3.8081
Dimsdale	North Lanarkshire	a	55.7658	-3.9088
Dalmarnock	Glasgow City	a	55.8412	-4.2151
Dennistoun	Glasgow City	a	55.8621	-4.211
Dalshannon	North Lanarkshire	a	55.9288	-4.0384
Dunrobin	North Lanarkshire	a	55.867	-3.9428
Drumpellier	North Lanarkshire	a	55.8618	-4.055
Drumgelloch	North Lanarkshire	a	55.8691	-3.9621
Dalbeth	Glasgow City	a	55.8399	-4.1807
Dundyvan	North Lanarkshire	a	55.8549	-4.0321
Dunbeth	North Lanarkshire	a	55.8641	-4.0207
Duntiblae	East Dunbartonshire	a	55.9326	-4.1258
Duntocher	West Dunbartonshire	a	55.9246	-4.412
Drumchapel	Glasgow City	a	55.911	-4.3719
Drumry	West Dunbartonshire	a	55.9102	-4.3918
Dawsholm	Glasgow City	a	55.8939	-4.3098
Dowanhill	Glasgow City	a	55.8745	-4.2993
Dalmuir	West Dunbartonshire	a	55.913	-4.4239
Drumoyne	Glasgow City	a	55.8603	-4.3341
Dykebar	Renfrewshire	a	55.8303	-4.4035
Dumbreck	Glasgow City	a	55.8446	-4.3052
Darnley	Glasgow City	a	55.8091	-4.3405
Dovecothall	East Renfrewshire	a	55.8058	-4.3728
Dunterlie	East Renfrewshire	a	55.8037	-4.3947
Dalshalloch	East Ayrshire	a	55.4734	-4.3021
Dennystown	West Dunbartonshire	a	55.9464	-4.5789
Devol	Inverclyde	a	55.9263	-4.6783
Drumillan Hill	Inverclyde	a	55.9352	-4.8299
Dalmilling	South Ayrshire	a	55.4694	-4.5923
Dreghorn	North Ayrshire	a	55.6081	-4.6209
Doonfoot	South Ayrshire	a	55.431	-4.6534
Dalintober	Argyll and Bute	a	55.4297	-5.605
Demondale	Angus	a	56.5666	-2.5845
Douglas and Angus	Dundee City	a	56.4788	-2.9053
Drummochy	Fife	a	56.212	-2.9447
Downfield	Dundee City	a	56.492	-2.9898
Dalginross	Perth and Kinross	a	56.3687	-3.9833
Druimarbin	Highland	a	56.7939	-5.1426
Dunshillock	Aberdeenshire	a	57.5285	-2.0267
Danestone	Aberdeen City	a	57.1802	-2.1424
Dyce	Aberdeen City	a	57.2058	-2.1896
Denmore	Aberdeen City	a	57.1958	-2.0942
Drummond	Highland	a	57.6587	-4.3442
Dalneigh	Highland	a	57.4744	-4.2443
Derringstone	Canterbury	v	51.199	1.1568
Densole	Folkestone and Hythe	v	51.1309	1.1582
Denton	Dover	v	51.1813	1.1686
Dargate	Swale	v	51.3149	0.9843
Dunkirk	Swale	v	51.2916	0.9794
Dymchurch	Folkestone and Hythe	v	51.0246	0.9955
Dungeness	Folkestone and Hythe	v	50.9193	0.9754
Daws Heath	Castle Point	v	51.569	0.612
Danaway	Swale	v	51.3369	0.6731
Doddington	Swale	v	51.2814	0.7722
Downham	Chelmsford	v	51.6379	0.483
Dean Street	Maidstone	v	51.2502	0.4992
Ditton	Tonbridge and Malling	v	51.2988	0.4553
Detling	Maidstone	v	51.294	0.5696
Dunk's Green	Tonbridge and Malling	v	51.25	0.309
Dallington	Rother	v	50.9471	0.3579
Doddinghurst Common	Brentwood	v	51.6553	0.2679
Doddinghurst	Brentwood	v	51.6652	0.302
Downe	Bromley	v	51.3359	0.0539
Darenth	Dartford	v	51.4195	0.2418
Dormansland	Tandridge	v	51.1639	0.0071
Dunton Green	Sevenoaks	v	51.3	0.161
Danehill	Wealden	v	51.0257	0.0012
Domewood	Tandridge	v	51.1448	-0.0818
Dormans Park	Tandridge	v	51.1476	-0.005
Ditchling	Lewes	v	50.9221	-0.1148
Denham	Buckinghamshire	v	51.5675	-0.5022
Downside	Elmbridge	v	51.3109	-0.4104
Dragons Green	Horsham	v	50.9989	-0.3736
Dunsfold	Waverley	v	51.1136	-0.5635
Dial Post	Horsham	v	50.9634	-0.3567
Dunwich	East Suffolk	v	52.2746	1.6257
Darsham	East Suffolk	v	52.2765	1.5371
Ditchingham	South Norfolk	v	52.4673	1.4439
Denton	South Norfolk	v	52.4462	1.3531
Dennington	East Suffolk	v	52.2511	1.3401
Dallinghoo	East Suffolk	v	52.146	1.3121
Dickleburgh	South Norfolk	v	52.3972	1.1857
Deopham Green	South Norfolk	v	52.5514	1.0149
Debenham	Mid Suffolk	v	52.2246	1.1814
Duke Street	Babergh	v	52.0401	1.0274
Dedham Heath	Colchester	v	51.9433	0.9967
Dedham	Colchester	v	51.9589	0.9934
Drinkstone	Mid Suffolk	v	52.2212	0.866
Drinkstone Green	Mid Suffolk	v	52.2063	0.8651
Denham	West Suffolk	v	52.2275	0.5686
Dalham	West Suffolk	v	52.2298	0.5207
Down Field	East Cambridgeshire	v	52.3208	0.359
Depden	West Suffolk	v	52.1861	0.5938
Dullingham	East Cambridgeshire	v	52.1951	0.3827
Denston	West Suffolk	v	52.1459	0.5716
Ditton Green	East Cambridgeshire	v	52.1977	0.4299
Duton Hill	Uttlesford	v	51.9173	0.3305
Dyer's End	Braintree	v	52.0194	0.5099
Danbury	Chelmsford	v	51.7164	0.581
Duxford	South Cambridgeshire	v	52.0923	0.1594
Duddenhoe End	Uttlesford	v	52.0096	0.1255
Debden Green	Uttlesford	v	51.9649	0.2992
Debden	Uttlesford	v	51.9775	0.2632
Doddington	Fenland	v	52.4967	0.0603
Dry Drayton	South Cambridgeshire	v	52.2408	0.0183
Dunton	Central Bedfordshire	v	52.0825	-0.1967
Dane End	East Hertfordshire	v	51.8799	-0.062
Datchworth	East Hertfordshire	v	51.8485	-0.1588
Damgate	Broadland	v	52.6325	1.547
Dilham	North Norfolk	v	52.7775	1.4563
Deopham	South Norfolk	v	52.5618	1.0223
Drayton	Broadland	v	52.676	1.2234
Docking	King's Lynn and West Norfolk	v	52.901	0.6237
Dersingham	King's Lynn and West Norfolk	v	52.8455	0.503
Denver	King's Lynn and West Norfolk	v	52.5882	0.3811
Donington on Bain	East Lindsey	v	53.328	-0.143
Dogdyke	East Lindsey	v	53.0827	-0.1938
Donington	South Holland	v	52.9049	-0.2052
Drayton	Boston	v	52.9377	-0.1516
Dowsdale	South Holland	v	52.6748	-0.0996
Deeping St Nicholas	South Holland	v	52.7227	-0.2097
Dunston	North Kesteven	v	53.1527	-0.4117
Dunholme	West Lindsey	v	53.3012	-0.4681
Dorrington	North Kesteven	v	53.0626	-0.3865
Digby	North Kesteven	v	53.0805	-0.3833
Dyke	South Kesteven	v	52.7891	-0.3631
Dunsby	South Kesteven	v	52.8281	-0.3601
Dowsby	South Kesteven	v	52.8521	-0.3486
Deeping St James	South Kesteven	v	52.6707	-0.2888
Deeping Gate	City of Peterborough	v	52.6698	-0.3002
Dunswell	East Riding of Yorkshire	v	53.8012	-0.3723
Downton	New Forest	v	50.735	-1.6199
Dewlish	Dorset	v	50.7832	-2.3207
Dunchideock	Teignbridge	v	50.6711	-3.5868
Dunsford	Teignbridge	v	50.6911	-3.69
Doddiscombsleigh	Teignbridge	v	50.6678	-3.621
Dawlish Warren	Teignbridge	v	50.5976	-3.4451
Denbury	Teignbridge	v	50.5076	-3.6624
Dittisham	South Hams	v	50.3817	-3.6004
Drewsteignton	West Devon	v	50.7034	-3.7898
Dartington	South Hams	v	50.4427	-3.7082
Diptford	South Hams	v	50.3971	-3.7913
Dousland	West Devon	v	50.5017	-4.064
Down Thomas	South Hams	v	50.3316	-4.1037
Daw's House	Cornwall	v	50.6221	-4.3849
Downgate	Cornwall	v	50.5312	-4.3002
Darite	Cornwall	v	50.4977	-4.4586
Dobwalls	Cornwall	v	50.4579	-4.5157
Duloe	Cornwall	v	50.3997	-4.4885
Downderry	Cornwall	v	50.3618	-4.3682
Delabole	Cornwall	v	50.6232	-4.7319
Dunmere	Cornwall	v	50.4733	-4.7517
Doublebois	Cornwall	v	50.4565	-4.5381
Duporth	Cornwall	v	50.3304	-4.7662
Devoran	Cornwall	v	50.2124	-5.0937
Drift	Cornwall	v	50.1017	-5.5829
Downley	Buckinghamshire	v	51.6488	-0.776
Dorney Reach	Buckinghamshire	v	51.5071	-0.676
Dorney	Buckinghamshire	v	51.5007	-0.6562
Datchet	Windsor and Maidenhead	v	51.484	-0.5785
Donkey Town	Surrey Heath	v	51.3384	-0.6518
Dockenfield	Waverley	v	51.1593	-0.8264
Deepcut	Surrey Heath	v	51.3105	-0.7024
Dumpford	Chichester	v	50.9904	-0.8199
Durfold Wood	Chichester	v	51.0858	-0.5777
Duncton	Chichester	v	50.9478	-0.634
Dogmersfield	Hart	v	51.2696	-0.8751
Denmead	Winchester	v	50.9043	-1.0656
Droxford	Winchester	v	50.9608	-1.1392
Durrants	East Hampshire	v	50.8821	-0.9689
Dorchester	South Oxfordshire	v	51.6441	-1.1658
Drayton	Vale of White Horse	v	51.6445	-1.3128
Drayton St Leonard	South Oxfordshire	v	51.662	-1.1383
Dummer	Basingstoke and Deane	v	51.2105	-1.1594
Dibden Purlieu	New Forest	v	50.8528	-1.4155
Durley Street	Winchester	v	50.9569	-1.2496
Dibden	New Forest	v	50.8679	-1.4231
Durley	Winchester	v	50.947	-1.267
Denchworth	Vale of White Horse	v	51.6245	-1.4502
Dunbridge	Test Valley	v	51.0334	-1.5468
Down Ampney	Cotswold	v	51.6737	-1.8547
Driffield	Cotswold	v	51.6948	-1.8956
Durrington	Wiltshire	v	51.1989	-1.7778
Downton	Wiltshire	v	50.9928	-1.7419
Deptford	Wiltshire	v	51.145	-1.9878
Dinton	Wiltshire	v	51.0826	-1.9829
Damerham	New Forest	v	50.9415	-1.8515
Dauntsey	Wiltshire	v	51.5359	-2.0108
Didmarton	Cotswold	v	51.5882	-2.258
Derry Hill	Wiltshire	v	51.4347	-2.062
Dilton Marsh	Wiltshire	v	51.2477	-2.2163
Donhead St Mary	Wiltshire	v	51.0186	-2.1338
Donhead St Andrew	Wiltshire	v	51.0244	-2.1187
Durweston	Dorset	v	50.8765	-2.2031
Dyrham	South Gloucestershire	v	51.479	-2.3766
Doynton	South Gloucestershire	v	51.4642	-2.4031
Doulting	Mendip	v	51.1877	-2.5042
Dunkerton	Bath and North East Somerset	v	51.3327	-2.4169
Downside	Mendip	v	51.2012	-2.5397
Ditcheat	Mendip	v	51.1241	-2.5369
Devauden	Sir Fynwy - Monmouthshire	v	51.6869	-2.7482
Dundry	North Somerset	v	51.399	-2.6379
Downside	North Somerset	v	51.3903	-2.7221
Dulcote	Mendip	v	51.1993	-2.6247
Draycott	Mendip	v	51.2555	-2.7503
Dinder	Mendip	v	51.1984	-2.6085
Drayton	South Somerset	v	51.0191	-2.8484
Dundon	South Somerset	v	51.0858	-2.7429
Drimpton	Dorset	v	50.8418	-2.8274
Draethen	Caerffili - Caerphilly	v	51.5801	-3.1251
Down End	Sedgemoor	v	51.1674	-2.988
Durston	Somerset West and Taunton	v	51.047	-3.0133
Dalwood	East Devon	v	50.8003	-3.0663
Dowlish Ford	South Somerset	v	50.9174	-2.9129
Donyatt	South Somerset	v	50.922	-2.9406
Dowlish Wake	South Somerset	v	50.9094	-2.8895
Downs	Bro Morgannwg - the Vale of Glamorgan	v	51.4623	-3.2868
Dinas Powys	Bro Morgannwg - the Vale of Glamorgan	v	51.4339	-3.2196
Doniford	Somerset West and Taunton	v	51.178	-3.3056
Dunkeswell	East Devon	v	50.8639	-3.2223
Dolau	Rhondda Cynon Taf - Rhondda Cynon Taf	v	51.5341	-3.4444
Duffryn	Castell-nedd Port Talbot - Neath Port Talbot	v	51.6481	-3.6862
Dunster	Somerset West and Taunton	v	51.1834	-3.444
Dyffryn Clydach	Castell-nedd Port Talbot - Neath Port Talbot	v	51.6828	-3.8261
Down St Mary	Mid Devon	v	50.826	-3.7856
Dunvant	Abertawe - Swansea	v	51.6251	-4.0339
Dolton	Torridge	v	50.8911	-4.0326
Derril	Torridge	v	50.8054	-4.4044
Drayton	Harborough	v	52.5215	-0.7774
Deene	North Northamptonshire	v	52.523	-0.6069
Deenethorpe	North Northamptonshire	v	52.5165	-0.5909
Denford	North Northamptonshire	v	52.3788	-0.5433
Denton	West Northamptonshire	v	52.214	-0.7753
Drayton Parslow	Buckinghamshire	v	51.95	-0.7783
Drayton Beauchamp	Buckinghamshire	v	51.8006	-0.6932
Dunsmore	Buckinghamshire	v	51.7391	-0.7527
Dagnall	Buckinghamshire	v	51.8371	-0.5612
Dingley	North Northamptonshire	v	52.4772	-0.8638
Draughton	West Northamptonshire	v	52.3836	-0.8835
Dodford	West Northamptonshire	v	52.2389	-1.1018
Deanshanger	West Northamptonshire	v	52.0507	-0.8886
Dadford	Buckinghamshire	v	52.039	-1.0294
Dorton	Buckinghamshire	v	51.8227	-1.0135
Dinton	Buckinghamshire	v	51.7899	-0.8942
Dunton Bassett	Harborough	v	52.5108	-1.1968
Dadlington	Hinckley and Bosworth	v	52.5792	-1.406
Dunchurch	Rugby	v	52.3371	-1.2897
Draycote	Rugby	v	52.3259	-1.3488
Drayton	Cherwell	v	52.074	-1.3756
Duns Tew	Cherwell	v	51.9523	-1.3364
Deddington	Cherwell	v	51.9822	-1.3232
Devitts Green	North Warwickshire	v	52.5108	-1.5977
Deppers Bridge	Stratford-on-Avon	v	52.2321	-1.424
Darlingscott	Stratford-on-Avon	v	52.0765	-1.6619
Delly End	West Oxfordshire	v	51.8168	-1.4901
Ducklington	West Oxfordshire	v	51.7656	-1.4824
Darley Green	Solihull	v	52.3649	-1.7394
Dorridge	Solihull	v	52.3722	-1.7526
Dickens Heath	Solihull	v	52.3853	-1.8378
Dunnington	Stratford-on-Avon	v	52.1815	-1.9013
Dumbleton	Tewkesbury	v	52.0233	-1.9769
Didbrook	Tewkesbury	v	51.9802	-1.9229
Draycott	Cotswold	v	52.0195	-1.7398
Dunsley	South Staffordshire	v	52.452	-2.2213
Dunhampton	Wychavon	v	52.2959	-2.2246
Drayton	Wyre Forest	v	52.3824	-2.1398
Dodford	Bromsgrove	v	52.3553	-2.1008
Dayhouse Bank	Bromsgrove	v	52.4028	-2.0495
Drakes Broughton	Wychavon	v	52.1368	-2.1063
Defford	Wychavon	v	52.0888	-2.1178
Down Hatherley	Tewkesbury	v	51.9014	-2.193
Daglingworth	Cotswold	v	51.7449	-2.0108
Duntisbourne Abbots	Cotswold	v	51.7707	-2.0441
Ditton Priors	Shropshire	v	52.4989	-2.5776
Doddington	Shropshire	v	52.3814	-2.5635
Dunley	Malvern Hills	v	52.3215	-2.311
Dymock	Forest of Dean	v	51.9785	-2.4394
Drybrook	Forest of Dean	v	51.8555	-2.5165
Diddlebury	Shropshire	v	52.4674	-2.7318
Dilwyn	County of Herefordshire	v	52.1879	-2.8537
Dormington	County of Herefordshire	v	52.0573	-2.6126
Dinedor	County of Herefordshire	v	52.0266	-2.6709
Dingestow	Sir Fynwy - Monmouthshire	v	51.7883	-2.7891
Dorstone	County of Herefordshire	v	52.0712	-2.9991
Daren-felen	Sir Fynwy - Monmouthshire	v	51.8038	-3.1305
Deri	Caerffili - Caerphilly	v	51.7075	-3.2639
Defynnog	Powys - Powys	v	51.9373	-3.5621
Dyffryn Cellwen	Castell-nedd Port Talbot - Neath Port Talbot	v	51.7774	-3.6639
Derwenlas	Powys - Powys	v	52.5744	-3.8891
Dolypandy	Sir Ceredigion - Ceredigion	v	52.401	-3.9735
Derwydd	Sir Gaerfyrddin - Carmarthenshire	v	51.8433	-3.9988
Dre-fach	Sir Ceredigion - Ceredigion	v	52.0932	-4.1895
Derwen Gam	Sir Ceredigion - Ceredigion	v	52.1987	-4.2664
Dihewyd	Sir Ceredigion - Ceredigion	v	52.181	-4.2158
Drefach	Sir Gaerfyrddin - Carmarthenshire	v	51.7986	-4.1347
Drefelin	Sir Gaerfyrddin - Carmarthenshire	v	52.0162	-4.3939
Drefach	Sir Gaerfyrddin - Carmarthenshire	v	52.0241	-4.3994
Dinas Cross	Sir Benfro - Pembrokeshire	v	52.0124	-4.8991
Dale	Sir Benfro - Pembrokeshire	v	51.7082	-5.1766
Dunham on Trent	Bassetlaw	v	53.2632	-0.7881
Doddington	North Kesteven	v	53.2182	-0.6512
Dry Doddington	South Kesteven	v	53.0106	-0.7334
Denton	South Kesteven	v	52.8846	-0.7145
Duddington	North Northamptonshire	v	52.5967	-0.5415
Darlton	Bassetlaw	v	53.2522	-0.8418
Dalton	Rotherham	v	53.4427	-1.3169
Denaby Main	Doncaster	v	53.4917	-1.2467
Dalton Parva	Rotherham	v	53.4389	-1.3122
Doe Lea	Bolsover	v	53.1921	-1.3129
Duckmanton	Chesterfield	v	53.2462	-1.3363
Denby Common	Amber Valley	v	53.0219	-1.3892
Denby Village	Amber Valley	v	53.0143	-1.4051
Dale Abbey	Erewash	v	52.9455	-1.3519
Diseworth	North West Leicestershire	v	52.8154	-1.3393
Draycott	Erewash	v	52.8952	-1.3434
Desford	Hinckley and Bosworth	v	52.6258	-1.2944
Donington le Heath	North West Leicestershire	v	52.7104	-1.3796
Dungworth	Sheffield	v	53.4071	-1.5811
Deepcar	Sheffield	v	53.4784	-1.5702
Darley Bridge	Derbyshire Dales	v	53.15	-1.6007
Denby Bottles	Amber Valley	v	53.0161	-1.4314
Donisthorpe	North West Leicestershire	v	52.7222	-1.5364
Dordon	North Warwickshire	v	52.6013	-1.6146
Dinting Vale	High Peak	v	53.4453	-1.968
Dove Holes	High Peak	v	53.3024	-1.8859
Denstone	East Staffordshire	v	52.965	-1.8562
Doveridge	Derbyshire Dales	v	52.9042	-1.8245
Draycott in the Clay	East Staffordshire	v	52.8552	-1.7762
Drayton Bassett	Lichfield	v	52.6	-1.7159
Dean Row	Cheshire East	v	53.3311	-2.1934
Disley	Cheshire East	v	53.3589	-2.0392
Draycott in the Moors	Staffordshire Moorlands	v	52.9603	-2.0364
Dilhorne	Staffordshire Moorlands	v	52.9902	-2.04
Denford	Staffordshire Moorlands	v	53.0849	-2.0638
Derrington	Stafford	v	52.8011	-2.1633
Dunston	South Staffordshire	v	52.7588	-2.1096
Dunham Woodhouses	Trafford	v	53.3875	-2.4158
Dunham Town	Trafford	v	53.3873	-2.3917
Daleford	Cheshire West and Chester	v	53.2225	-2.5872
Davenham	Cheshire West and Chester	v	53.2358	-2.5112
Daresbury	Halton	v	53.3341	-2.6379
Dunham-on-the-Hill	Cheshire West and Chester	v	53.2482	-2.7931
Duddon	Cheshire West and Chester	v	53.1774	-2.7266
Delamere	Cheshire West and Chester	v	53.2132	-2.6557
Dutton	Halton	v	53.3096	-2.6385
Dorrington	Shropshire	v	52.6227	-2.7729
Dodleston	Cheshire West and Chester	v	53.1438	-2.956
Dobs Hill	Sir y Fflint - Flintshire	v	53.1648	-3.039
Drury	Sir y Fflint - Flintshire	v	53.1723	-3.0576
Ddol	Wrecsam - Wrexham	v	53.0356	-3.0289
Darland	Wrecsam - Wrexham	v	53.1141	-2.9344
Dyserth	Sir Ddinbych - Denbighshire	v	53.3005	-3.4129
Derwen	Sir Ddinbych - Denbighshire	v	53.0456	-3.3848
Dinas Mawddwy	Gwynedd - Gwynedd	v	52.7196	-3.6911
Dwygyfylchi	Conwy - Conwy	v	53.2777	-3.8969
Dolgarrog	Conwy - Conwy	v	53.185	-3.8404
Dolwyddelan	Conwy - Conwy	v	53.0519	-3.8858
Deiniolen	Gwynedd - Gwynedd	v	53.147	-4.1258
Dwyran	Sir Ynys Mon - Isle of Anglesey	v	53.1661	-4.3215
Dinorwig	Gwynedd - Gwynedd	v	53.1338	-4.1152
Dinas	Gwynedd - Gwynedd	v	53.103	-4.2792
Dinas Dinlle	Gwynedd - Gwynedd	v	53.085	-4.3361
Dyffryn Ardudwy	Gwynedd - Gwynedd	v	52.7862	-4.0965
Dinas	Gwynedd - Gwynedd	v	52.8938	-4.5806
Duggleby	Ryedale	v	54.0924	-0.6591
Dragonby	North Lincolnshire	v	53.6155	-0.6324
Deighton	York	v	53.8872	-1.0518
Dunnington	York	v	53.9652	-0.9799
Drax	Selby	v	53.7289	-0.981
Dunsville	Doncaster	v	53.5625	-1.0266
Dunscroft	Doncaster	v	53.577	-1.0132
Darrington	Wakefield	v	53.6747	-1.2681
Darfield	Barnsley	v	53.5353	-1.372
Danby Wiske	Hambleton	v	54.3818	-1.4834
Dishforth	Harrogate	v	54.1538	-1.4152
Darley	Harrogate	v	54.0307	-1.688
Drighlington	Leeds	v	53.7568	-1.6616
Durkar	Wakefield	v	53.6516	-1.5222
Dodworth	Barnsley	v	53.5429	-1.5266
Denby Dale	Kirklees	v	53.573	-1.6556
Darton	Barnsley	v	53.5848	-1.5332
Dacre	Harrogate	v	54.0426	-1.7078
Dacre Banks	Harrogate	v	54.053	-1.7015
Draughton	Craven	v	53.9683	-1.9422
Denton	Harrogate	v	53.9367	-1.7834
Drub	Kirklees	v	53.7387	-1.7025
Denholme	Bradford	v	53.8034	-1.8936
Diggle	Oldham	v	53.5648	-2
Dunnockshaw	Burnley	v	53.7459	-2.2786
Dobcross	Oldham	v	53.5564	-2.0132
Delph	Oldham	v	53.5689	-2.0236
Denshaw	Oldham	v	53.5901	-2.0394
Dent	South Lakeland	v	54.2773	-2.4541
Downham	Ribble Valley	v	53.8937	-2.3285
Dunsop Bridge	Ribble Valley	v	53.9447	-2.5232
Dinckley	Ribble Valley	v	53.8159	-2.4744
Dolphinholme	Lancaster	v	53.9778	-2.7357
Drigg	Copeland	v	54.379	-3.4416
Danby	Scarborough	v	54.4697	-0.9097
Dunsdale	Redcar and Cleveland	v	54.5613	-1.0629
Dalton-le-Dale	County Durham	v	54.828	-1.3611
Dalton Piercy	Hartlepool	v	54.6737	-1.2812
Dudley	North Tyneside	v	55.0558	-1.5948
Dinnington	Newcastle upon Tyne	v	55.054	-1.6753
Deaf Hill	County Durham	v	54.7232	-1.4129
Dalton-on-Tees	Richmondshire	v	54.4666	-1.5435
Dipton	County Durham	v	54.8773	-1.7611
Dalton	Richmondshire	v	54.4707	-1.8249
Dirt Pot	Northumberland	v	54.8101	-2.2307
Dufton	Eden	v	54.6184	-2.4769
Durdar	Carlisle	v	54.8536	-2.9284
Dacre	Eden	v	54.6304	-2.8391
Dornock	Dumfries and Galloway	v	54.9835	-3.2019
Dalston	Carlisle	v	54.8413	-2.9842
Dovenby	Allerdale	v	54.6871	-3.406
Deanscales	Allerdale	v	54.6263	-3.4057
Dearham	Allerdale	v	54.7099	-3.4419
Dean	Allerdale	v	54.6135	-3.435
Distington	Copeland	v	54.5964	-3.5397
Dunscore	Dumfries and Galloway	v	55.1405	-3.778
Dundrennan	Dumfries and Galloway	v	54.809	-3.9472
Dunragit	Dumfries and Galloway	v	54.8784	-4.8877
Drummore	Dumfries and Galloway	v	54.6913	-4.8926
Dunstan	Northumberland	v	55.4731	-1.6071
Doddington	Northumberland	v	55.5865	-2.0048
Dirleton	East Lothian	v	56.0468	-2.7791
Drem	East Lothian	v	56.0057	-2.7864
Darnick	Scottish Borders	v	55.5988	-2.7434
Denholm	Scottish Borders	v	55.4587	-2.6842
Dundonald	Fife	v	56.1381	-3.2617
Danderhall	Midlothian	v	55.9127	-3.1062
Dechmont	West Lothian	v	55.9211	-3.5379
Dolphinton	South Lanarkshire	v	55.7089	-3.4369
Devonside	Clackmannanshire	v	56.1477	-3.7388
Dunipace	Falkirk	v	56.0276	-3.9149
Dennyloanhead	Falkirk	v	55.998	-3.9117
Douglas	South Lanarkshire	v	55.5566	-3.8452
Douglas Water	South Lanarkshire	v	55.6078	-3.79
Dullatur	North Lanarkshire	v	55.9698	-4.0116
Dalserf	South Lanarkshire	v	55.7276	-3.9174
Drymen	Stirling	v	56.0652	-4.4522
Dunlop	East Ayrshire	v	55.7122	-4.5364
Drongan	East Ayrshire	v	55.4354	-4.4588
Dalmellington	East Ayrshire	v	55.3241	-4.3969
Dalmonach	West Dunbartonshire	v	55.9877	-4.5718
Dalry	North Ayrshire	v	55.7077	-4.7188
Dundonald	South Ayrshire	v	55.5761	-4.5936
Drybridge	North Ayrshire	v	55.5951	-4.608
Dalrymple	East Ayrshire	v	55.398	-4.5891
Dunure	South Ayrshire	v	55.4064	-4.7581
Dailly	South Ayrshire	v	55.2781	-4.7252
Drumlemble	Argyll and Bute	v	55.4156	-5.6937
Downies	Aberdeenshire	v	57.0487	-2.1327
Drumlithie	Aberdeenshire	v	56.9184	-2.3536
Drumoak	Aberdeenshire	v	57.0798	-2.345
Dinnet	Aberdeenshire	v	57.0752	-2.8921
Drumoig	Fife	v	56.4144	-2.9094
Drumsturdy	Angus	v	56.5038	-2.8482
Dairsie	Fife	v	56.3446	-2.9462
Dunshalt	Fife	v	56.2796	-3.214
Dunkeld	Perth and Kinross	v	56.5679	-3.5857
Dunning	Perth and Kinross	v	56.3125	-3.5881
Drum	Perth and Kinross	v	56.19	-3.5426
Duncrievie	Perth and Kinross	v	56.2687	-3.3967
Dalguise	Perth and Kinross	v	56.6064	-3.6418
Dull	Perth and Kinross	v	56.6188	-3.945
Dalwhinnie	Highland	v	56.9352	-4.2455
Deanston	Stirling	v	56.1901	-4.0745
Dalmally	Argyll and Bute	v	56.4025	-4.9707
Duror	Highland	v	56.6469	-5.268
Dunbeg	Argyll and Bute	v	56.4454	-5.4395
Dalavich	Argyll and Bute	v	56.2643	-5.2811
Dervaig	Argyll and Bute	v	56.5813	-6.1888
Durno	Aberdeenshire	v	57.3433	-2.4731
Daviot	Aberdeenshire	v	57.3465	-2.421
Dunecht	Aberdeenshire	v	57.1718	-2.4094
Drummuir	Moray	v	57.4836	-3.0353
Duffus	Moray	v	57.7	-3.3929
Dallas	Moray	v	57.5487	-3.476
Dyke	Moray	v	57.6034	-3.6925
Duackbridge	Highland	v	57.2631	-3.6652
Dulnain Bridge	Highland	v	57.3031	-3.667
Dores	Highland	v	57.3818	-4.3327
Drumnadrochit	Highland	v	57.3373	-4.48
Dornie	Highland	v	57.2765	-5.5138
DuisdeiI Mòr	Highland	v	57.1553	-5.8023
Dùn Bheagan	Highland	v	57.4354	-6.5689
Dalabrog	Na h-Eileanan an Iar	v	57.1676	-7.3731
Dunnet	Highland	v	58.6237	-3.3525
Dunbeath	Highland	v	58.2487	-3.4305
Doll	Highland	v	58.004	-3.8973
Diuranais	Highland	v	58.5687	-4.7476
Dail bho Dheas	Na h-Eileanan an Iar	v	58.4677	-6.3112
Deerness	Orkney Islands	v	58.9264	-2.7657
Dounby	Orkney Islands	v	59.0676	-3.2318
Drellingore	Dover	h	51.1255	1.2015
Durlock	Dover	h	51.2759	1.2623
Denstroude	Canterbury	h	51.3158	1.0186
Dane Street	Ashford	h	51.2389	0.9462
Donkey Street	Folkestone and Hythe	h	51.0506	1.0061
Deans Hill	Swale	h	51.3129	0.6779
Deerton Street	Swale	h	51.3276	0.827
Daniel's Water	Ashford	h	51.1387	0.7989
Dunn Street	Ashford	h	51.1967	0.8434
Dungate	Swale	h	51.3011	0.7487
Durrant Green	Ashford	h	51.1	0.693
Dingleden	Tunbridge Wells	h	51.0504	0.5902
Dunn Street	Maidstone	h	51.3245	0.5691
Darland	Medway	h	51.3617	0.559
Devil's Den	Maidstone	h	51.1942	0.5726
Darwell Hole	Rother	h	50.9464	0.4127
Dryhill	Sevenoaks	h	51.2755	0.1428
Down Street	Wealden	h	51.001	0.0579
Dodd's Bottom	Wealden	h	51.022	0.0682
Dodd's Hill	Wealden	h	51.0223	0.0648
Duddleswell	Wealden	h	51.0324	0.0919
Davis's Town	Wealden	h	50.9358	0.1725
Dukes Green	Wealden	h	50.7984	0.1527
Dancers Hill	Hertsmere	h	51.6784	-0.214
Dawesgreen	Mole Valley	h	51.2106	-0.257
Ditchling Common	Lewes	h	50.9455	-0.0949
Dogkennel Green	Guildford	h	51.2438	-0.401
Dunburgh	South Norfolk	h	52.4686	1.5395
Dockeney	South Norfolk	h	52.4698	1.5128
Dorley's Corner	East Suffolk	h	52.2374	1.4886
Debach	East Suffolk	h	52.1404	1.2793
Dam Green	Breckland	h	52.4276	1.0108
Dickleburgh Moor	South Norfolk	h	52.4067	1.1926
Deopham Stalland	South Norfolk	h	52.556	0.9989
Dam Brigg	Breckland	h	52.467	1.067
Daisy Green	Mid Suffolk	h	52.2784	1.0643
Dandy Corner	Mid Suffolk	h	52.2695	1.0417
Denham Green	Mid Suffolk	h	52.3199	1.2204
Dublin	Mid Suffolk	h	52.281	1.1708
Denham	Mid Suffolk	h	52.3267	1.2176
Daisy Green	Mid Suffolk	h	52.2709	0.94
Dagworth	Mid Suffolk	h	52.2133	0.9819
Denham Street	Mid Suffolk	h	52.3141	1.195
Darmsden	Mid Suffolk	h	52.1359	1.0637
Dengie	Maldon	h	51.6789	0.8741
Didlington	Breckland	h	52.5409	0.6235
Dunstall Green	West Suffolk	h	52.2168	0.5582
Denham End	West Suffolk	h	52.2369	0.5779
Dullingham Ley	East Cambridgeshire	h	52.1817	0.4033
Duck End	Uttlesford	h	51.9101	0.4063
Delvin End	Braintree	h	51.9884	0.5549
Downham Hythe	East Cambridgeshire	h	52.431	0.2049
Dunkirk	East Cambridgeshire	h	52.4514	0.2292
Daw's End	East Hertfordshire	h	51.9709	0.0432
Dyer's Green	South Cambridgeshire	h	52.0913	-0.0305
Dassels	East Hertfordshire	h	51.9274	0.0239
Driver's End	North Hertfordshire	h	51.8642	-0.2293
Denton	Huntingdonshire	h	52.4763	-0.3096
Duloe	Bedford	h	52.2325	-0.306
Dillington	Huntingdonshire	h	52.2782	-0.3387
Diddington	Huntingdonshire	h	52.2767	-0.2545
Duck's Cross	Bedford	h	52.1935	-0.3746
Deadman's Cross	Central Bedfordshire	h	52.0646	-0.3788
Darley Hall	North Hertfordshire	h	51.8893	-0.3429
Dunston	South Norfolk	h	52.5768	1.2839
Downham	South Norfolk	h	52.5926	1.1214
Danemoor Green	Breckland	h	52.6041	1.035
Dunton	North Norfolk	h	52.8409	0.7896
Drymere	Breckland	h	52.6268	0.6357
Driby Top	East Lindsey	h	53.252	0.1003
Dovendale	East Lindsey	h	53.3269	-0.0473
Dalderby	East Lindsey	h	53.1761	-0.1311
Driby	East Lindsey	h	53.2485	0.0798
Donington South Ing	South Holland	h	52.8963	-0.2126
Dembleby	North Kesteven	h	52.9266	-0.4515
Danthorpe	East Riding of Yorkshire	h	53.7737	-0.1195
Dunnington	East Riding of Yorkshire	h	53.956	-0.2456
Downend	Isle of Wight	h	50.6875	-1.2468
Dunsbury	Isle of Wight	h	50.6579	-1.4539
Dottery	Dorset	h	50.7542	-2.7717
Daccombe	Teignbridge	h	50.502	-3.55
Dainton	Teignbridge	h	50.4887	-3.6189
Doccombe	Teignbridge	h	50.6681	-3.7322
Didworthy	South Hams	h	50.445	-3.8534
Dean Prior	South Hams	h	50.4573	-3.7912
Dartmeet	West Devon	h	50.5432	-3.8764
Deancombe	South Hams	h	50.4653	-3.8008
Dunstone	South Hams	h	50.2521	-3.6896
Dippertown	West Devon	h	50.6419	-4.2229
Dunstone	South Hams	h	50.3467	-3.9774
Drakeland Corner	South Hams	h	50.4118	-4.0113
Dutson	Cornwall	h	50.6488	-4.3485
Downinney	Cornwall	h	50.6826	-4.536
Downgate	Cornwall	h	50.5141	-4.426
Doddycross	Cornwall	h	50.4356	-4.3878
Dunterton	West Devon	h	50.5913	-4.2946
Darleyford	Cornwall	h	50.5321	-4.436
Deviock	Cornwall	h	50.3751	-4.3749
Downrow	Cornwall	h	50.657	-4.7323
Davidstow	Cornwall	h	50.6534	-4.6126
Downend	Cornwall	h	50.407	-4.6502
Demelza	Cornwall	h	50.4388	-4.8505
Durgan	Cornwall	h	50.1039	-5.1159
Dolphin Town	Isles of Scilly	h	49.9573	-6.3374
Dippenhall	Waverley	h	51.2128	-0.8352
Dora's Green	Hart	h	51.2284	-0.8363
Dial Green	Chichester	h	51.0382	-0.6784
Donnington	Chichester	h	50.8109	-0.7887
Didling	Chichester	h	50.9609	-0.8086
Dunsden Green	South Oxfordshire	h	51.4882	-0.9371
Dipley	Hart	h	51.3103	-0.9327
Durleighmarsh	Chichester	h	51.0062	-0.8871
Drayton	East Hampshire	h	51.0064	-1.0467
Dunley	Basingstoke and Deane	h	51.2801	-1.3587
Deane	Basingstoke and Deane	h	51.2487	-1.2167
Dean	Winchester	h	51.0775	-1.3673
Dean	Winchester	h	50.9707	-1.1972
Dundridge	Winchester	h	50.962	-1.1788
Durley	Wiltshire	h	51.3759	-1.6599
Danebury	Test Valley	h	51.1295	-1.5436
Dilton	New Forest	h	50.8118	-1.5365
Dunfield	Cotswold	h	51.6761	-1.7935
Draycot Fitz Payne	Wiltshire	h	51.3642	-1.7959
Draycot Foliat	Swindon	h	51.4965	-1.7372
Doughton	Cotswold	h	51.6209	-2.1768
Dauntsey Lock	Wiltshire	h	51.5203	-2.0077
Ditteridge	Wiltshire	h	51.4234	-2.2638
Draycot Cerne	Wiltshire	h	51.5026	-2.1036
Dunge	Wiltshire	h	51.2884	-2.155
Dursley	Wiltshire	h	51.2848	-2.1966
Dertfords	Wiltshire	h	51.2061	-2.2657
Dean	Dorset	h	50.9416	-2.0335
Deanland	Dorset	h	50.969	-2.014
Dunbury	Dorset	h	50.8318	-2.2578
Deanend	Dorset	h	50.9547	-2.0381
Dodington	South Gloucestershire	h	51.5186	-2.3622
Duckhole	South Gloucestershire	h	51.6312	-2.523
Dunkirk	South Gloucestershire	h	51.5723	-2.3048
Dean	Mendip	h	51.1948	-2.4699
Double Hill	Bath and North East Somerset	h	51.3134	-2.405
Downhead	Mendip	h	51.2117	-2.4441
Downside	Mendip	h	51.2484	-2.5173
Dimmer	South Somerset	h	51.0839	-2.5413
Duntish	Dorset	h	50.8602	-2.4331
Downhead	South Somerset	h	51.0248	-2.6196
Draycott	South Somerset	h	50.9924	-2.6444
Dundon Hayes	South Somerset	h	51.0916	-2.7435
Durnfield	South Somerset	h	50.9784	-2.7232
Drayton	South Somerset	h	50.9401	-2.7813
Dinnington	South Somerset	h	50.9119	-2.8504
Danygraig	Caerffili - Caerphilly	h	51.6088	-3.1053
Dunball	Sedgemoor	h	51.1638	-2.9884
Dodhill	Somerset West and Taunton	h	51.0467	-3.1179
Duddlestone	Somerset West and Taunton	h	50.9841	-3.0882
Durleigh	Sedgemoor	h	51.119	-3.0385
Dunwear	Sedgemoor	h	51.114	-2.9777
Dipford	Somerset West and Taunton	h	50.9903	-3.1355
Dommett	South Somerset	h	50.9289	-3.0288
Dillington	South Somerset	h	50.934	-2.8909
Drope	Bro Morgannwg - the Vale of Glamorgan	h	51.4743	-3.2841
Dyche	Somerset West and Taunton	h	51.1655	-3.191
Dodington	Somerset West and Taunton	h	51.1587	-3.1848
Daw's Green	Somerset West and Taunton	h	50.9868	-3.1464
Dulford	East Devon	h	50.8439	-3.3195
Derwen	Pen-y-bont ar Ogwr - Bridgend	h	51.5299	-3.5701
Dimlands	Bro Morgannwg - the Vale of Glamorgan	h	51.4061	-3.5014
Dean	North Devon	h	51.19	-3.9621
Dean	North Devon	h	51.1637	-4.1406
Darracott	North Devon	h	51.1313	-4.1858
Dowland	Torridge	h	50.8746	-4.0357
Dexbeer	Torridge	h	50.8567	-4.4241
Derriton	Torridge	h	50.804	-4.3644
Darracott	Torridge	h	50.9324	-4.5182
Dunton	Buckinghamshire	h	51.9099	-0.8069
Dalscote	West Northamptonshire	h	52.1814	-1.0006
Duncote	West Northamptonshire	h	52.1508	-1.0169
Dane Hill	Cherwell	h	51.9608	-1.3186
Dry Sandford	Vale of White Horse	h	51.6977	-1.3258
Denton	South Oxfordshire	h	51.718	-1.1419
Dean	West Oxfordshire	h	51.8999	-1.5032
Dorn	Cotswold	h	52.0044	-1.7049
Daylesford	Cotswold	h	51.9306	-1.647
Dean's Green	Stratford-on-Avon	h	52.3119	-1.8073
Drayton	Stratford-on-Avon	h	52.1933	-1.7598
Dorsington	Stratford-on-Avon	h	52.1458	-1.8083
Donnington	Cotswold	h	51.951	-1.7214
Drakelow	Wyre Forest	h	52.4238	-2.2688
Draycott	Shropshire	h	52.5329	-2.2763
Doverdale	Wychavon	h	52.2935	-2.2055
Dordale	Bromsgrove	h	52.3654	-2.1131
Dunhampstead	Wychavon	h	52.2443	-2.1284
Deblin's Green	Malvern Hills	h	52.1411	-2.2653
Dormston	Wychavon	h	52.2155	-2.0195
Draycott	Malvern Hills	h	52.1331	-2.2214
Dawshill	Malvern Hills	h	52.1662	-2.2605
Duckswich	Malvern Hills	h	52.0553	-2.2475
Dixton	Tewkesbury	h	51.9742	-2.0272
Deerhurst Walton	Tewkesbury	h	51.9515	-2.1626
Deerhurst	Tewkesbury	h	51.965	-2.1892
Duntisbourne Rouse	Cotswold	h	51.7523	-2.0227
Duntisbourne Leer	Cotswold	h	51.7657	-2.038
Daneway	Stroud	h	51.7295	-2.0903
Derrington	Shropshire	h	52.5128	-2.5777
Dallicot	Shropshire	h	52.5477	-2.3348
Defford	Shropshire	h	52.5105	-2.4844
Duddlewick	Shropshire	h	52.4478	-2.5065
Deuxhill	Shropshire	h	52.4819	-2.4472
Danesford	Shropshire	h	52.5227	-2.4044
Dowles	Wyre Forest	h	52.3858	-2.3306
Doddenham	Malvern Hills	h	52.2039	-2.3633
Durlow Common	County of Herefordshire	h	52.0503	-2.5377
Drugger's End	Malvern Hills	h	52.0444	-2.3116
Donnington	County of Herefordshire	h	52.0032	-2.4274
Downton on the Rock	County of Herefordshire	h	52.3551	-2.8419
Duxmoor	Shropshire	h	52.3954	-2.8187
Dodmarsh	County of Herefordshire	h	52.0882	-2.6229
Docklow	County of Herefordshire	h	52.2135	-2.6417
Didley	County of Herefordshire	h	51.9865	-2.7982
Dutlas	Powys - Powys	h	52.3927	-3.1625
Downton	Powys - Powys	h	52.2378	-3.1264
Dolley Green	Powys - Powys	h	52.2833	-3.0513
Discoed	Powys - Powys	h	52.2771	-3.0611
Deerfold	County of Herefordshire	h	52.3027	-2.9097
Dol-y-cannau	Powys - Powys	h	52.1354	-3.1666
Dolyhir	Powys - Powys	h	52.2163	-3.1056
Dulas	County of Herefordshire	h	51.9599	-2.9143
Darren	Powys - Powys	h	51.8393	-3.1586
Dardy	Powys - Powys	h	51.8586	-3.1532
Dolfor	Powys - Powys	h	52.4749	-3.3178
Dolau	Powys - Powys	h	52.2947	-3.2595
Dylife	Powys - Powys	h	52.5322	-3.6814
Doldowlod	Powys - Powys	h	52.262	-3.4981
Dole	Sir Ceredigion - Ceredigion	h	52.4572	-4.0096
Dollwen	Sir Ceredigion - Ceredigion	h	52.4132	-3.9361
Dôl-y-Bont	Sir Ceredigion - Ceredigion	h	52.4754	-4.026
Dinefwr Park	Sir Gaerfyrddin - Carmarthenshire	h	51.882	-4.014
Dre-fach	Sir Gaerfyrddin - Carmarthenshire	h	51.8298	-3.9589
Drefâch	Sir Ceredigion - Ceredigion	h	52.1013	-4.1371
Derlwyn	Sir Ceredigion - Ceredigion	h	52.0606	-4.265
Dryslwyn	Sir Gaerfyrddin - Carmarthenshire	h	51.8641	-4.1025
Dolgran	Sir Gaerfyrddin - Carmarthenshire	h	51.985	-4.2863
Drefach	Sir Gaerfyrddin - Carmarthenshire	h	51.8625	-4.4753
Dinas	Sir Gaerfyrddin - Carmarthenshire	h	51.9433	-4.5137
Danyrhelyg	Sir Gaerfyrddin - Carmarthenshire	h	52.029	-4.4851
Dreenhill	Sir Benfro - Pembrokeshire	h	51.7888	-5.0148
Druidston	Sir Benfro - Pembrokeshire	h	51.8066	-5.0853
Deerland	Sir Benfro - Pembrokeshire	h	51.7562	-4.9214
Drinsey Nook	Newark and Sherwood	h	53.2578	-0.6944
Drakeholes	Bassetlaw	h	53.4062	-0.9388
Dalton Magna	Rotherham	h	53.4334	-1.2988
Darfoulds	Bassetlaw	h	53.298	-1.1692
Dale End	Derbyshire Dales	h	53.1494	-1.6854
Dunsa	Derbyshire Dales	h	53.2291	-1.6318
Dicklant	North East Derbyshire	h	53.1524	-1.4646
Dalebank	North East Derbyshire	h	53.1513	-1.4628
Dethick	Amber Valley	h	53.1191	-1.5128
Dalbury	South Derbyshire	h	52.9062	-1.6079
Dalbury Hollow	South Derbyshire	h	52.9102	-1.6073
Dove Head	High Peak	h	53.216	-1.941
Dods Leigh	East Staffordshire	h	52.9092	-1.9763
Dapple Heath	East Staffordshire	h	52.8316	-1.9363
Drointon	Stafford	h	52.8397	-1.9652
Dagdale	East Staffordshire	h	52.9034	-1.9216
Davenport	Cheshire East	h	53.1852	-2.2982
Dunkirk	Newcastle-under-Lyme	h	53.0687	-2.2797
Dayhills	Stafford	h	52.8951	-2.0717
Diggle Green	Warrington	h	53.4642	-2.5363
Deansgreen	Cheshire East	h	53.3648	-2.4607
Dones Green	Cheshire West and Chester	h	53.2888	-2.593
Darnhall	Cheshire West and Chester	h	53.1642	-2.5476
Dorrington	Shropshire	h	52.9644	-2.4007
Day Green	Cheshire East	h	53.1159	-2.3323
Doley	Stafford	h	52.8632	-2.3847
Duddon Heath	Cheshire West and Chester	h	53.181	-2.7441
Duddon Common	Cheshire West and Chester	h	53.181	-2.7143
Duckington	Cheshire West and Chester	h	53.0626	-2.7618
Drury Lane	Wrecsam - Wrexham	h	52.9759	-2.7924
Darliston	Shropshire	h	52.8978	-2.6266
Donnington	Shropshire	h	52.6643	-2.6249
Dunnsheath	Shropshire	h	52.7525	-2.7794
Dryton	Shropshire	h	52.6498	-2.6233
Dovaston	Shropshire	h	52.7818	-2.9682
Daywall	Shropshire	h	52.8965	-3.0475
Dudleston	Shropshire	h	52.9383	-2.9759
Deuddwr	Powys - Powys	h	52.7495	-3.1304
Domgay	Powys - Powys	h	52.7637	-3.0564
Ddol	Sir y Fflint - Flintshire	h	53.231	-3.2878
Dre-gôch	Sir Ddinbych - Denbighshire	h	53.2035	-3.3437
Druid	Sir Ddinbych - Denbighshire	h	52.9795	-3.4305
Dinmael	Conwy - Conwy	h	52.9904	-3.4826
Ddôl Cownwy	Powys - Powys	h	52.7457	-3.4617
Dolanog	Powys - Powys	h	52.7051	-3.384
Dolwen	Conwy - Conwy	h	53.2558	-3.6732
Dolwyd	Conwy - Conwy	h	53.2829	-3.7768
Dawn	Conwy - Conwy	h	53.2389	-3.7037
Dolcorsllwyn	Powys - Powys	h	52.6668	-3.7104
Darowen	Powys - Powys	h	52.6014	-3.7283
Dol-fâch	Powys - Powys	h	52.6029	-3.6075
Dolyronnen	Powys - Powys	h	52.5868	-3.728
Dolydd	Gwynedd - Gwynedd	h	53.0905	-4.2775
Dolbenmaen	Gwynedd - Gwynedd	h	52.9644	-4.2248
Dothan	Sir Ynys Mon - Isle of Anglesey	h	53.2416	-4.4415
Drewton	East Riding of Yorkshire	h	53.7857	-0.6026
Derrythorpe	North Lincolnshire	h	53.5676	-0.749
Dalby	Hambleton	h	54.1325	-1.0205
Dunkeswick	Harrogate	h	53.9175	-1.5316
Downholme	Richmondshire	h	54.3763	-1.8278
Dallow	Harrogate	h	54.1383	-1.7007
Drebley	Craven	h	54.0286	-1.9202
Dunford Bridge	Barnsley	h	53.5181	-1.7636
Delph Greave	Oldham	h	53.574	-2.0243
Doctor Lane Head	Oldham	h	53.5536	-2.0436
Dowbiggin	South Lakeland	h	54.3245	-2.4862
Deepdale	South Lakeland	h	54.2525	-2.4264
Dimple	Bolton	h	53.6366	-2.4467
Docker	South Lakeland	h	54.3537	-2.6745
Dalton	South Lakeland	h	54.1836	-2.7
Dam Side	Wyre	h	53.9311	-2.9035
Dalton	West Lancashire	h	53.5671	-2.7646
Dunnerdale	South Lakeland	h	54.3477	-3.2112
Dendron	South Lakeland	h	54.1273	-3.1545
Drummersdale	West Lancashire	h	53.6103	-2.9162
Downholland Cross	West Lancashire	h	53.5553	-2.9597
Duddon Bridge	Copeland	h	54.2836	-3.234
Darnholm	Scarborough	h	54.4058	-0.7211
Dunsley	Scarborough	h	54.4879	-0.6776
Delves	Scarborough	h	54.4302	-0.7827
Denton	Darlington	h	54.5655	-1.6646
Deighton	Hambleton	h	54.4091	-1.4142
Dalton	Northumberland	h	55.0423	-1.8294
Dilston	Northumberland	h	54.9655	-2.04
Dalton	Northumberland	h	54.9181	-2.1272
Daddry Shield	County Durham	h	54.7356	-2.1645
Dent Bank	County Durham	h	54.6301	-2.1052
Donkleywood	Northumberland	h	55.1712	-2.4005
Drybeck	Eden	h	54.534	-2.5076
Dale	Eden	h	54.7897	-2.7092
Dundraw	Allerdale	h	54.8373	-3.2224
Dykesfield	Carlisle	h	54.9224	-3.0816
Drumburgh	Allerdale	h	54.9273	-3.1486
Doddick	Eden	h	54.6291	-3.032
Dockray	Eden	h	54.5855	-2.9406
Dalton	Dumfries and Galloway	h	55.0529	-3.3878
Dubwath	Allerdale	h	54.6693	-3.2449
Duncow	Dumfries and Galloway	h	55.1335	-3.6248
Dalswinton	Dumfries and Galloway	h	55.1513	-3.6705
Dromore	Dumfries and Galloway	h	54.7894	-4.0341
Dundeugh	Dumfries and Galloway	h	55.1665	-4.2019
Damnaglaur	Dumfries and Galloway	h	54.6801	-4.9063
Denwick	Northumberland	h	55.4234	-1.6766
Doxford	Northumberland	h	55.5102	-1.7118
Detchant	Northumberland	h	55.6222	-1.865
Duddo	Northumberland	h	55.6769	-2.102
Dryburgh	Scottish Borders	h	55.5803	-2.6493
Dewartown	Midlothian	h	55.8664	-2.9944
Davington	Dumfries and Galloway	h	55.3107	-3.202
Dunsyre	South Lanarkshire	h	55.7179	-3.477
Dunmore	Falkirk	h	56.0846	-3.7801
Dillarburn	South Lanarkshire	h	55.6537	-3.8689
Devonburn	South Lanarkshire	h	55.6313	-3.8593
Durisdeermill	Dumfries and Galloway	h	55.3187	-3.7602
Durisdeer	Dumfries and Galloway	h	55.3146	-3.7444
Drumclog	South Lanarkshire	h	55.6245	-4.1618
Dumgoyne	Stirling	h	56.0216	-4.3721
Dalmary	Stirling	h	56.1294	-4.3881
Dykehead	Stirling	h	56.1527	-4.2605
Dalleagles	East Ayrshire	h	55.3689	-4.2546
Drakemyre	North Ayrshire	h	55.7165	-4.7217
Dalgarven	North Ayrshire	h	55.6759	-4.7109
Dipple	South Ayrshire	h	55.2848	-4.8331
Dippin	North Ayrshire	h	55.4528	-5.0992
Drimlabarra	North Ayrshire	h	55.4431	-5.1262
Denside	Aberdeenshire	h	57.0511	-2.3066
Deebank	Aberdeenshire	h	57.0465	-2.4979
Douglastown	Angus	h	56.6141	-2.9516
Drumgley	Angus	h	56.6398	-2.9439
Dunino	Fife	h	56.2906	-2.7495
Drumeldrie	Fife	h	56.218	-2.9014
Denhead	Fife	h	56.3097	-2.8651
Dykehead	Angus	h	56.73	-3.0046
Denhead of Gray	Dundee City	h	56.4737	-3.0611
Den of Lindores	Fife	h	56.3409	-3.2112
Dowally	Perth and Kinross	h	56.6133	-3.6275
Duncrub	Perth and Kinross	h	56.315	-3.6013
Dron	Perth and Kinross	h	56.3274	-3.3924
Dalreoch	Perth and Kinross	h	56.3346	-3.6158
Dunskiag	Perth and Kinross	h	56.6108	-3.8907
Drumguish	Highland	h	57.0705	-3.9901
Dunalastair	Perth and Kinross	h	56.7087	-4.1055
Drumvaich	Stirling	h	56.2117	-4.1376
Dail Malio	Stirling	h	56.1878	-4.4798
Dalnabreck	Highland	h	56.763	-5.7488
Drimnin	Highland	h	56.6137	-5.9838
Durie	Aberdeenshire	h	57.4861	-1.9914
Drymuir	Aberdeenshire	h	57.5024	-2.1498
Dykeside	Aberdeenshire	h	57.4811	-2.4596
Drimmies	Aberdeenshire	h	57.3013	-2.4319
Drybridge	Moray	h	57.6494	-2.9506
Davoch of Grange	Moray	h	57.5515	-2.8705
Drumnagorrach	Moray	h	57.5602	-2.8036
Drum	Moray	h	57.5431	-2.9348
Duncanstone	Aberdeenshire	h	57.3285	-2.7076
Darkland	Moray	h	57.6434	-3.2248
Dipple	Moray	h	57.6113	-3.1373
Dava	Highland	h	57.4298	-3.6556
Duthil	Highland	h	57.2969	-3.7697
Delfour	Highland	h	57.1533	-3.9129
Dalnavert	Highland	h	57.1349	-3.8857
Davidston	Highland	h	57.6532	-4.0963
Delny	Highland	h	57.7232	-4.1268
Dorrachan	Highland	h	57.7431	-4.1542
Dalcross	Highland	h	57.5138	-4.045
Dunlichity	Highland	h	57.3673	-4.2293
Drumchardine	Highland	h	57.4689	-4.3863
Dunmore	Highland	h	57.4926	-4.4793
Duncanston	Highland	h	57.58	-4.3604
Drumindorsair	Highland	h	57.4763	-4.5223
Dhuhallow	Highland	h	57.2689	-4.3953
Dalnacroich	Highland	h	57.5545	-4.8126
Dalchreichart	Highland	h	57.1731	-4.8291
Durnamuck	Highland	h	57.8793	-5.3546
Dundonnell	Highland	h	57.8402	-5.2157
Drumchork	Highland	h	57.8357	-5.5807
Drumbuie	Highland	h	57.3152	-5.693
Duisdeil Beag	Highland	h	57.146	-5.8071
Dunans	Highland	h	57.6504	-6.2413
Duntulm	Highland	h	57.6814	-6.3413
Drumuie	Highland	h	57.438	-6.2406
Drinan	Highland	h	57.1602	-6.06
Drinisiadar	Na h-Eileanan an Iar	h	57.8547	-6.7719
Dùn Gainmhich	Na h-Eileanan an Iar	h	57.4704	-7.3553
Dreumasdal	Na h-Eileanan an Iar	h	57.311	-7.385
Dorrery	Highland	h	58.4732	-3.5889
Dalhalvaig	Highland	h	58.4674	-3.8975
Dalchalm	Highland	h	58.0278	-3.8468
Dallcharn	Highland	h	58.4941	-4.3654
Dalchork	Highland	h	58.0617	-4.418
Doune	Highland	h	57.9686	-4.6308
Droman	Highland	h	58.4852	-5.1095
Dail bho Thuath	Na h-Eileanan an Iar	h	58.4713	-6.2969
Dalmore	Na h-Eileanan an Iar	h	58.3022	-6.749
Duncansclett	Shetland Islands	h	60.0634	-1.34
Da Nort Toons	Shetland Islands	h	60.1535	-2.0739
Da Hametoon	Shetland Islands	h	60.1203	-2.0638
Da Toon o Ham	Shetland Islands	h	60.1359	-2.0554
Dagenham	Barking and Dagenham	o	51.5402	0.1655
Denham	Barnet	o	51.6306	-0.2229
Deptford	Lewisham	o	51.4776	-0.026
Darrow Green	South Norfolk	o	52.4527	1.3244
Downhall Beach Estate	Maldon	o	51.7394	0.8939
Donna Nook	East Lindsey	o	53.4738	0.1481
Dalby	East Lindsey	o	53.2166	0.1033
Dringhoe	East Riding of Yorkshire	o	53.9771	-0.2348
Duck Street	Test Valley	o	51.2448	-1.5398
Daggons	Dorset	o	50.9123	-1.8584
Damery	Stroud	o	51.6474	-2.4227
Darvole	South Somerset	o	50.9104	-2.6314
Dyffryn	Bro Morgannwg - the Vale of Glamorgan	o	51.4398	-3.3046
Durborough	Somerset West and Taunton	o	51.1675	-3.1595
Dinworthy	Torridge	o	50.9149	-4.4045
Dunsmore Heath	Rugby	o	52.352	-1.3754
Dursley Cross	Forest of Dean	o	51.8788	-2.4379
Dorstone	County of Herefordshire	o	52.1916	-2.8137
Dinedor Camp	County of Herefordshire	o	52.019	-2.7013
Dukes	County of Herefordshire	o	52.1514	-3.0297
Dôl-forwyn	Powys - Powys	o	52.551	-3.2403
Disserth	Powys - Powys	o	52.2159	-3.4136
Dyffryn Castell	Sir Ceredigion - Ceredigion	o	52.4194	-3.803
Doehole	North East Derbyshire	o	53.1256	-1.4741
Dunstal	East Staffordshire	o	52.832	-1.8856
Dunstall	East Staffordshire	o	52.7809	-1.7218
Danebridge	Cheshire East	o	53.1852	-2.0591
Dol-ffanog	Gwynedd - Gwynedd	o	52.6768	-3.8811
Drws-y-coed	Gwynedd - Gwynedd	o	53.0583	-4.1727
Dalton	Hambleton	o	54.18	-1.3466
Dry Gill	Craven	o	54.0662	-1.8782
Daisy Nook	Oldham	o	53.5011	-2.1257
Dovenanter	Craven	o	54.0701	-2.4186
Downfield	South Lakeland	o	54.1103	-3.1495
Danby Botton	Scarborough	o	54.4308	-0.9273
Danby Head	Scarborough	o	54.4218	-0.9402
Deadwater	Northumberland	o	55.2643	-2.6239
Duncan Park	Dumfries and Galloway	o	54.8698	-4.4455
Dinduff	Dumfries and Galloway	o	54.9394	-5.0846
Dunglass	East Lothian	o	55.9416	-2.3703
Dovecote	East Lothian	o	55.9494	-2.7968
Donibristle	Fife	o	56.0852	-3.3409
Dalgety Bay	Fife	o	56.0384	-3.3573
Drumelzier	Scottish Borders	o	55.5934	-3.3732
Douglas West	South Lanarkshire	o	55.5583	-3.8708
Dalton	South Lanarkshire	o	55.8051	-4.1256
Dalblair	East Ayrshire	o	55.4479	-4.1426
Drum	Aberdeenshire	o	57.0903	-2.3223
Dun	Angus	o	56.7232	-2.5421
Dunnichen	Angus	o	56.6283	-2.8014
Dronley	Angus	o	56.5083	-3.0675
Dunbog	Fife	o	56.3496	-3.1595
Dubh Uisge	Highland	o	56.8426	-5.267
Druimindarroch	Highland	o	56.898	-5.7989
Dail an Leigh	Highland	o	56.7602	-5.7088
Denhead	Aberdeenshire	o	57.5606	-2.0084
Drumligair	Aberdeenshire	o	57.2391	-2.1637
Drumdollo	Aberdeenshire	o	57.435	-2.665
Denhead	Moray	o	57.5286	-2.9426
Deerhill	Moray	o	57.5918	-2.9001
Drumblade	Aberdeenshire	o	57.4488	-2.6861
Dryburn	Moray	o	57.6531	-3.0509
Delnies	Highland	o	57.5716	-3.9314
Drumuillie	Highland	o	57.2588	-3.7542
Dounie	Highland	o	57.8497	-4.2033
Dalmore	Highland	o	57.6915	-4.2404
Dochgarroch	Highland	o	57.4355	-4.3016
Drumsmittal	Highland	o	57.5238	-4.2614
Daviot	Highland	o	57.4264	-4.1284
Dounie	Highland	o	57.8827	-4.4207
Druim an Teampuill	Highland	o	57.2282	-4.4737
Dundreggan	Highland	o	57.1904	-4.7689
Dìurinis	Highland	o	57.3177	-5.6765
Druim Fhearna	Highland	o	57.1742	-5.8409
Digg	Highland	o	57.6422	-6.2472
Drynoch	Highland	o	57.3048	-6.2998
Direcleit	Na h-Eileanan an Iar	o	57.8883	-6.8028
Duncansby	Highland	o	58.638	-3.0455
Dixonfield	Highland	o	58.5821	-3.4792
Durran	Highland	o	58.5486	-3.3862
Dalreavoch	Highland	o	58.0425	-4.1239
Dùn Chàrlabhaigh	Na h-Eileanan an Iar	o	58.2685	-6.7892
Dishes	Orkney Islands	o	59.0987	-2.59
Dury	Shetland Islands	o	60.3194	-1.1691
Dale of Walls	Shetland Islands	o	60.256	-1.6746
