Ripon	Harrogate	c	54.136	-1.5234
Ramsgate	Thanet	t	51.3347	1.4181
Rayleigh	Rochford	t	51.5867	0.6062
Rochford		t	51.5823	0.7072
Rye	Rother	t	50.9511	0.7337
Rochester	Medway	t	51.3898	0.5037
Royal Tunbridge Wells	Tunbridge Wells	t	51.1333	0.2636
Reigate	Reigate and Banstead	t	51.2377	-0.2058
Redhill	Reigate and Banstead	t	51.2405	-0.1711
Rickmansworth	Three Rivers	t	51.6388	-0.4692
Radlett	Hertsmere	t	51.6844	-0.3177
Ramsey	Huntingdonshire	t	52.4483	-0.1063
Royston	North Hertfordshire	t	52.0483	-0.02
Reepham	Broadland	t	52.7626	1.11
Ryde	Isle of Wight	t	50.73	-1.1632
Redruth	Cornwall	t	50.2342	-5.2251
Reading		t	51.4538	-0.9737
Romsey	Test Valley	t	50.9891	-1.4998
Royal Wootton Bassett	Wiltshire	t	51.5415	-1.9051
Ringwood	New Forest	t	50.846	-1.7911
Radstock	Bath and North East Somerset	t	51.292	-2.4481
Risca	Caerffili - Caerphilly	t	51.6136	-3.1041
Rhondda	Rhondda Cynon Taf - Rhondda Cynon Taf	t	51.6476	-3.4878
Rushden	North Northamptonshire	t	52.2908	-0.5979
Raunds	North Northamptonshire	t	52.3458	-0.5352
Rugby		t	52.3722	-1.2626
Royal Leamington Spa	Warwick	t	52.292	-1.5358
Royal Sutton Coldfield	Birmingham	t	52.5631	-1.8231
Redditch		t	52.3069	-1.9415
Rowley Regis	Sandwell	t	52.4842	-2.0451
Ross-on-Wye	County of Herefordshire	t	51.9139	-2.5837
Rhymney	Caerffili - Caerphilly	t	51.7622	-3.2869
Rhayader	Powys - Powys	t	52.3005	-3.5104
Rhydaman	Sir Gaerfyrddin - Carmarthenshire	t	51.7928	-3.9881
Retford	Bassetlaw	t	53.3226	-0.9425
Rotherham		t	53.4307	-1.3547
Rawmarsh	Rotherham	t	53.4617	-1.3444
Ripley	Amber Valley	t	53.0491	-1.4067
Rugeley	Cannock Chase	t	52.7614	-1.936
Romiley	Stockport	t	53.4138	-2.0911
Runcorn	Halton	t	53.3417	-2.7313
Rhyl	Sir Ddinbych - Denbighshire	t	53.3207	-3.4924
Rhuddlan	Sir Ddinbych - Denbighshire	t	53.2911	-3.4665
Ruthin	Sir Ddinbych - Denbighshire	t	53.1144	-3.3105
Rhosgadfan	Gwynedd - Gwynedd	t	53.09	-4.233
Rothwell	Leeds	t	53.7484	-1.4765
Royston	Barnsley	t	53.5984	-1.4548
Rawtenstall	Rossendale	t	53.7009	-2.2875
Rochdale		t	53.617	-2.1567
Royton	Oldham	t	53.5653	-2.1217
Rishton	Hyndburn	t	53.7679	-2.418
Radcliffe	Bury	t	53.5611	-2.3277
Ramsbottom	Bury	t	53.6488	-2.3185
Rainford	St. Helens	t	53.4989	-2.7852
Redcar	Redcar and Cleveland	t	54.6178	-1.07
Ryton	Gateshead	t	54.9728	-1.7632
Richmond	Richmondshire	t	54.4041	-1.7373
Rothbury	Northumberland	t	55.31	-1.9099
Rutherglen	South Lanarkshire	t	55.8289	-4.2135
Renfrew	Renfrewshire	t	55.8799	-4.3853
Rothesay	Argyll and Bute	t	55.8349	-5.0546
Rosehearty	Aberdeenshire	t	57.6967	-2.1146
Rothes	Moray	t	57.527	-3.2078
Reading Street	Thanet	a	51.3743	1.4322
River	Dover	a	51.1439	1.2765
Rainham	Medway	a	51.3628	0.6009
Rushenden	Swale	a	51.4081	0.7436
Rye Harbour	Rother	a	50.9388	0.7592
Riverview Park	Gravesham	a	51.418	0.393
Rosherville	Gravesham	a	51.4422	0.3523
Romford	Tunbridge Wells	a	51.1448	0.3413
Ringlestone	Maidstone	a	51.29	0.5159
Roseacre	Maidstone	a	51.2727	0.5689
Rockrobin	Wealden	a	51.0748	0.3137
Roselands	Eastbourne	a	50.7783	0.2998
Repton Park	Redbridge	a	51.6033	0.0688
Rush Green	Havering	a	51.5655	0.1762
Redbridge		a	51.5776	0.0495
Rise Park	Havering	a	51.5963	0.1774
Royal Arsenal West	Greenwich	a	51.4928	0.0736
Ramsden	Bromley	a	51.3711	0.1137
Riverhead	Sevenoaks	a	51.2862	0.1663
Ringles Cross	Wealden	a	50.9835	0.1016
Ramslye	Tunbridge Wells	a	51.1211	0.2434
Ratton Village	Eastbourne	a	50.7909	0.2526
Ridgewood	Wealden	a	50.9586	0.0994
Ratcliff	Tower Hamlets	a	51.5116	-0.0436
Regent's Park	Camden	a	51.53	-0.1445
Russell Hill	Croydon	a	51.3442	-0.1259
Roehampton	Wandsworth	a	51.4542	-0.2452
Rosehill	Sutton	a	51.3828	-0.1906
Rotherhithe	Southwark	a	51.498	-0.046
Roundshaw	Sutton	a	51.3527	-0.1316
Raynes Park	Merton	a	51.4062	-0.2353
Round Hill	The City of Brighton and Hove	a	50.8357	-0.1337
Rottingdean	The City of Brighton and Hove	a	50.805	-0.0582
Roedean	The City of Brighton and Hove	a	50.8121	-0.0899
Ruislip Manor	Hillingdon	a	51.5699	-0.4132
Roxeth	Harrow	a	51.5696	-0.3488
Rayners Lane	Harrow	a	51.5755	-0.3708
Ruislip Common	Hillingdon	a	51.5897	-0.435
Ripley Springs	Runnymede	a	51.4265	-0.5561
Rydens	Elmbridge	a	51.381	-0.3967
Rose Hill	Mole Valley	a	51.2302	-0.3295
Roffey	Horsham	a	51.0772	-0.293
Roman Hill	East Suffolk	a	52.4782	1.7492
Ragmere	Breckland	a	52.4728	1.0481
Racecourse	Ipswich	a	52.0408	1.191
Rose Hill	Ipswich	a	52.0476	1.1767
Rush Green	Tendring	a	51.7936	1.1299
Redcastle Furze	Breckland	a	52.409	0.7353
Runsell Green	Chelmsford	a	51.714	0.5926
Ridgeway Village	South Cambridgeshire	a	52.223	0.0845
Romsey Town	Cambridge	a	52.202	0.1473
Ramsey End	Huntingdonshire	a	52.4031	-0.0853
Rosedale	Broxbourne	a	51.7124	-0.0604
Roestock	St. Albans	a	51.7368	-0.2511
Roe Green	Welwyn Hatfield	a	51.762	-0.2311
Rye Park	Broxbourne	a	51.7674	-0.0005
Round Green	Luton	a	51.8922	-0.4007
Runham	Great Yarmouth	a	52.6157	1.7195
Richmond Hill	Norwich	a	52.6211	1.3012
Roughton Moor	East Lindsey	a	53.1653	-0.1741
Ravensthorpe	City of Peterborough	a	52.5924	-0.2784
Rose Green	Arun	a	50.784	-0.7175
Rossmore	"Bournemouth, Christchurch and Poole"	a	50.7375	-1.9268
Red Hill	"Bournemouth, Christchurch and Poole"	a	50.7608	-1.8715
Rockley Sands	"Bournemouth, Christchurch and Poole"	a	50.7195	-2.029
Radipole	Dorset	a	50.6301	-2.4707
Redlands	Dorset	a	50.6438	-2.4726
Rodwell	Dorset	a	50.6042	-2.4638
Redhills	Exeter	a	50.7235	-3.5567
Ringmore	Teignbridge	a	50.5377	-3.5183
Ramsley	West Devon	a	50.723	-3.9125
Roborough	South Hams	a	50.4406	-4.1081
Roborough Down	West Devon	a	50.4772	-4.0968
Riverside	City of Plymouth	a	50.4043	-4.2019
Royal Holloway	Runnymede	a	51.4263	-0.5651
Rafborough	Rushmoor	a	51.2898	-0.7719
Rydeshill	Guildford	a	51.2525	-0.6065
Rowner	Gosport	a	50.8122	-1.1702
Regents Park	City of Southampton	a	50.9171	-1.4412
Redbridge	City of Southampton	a	50.9246	-1.4753
Rushington	New Forest	a	50.9121	-1.4975
Rodbourne	Swindon	a	51.5738	-1.8015
Redlands	Swindon	a	51.6234	-1.7144
Ramleaze	Swindon	a	51.5669	-1.84
Roughmoor	Swindon	a	51.5768	-1.8372
Rivermead	Swindon	a	51.5666	-1.8255
Rollestone	Wiltshire	a	51.1871	-1.8964
Rowlands	Dorset	a	50.8017	-1.9787
Romford	Dorset	a	50.884	-1.8973
Rockness	Stroud	a	51.6897	-2.2247
Redfield	City of Bristol	a	51.4562	-2.556
Rose Green	City of Bristol	a	51.4694	-2.5478
Rush Hill	Bath and North East Somerset	a	51.3631	-2.3873
Ridgeway	City of Bristol	a	51.473	-2.5364
Russell Town	City of Bristol	a	51.4566	-2.5623
Rotcombe	Bath and North East Somerset	a	51.3257	-2.5078
Riverside	Bath and North East Somerset	a	51.2802	-2.4942
Rixon	Dorset	a	50.9334	-2.2941
Rolls Mill	Dorset	a	50.9198	-2.32
Redcliffe Bay	North Somerset	a	51.4756	-2.8053
Redland	City of Bristol	a	51.4707	-2.6062
Rhiwderin	Casnewydd - Newport	a	51.581	-3.0687
Ringland	Casnewydd - Newport	a	51.5949	-2.9328
Rhiw	Caerffili - Caerphilly	a	51.6807	-3.1478
Ridgeway	Casnewydd - Newport	a	51.5889	-3.0207
Rumney	Caerdydd - Cardiff	a	51.5114	-3.1275
Rhiwbina	Caerdydd - Cardiff	a	51.5284	-3.2133
Radyr	Caerdydd - Cardiff	a	51.5148	-3.2513
Rhydyfelin	Rhondda Cynon Taf - Rhondda Cynon Taf	a	51.5865	-3.3067
Roath Park	Caerdydd - Cardiff	a	51.5121	-3.1765
Riverside	Caerdydd - Cardiff	a	51.4772	-3.1927
Raven Hill	Abertawe - Swansea	a	51.6418	-3.9759
Rhydding	Castell-nedd Port Talbot - Neath Port Talbot	a	51.6732	-3.8069
Roundswell	North Devon	a	51.0669	-4.0874
Raleigh Estate	Torridge	a	51.027	-4.2182
Rumsam	North Devon	a	51.0677	-4.0481
Raleigh	North Devon	a	51.0885	-4.0511
Rectory Farm	West Northamptonshire	a	52.2693	-0.8076
Redhouse Park	Milton Keynes	a	52.0807	-0.751
Rooksley	Milton Keynes	a	52.0425	-0.777
Rushmere	Central Bedfordshire	a	51.9404	-0.6713
Redmoor	Milton Keynes	a	52.0138	-0.7451
Round Spinney	West Northamptonshire	a	52.2803	-0.8374
Ruscote	Cherwell	a	52.0651	-1.3569
Risinghurst	Oxford	a	51.7597	-1.1905
Rose Hill	Oxford	a	51.7255	-1.2214
Radford	Coventry	a	52.4253	-1.5221
Rowley's Green	Coventry	a	52.4489	-1.5001
Robinson's End	Nuneaton and Bedworth	a	52.5169	-1.5255
Roughley	Birmingham	a	52.5945	-1.8116
Rotton Park	Birmingham	a	52.4806	-1.9436
Reddicap Heath	Birmingham	a	52.561	-1.7964
Ryecroft	Walsall	a	52.5917	-1.9778
Ridgacre	Birmingham	a	52.4596	-1.9965
Rood End	Sandwell	a	52.493	-1.9972
Riverside	Redditch	a	52.3125	-1.931
Rednal	Bromsgrove	a	52.3811	-1.9957
Rough Hay	Walsall	a	52.5714	-2.0483
Round's Green	Sandwell	a	52.5039	-2.0276
Russell's Hall	Dudley	a	52.5048	-2.1096
Rough Hills	City of Wolverhampton	a	52.5715	-2.113
Roseville	Dudley	a	52.5421	-2.0936
Ruiton	Dudley	a	52.5283	-2.1214
Ryders Green	Sandwell	a	52.524	-2.0227
Rubery	Birmingham	a	52.3925	-2.0107
Ronkswood	Worcester	a	52.1946	-2.1962
Rainbow Hill	Worcester	a	52.2017	-2.2099
Red Hill	Worcester	a	52.1824	-2.1995
Ryeworth	Cheltenham	a	51.8881	-2.0477
Rowanfield	Cheltenham	a	51.8994	-2.1059
Robinswood	Gloucester	a	51.8448	-2.2293
Rooksmoor	Stroud	a	51.727	-2.2297
Rodborough	Stroud	a	51.7389	-2.2325
Ryelands	County of Herefordshire	a	52.0561	-2.7275
Rotherwas	County of Herefordshire	a	52.0377	-2.6831
Red Hill	County of Herefordshire	a	52.0379	-2.7253
Rassau	Blaenau Gwent - Blaenau Gwent	a	51.803	-3.2301
Rhyd-y-car	Merthyr Tudful - Merthyr Tydfil	a	51.7399	-3.3798
Robertstown	Rhondda Cynon Taf - Rhondda Cynon Taf	a	51.7199	-3.447
Rhyd-y-fro	Castell-nedd Port Talbot - Neath Port Talbot	a	51.7326	-3.8619
Rhydyfelin	Sir Ceredigion - Ceredigion	a	52.3898	-4.0695
Rushacre	Sir Benfro - Pembrokeshire	a	51.8057	-4.7425
Rusheylake	Sir Benfro - Pembrokeshire	a	51.707	-4.7051
Roch Gate	Sir Benfro - Pembrokeshire	a	51.8465	-5.0875
Rushey Mead	City of Leicester	a	52.6644	-1.1036
Ryecroft	Rotherham	a	53.4655	-1.3315
Richmond Park	Rotherham	a	53.429	-1.3993
Radmanthwaite	Mansfield	a	53.1648	-1.2313
Ravensdale	Mansfield	a	53.1479	-1.1739
Ruffs	Ashfield	a	53.029	-1.2241
Rosemaryhill	Ashfield	a	53.0743	-1.302
Rise Park	City of Nottingham	a	53.0102	-1.1776
Redhill	Gedling	a	53.0116	-1.1338
Radford	City of Nottingham	a	52.9605	-1.1755
Rylands	Broxtowe	a	52.919	-1.2042
Rowley Fields	City of Leicester	a	52.6124	-1.1659
Royd	Sheffield	a	53.4738	-1.5805
Richmond	Sheffield	a	53.3643	-1.4026
Rollestone	Sheffield	a	53.3531	-1.4485
Ranmoor	Sheffield	a	53.3705	-1.5249
Rivelin Glen	Sheffield	a	53.3848	-1.5479
Rose Hill	City of Derby	a	52.9082	-1.4689
River's Vale	High Peak	a	53.2577	-1.9303
Ravenhill	Cannock Chase	a	52.7499	-1.9287
Rake End	Lichfield	a	52.7629	-1.8866
Red Hill	Lichfield	a	52.7246	-1.9089
Reddish Green	Stockport	a	53.4371	-2.1606
Rusholme	Manchester	a	53.452	-2.2077
Roe Cross	Tameside	a	53.4653	-2.0213
Ridge Hill	Tameside	a	53.4931	-2.0565
Reddish Vale	Stockport	a	53.4373	-2.1458
Roundthorn	Manchester	a	53.3923	-2.2951
Red Street	Newcastle-under-Lyme	a	53.0575	-2.2567
Red Bull	Cheshire East	a	53.0938	-2.2573
Redhill	Stafford	a	52.8556	-2.2439
Rough Close	Stafford	a	52.9511	-2.114
Rising Brook	Stafford	a	52.7849	-2.1143
Rowley Park	Stafford	a	52.7958	-2.1274
Rickerscote	Stafford	a	52.7811	-2.1061
Rumer Hill	Cannock Chase	a	52.6846	-2.0193
Risley	Warrington	a	53.4294	-2.5238
Rushgreen	Warrington	a	53.3864	-2.4631
Rosehill	Trafford	a	53.3728	-2.3578
Red Lake	Telford and Wrekin	a	52.6925	-2.4702
Randlay	Telford and Wrekin	a	52.6641	-2.4301
Ravenhead	St. Helens	a	53.4426	-2.7544
Rainhill	St. Helens	a	53.4137	-2.7655
Roby	Knowsley	a	53.4116	-2.8553
Rocksavage	Halton	a	53.3175	-2.7331
Rhuddall Heath	Cheshire West and Chester	a	53.154	-2.6598
Radbrook	Shropshire	a	52.6981	-2.779
Rock Park	Wirral	a	53.3685	-2.9985
Rock Ferry	Wirral	a	53.3724	-3.0095
Raby Mere	Wirral	a	53.3214	-3.004
Rhosrhedyn	Wrecsam - Wrexham	a	53.0577	-3.0351
Rhosddu	Wrecsam - Wrexham	a	53.0529	-2.9967
Rhosnesni	Wrecsam - Wrexham	a	53.0508	-2.9749
Rhosywaun	Wrecsam - Wrexham	a	52.9387	-3.0535
Rhewl-Mostyn	Sir y Fflint - Flintshire	a	53.3128	-3.2649
Rhôs-on-Sea	Conwy - Conwy	a	53.3081	-3.7499
Rhiwbryfdir	Gwynedd - Gwynedd	a	52.9963	-3.9467
Riddings	North Lincolnshire	a	53.5612	-0.6728
Rawcliffe	York	a	53.9834	-1.1179
Raby Park	Leeds	a	53.9302	-1.3903
Round Hill	Wakefield	a	53.7192	-1.3558
Rhyddings	Wakefield	a	53.6403	-1.3377
Richmond Hill	Doncaster	a	53.5226	-1.162
Rostholme	Doncaster	a	53.5552	-1.1497
Rufford Park	Leeds	a	53.8613	-1.68
Rossett Green	Harrogate	a	53.9727	-1.5484
Richmond Hill	Leeds	a	53.7934	-1.5158
Rodley	Leeds	a	53.8225	-1.6626
Runtlings	Wakefield	a	53.6769	-1.5906
Roker Lane Bottom	Leeds	a	53.78	-1.64
Roundhay	Leeds	a	53.8331	-1.4964
Rothwell Haigh	Leeds	a	53.7551	-1.4855
Ravensthorpe	Kirklees	a	53.6793	-1.6639
Round Hill	Leeds	a	53.795	-1.6798
Riddlesden	Bradford	a	53.8777	-1.8811
Rawfolds	Kirklees	a	53.7178	-1.7044
Roberttown	Kirklees	a	53.6993	-1.7056
Ripleyville	Bradford	a	53.7834	-1.7466
Ravenscliffe	Bradford	a	53.8189	-1.7117
Rastrick	Calderdale	a	53.6901	-1.7943
Rosemount	Calderdale	a	53.6804	-1.8285
Rawthorpe	Kirklees	a	53.6541	-1.755
Riddings	Kirklees	a	53.6686	-1.7609
Riley	Kirklees	a	53.6108	-1.709
Rotcher	Kirklees	a	53.6208	-1.8902
Rashcliffe	Kirklees	a	53.637	-1.7914
Rockwood	Craven	a	53.9631	-2.0299
Raikes	Craven	a	53.9673	-2.0255
Rake Foot	Rossendale	a	53.7214	-2.2883
Reedley	Pendle	a	53.8175	-2.2275
Rockliffe	Rossendale	a	53.6966	-2.1952
Rose Grove	Burnley	a	53.7878	-2.2811
Rake Head	Rossendale	a	53.6892	-2.2356
Rush Bed	Rossendale	a	53.7187	-2.2866
Rose Hill	Burnley	a	53.7773	-2.2538
Reeds Holme	Rossendale	a	53.7161	-2.2889
Roughtown	Tameside	a	53.5227	-2.0363
Roaches	Tameside	a	53.5279	-2.025
Rhodes Bank	Oldham	a	53.5412	-2.107
Roundthorn	Oldham	a	53.5338	-2.0867
Royley	Oldham	a	53.562	-2.1339
Royton Moss	Oldham	a	53.5611	-2.0998
Rainsough	Bury	a	53.5161	-2.2858
Radford	Blackburn with Darwen	a	53.6904	-2.4679
Royshaw Hill	Blackburn with Darwen	a	53.7625	-2.4809
Revidge	Blackburn with Darwen	a	53.7565	-2.5016
Ramsgreave	Ribble Valley	a	53.7789	-2.4831
Roe Lee	Blackburn with Darwen	a	53.7698	-2.4863
Rowlands	Bury	a	53.6296	-2.3095
Ringley Fold	Bolton	a	53.5373	-2.35
Roe Green	Salford	a	53.5107	-2.3775
Redvales	Bury	a	53.5803	-2.3043
Ringley	Bolton	a	53.5447	-2.3582
Rose Hill	Bolton	a	53.568	-2.422
Ridge	Lancaster	a	54.0553	-2.7863
Ryelands	Lancaster	a	54.0607	-2.8123
Ribbleton	Preston	a	53.7732	-2.6667
Red Scar	Preston	a	53.787	-2.6463
Ribbleton Hall	Preston	a	53.7741	-2.6512
Rose Bridge	Wigan	a	53.5454	-2.6101
Red Bank	Chorley	a	53.6397	-2.6247
Rose Hill	Wigan	a	53.5038	-2.6516
Redwood	Wigan	a	53.5352	-2.6878
Roose	Barrow-in-Furness	a	54.1157	-3.1874
Roose Gate	Barrow-in-Furness	a	54.1112	-3.2006
Raikes	Wyre	a	53.873	-2.9927
Rossall Beach	Wyre	a	53.891	-3.0454
Revoe	Blackpool	a	53.8075	-3.0423
Roker	Sunderland	a	54.9244	-1.3712
Ryhope	Sunderland	a	54.8654	-1.3661
Roseworth	Stockton-on-Tees	a	54.5872	-1.3382
Rift House	Hartlepool	a	54.6712	-1.2357
Ragworth	Stockton-on-Tees	a	54.5809	-1.3287
Roundhill Village	Stockton-on-Tees	a	54.5135	-1.3284
Rosehill	North Tyneside	a	54.9933	-1.5043
Rainton Gate	County Durham	a	54.8086	-1.5051
Rickleton	Sunderland	a	54.8818	-1.553
Rainton Bridge	Sunderland	a	54.8324	-1.4742
Rise Carr	Darlington	a	54.5414	-1.5584
Red Hall	Darlington	a	54.5319	-1.5157
Row	Eden	a	54.7059	-2.5795
Raffles	Carlisle	a	54.8902	-2.9693
Row Brow	Allerdale	a	54.7119	-3.4312
Rosebank	Copeland	a	54.5319	-3.5626
Roseburn	City of Edinburgh	a	55.9427	-3.2377
Ravelston	City of Edinburgh	a	55.9505	-3.2481
Restalrig	City of Edinburgh	a	55.9626	-3.1467
Rumblingwell	Fife	a	56.0779	-3.4828
Riverside	Stirling	a	56.1254	-3.9293
Rosebank	Falkirk	a	56.0355	-3.9184
Roadmeetings	South Lanarkshire	a	55.7287	-3.8163
Raploch	Stirling	a	56.1296	-3.9466
Rosehall	North Lanarkshire	a	55.8455	-4.0206
Rosebank	East Dunbartonshire	a	55.9367	-4.1243
Robroyston	Glasgow City	a	55.8925	-4.1952
Royston	Glasgow City	a	55.8699	-4.2302
Ruchazie	Glasgow City	a	55.8727	-4.1653
Riddrie	Glasgow City	a	55.8716	-4.1911
Rawyards	North Lanarkshire	a	55.8714	-3.9723
Raploch	South Lanarkshire	a	55.7375	-3.982
Rosshall	Glasgow City	a	55.8405	-4.3675
Ralston	Renfrewshire	a	55.8439	-4.399
Rashielee	Renfrewshire	a	55.9062	-4.4559
Ruchill	Glasgow City	a	55.8875	-4.2736
Redburn	West Dunbartonshire	a	55.9754	-4.564
Rossland	Renfrewshire	a	55.9026	-4.4971
Radnor Park	West Dunbartonshire	a	55.9095	-4.4116
Roughmussel	Glasgow City	a	55.8223	-4.3617
Riverside	Glasgow City	a	55.8583	-4.2988
Riccarton	East Ayrshire	a	55.5945	-4.4977
Ravenscraig	Inverclyde	a	55.9387	-4.8134
Rozelle	South Ayrshire	a	55.435	-4.6217
Roadside	Aberdeenshire	a	56.7722	-2.4228
Rimbleton	Fife	a	56.1896	-3.1875
Rosemount	Perth and Kinross	a	56.5737	-3.3202
Rattray	Perth and Kinross	a	56.5965	-3.3218
Roanheads	Aberdeenshire	a	57.5092	-1.7752
Ruthrieston	Aberdeen City	a	57.1291	-2.1154
Rosemount	Aberdeen City	a	57.1498	-2.1161
Rosehill	Aberdeen City	a	57.1608	-2.1366
Resaurie	Highland	a	57.4775	-4.1566
Raigmore	Highland	a	57.4735	-4.1886
Rhiroy	Highland	a	57.8584	-5.1145
Rha	Highland	a	57.5914	-6.3643
Raon na Crèadha	Na h-Eileanan an Iar	a	58.212	-6.3593
Redland	Orkney Islands	a	59.1046	-3.0874
Ringasta	Shetland Islands	a	59.9122	-1.3267
RM18	Thurrock		51.4676	0.3657
RM17	Thurrock		51.4768	0.3298
RM5	Havering		51.6004	0.1582
RM6	Redbridge		51.5708	0.1282
RM7	Havering		51.5675	0.1542
RM2	Havering		51.5812	0.1934
RM14	Havering		51.5398	0.2501
RM10	Barking and Dagenham		51.5486	0.1485
RM9	Barking and Dagenham		51.5318	0.1415
RM11	Havering		51.5688	0.1912
RM8	Barking and Dagenham		51.5503	0.1116
RM1	Havering		51.5719	0.1878
RM12	Havering		51.5621	0.2147
RM3	Havering		51.6041	0.2385
RM13	Havering		51.4894	0.1916
RM15	Thurrock		51.4954	0.2499
RM19	Thurrock		51.4938	0.2843
RM20	Thurrock		51.476	0.2755
RM16	Thurrock		51.4803	0.2924
RH8	Tandridge		51.2546	-0.0042
RH7	Tandridge		51.1698	-0.019
RH9	Reigate and Banstead		51.2406	-0.1647
RH1	Reigate and Banstead		51.2318	-0.1655
RH6	Crawley		51.1448	-0.1652
RH18	Mid Sussex		51.1259	-0.0097
RH77	Crawley		51.1388	-0.1698
RH10	Mid Sussex		51.1405	-0.1144
RH11	Crawley		51.1313	-0.2071
RH19	Mid Sussex		51.1259	-0.0097
RH16	Mid Sussex		50.9999	-0.1037
RH17	Lewes		50.9628	-0.0698
RH15	Mid Sussex		50.9537	-0.1257
RH2	Mole Valley		51.1974	-0.2872
RH3	Mole Valley		51.2346	-0.2888
RH4	Mole Valley		51.2237	-0.3349
RH5	Horsham		51.1245	-0.3258
RH12	Horsham		51.0837	-0.2965
RH13	Horsham		50.9601	-0.3071
RM4	Epping Forest		51.6787	0.1796
RG12	Bracknell Forest		51.403	-0.7831
RG42	Bracknell Forest		51.4217	-0.7734
RG45	Wokingham		51.3752	-0.7956
RH14	Chichester		51.0839	-0.5815
RH20	Chichester		50.9377	-0.6034
RG40	Wokingham		51.3764	-0.8572
RG31	West Berkshire		51.4403	-1.04
RG2	Reading		51.4373	-0.973
RG6	Reading		51.4447	-0.9376
RG9	South Oxfordshire		51.5033	-0.8887
RG5	Wokingham		51.4435	-0.9068
RG41	Wokingham		51.4324	-0.8859
RG30	Reading		51.4635	-1.012
RG1	Reading		51.4535	-0.977
RG10	Wokingham		51.4802	-0.867
RG4	Reading		51.4651	-0.9696
RG29	Hart		51.2511	-0.9534
RG24	Basingstoke and Deane		51.279	-1.1176
RG27	Hart		51.2797	-0.9578
RG21	Basingstoke and Deane		51.2598	-1.0699
RG8	West Berkshire		51.49	-1.1877
RG7	West Berkshire		51.3617	-1.1652
RG14	West Berkshire		51.4006	-1.3262
RG18	West Berkshire		51.4237	-1.2646
RG19	West Berkshire		51.3986	-1.2506
RG25	Basingstoke and Deane		51.191	-1.1593
RG22	Basingstoke and Deane		51.2453	-1.1424
RG23	Basingstoke and Deane		51.2468	-1.1721
RG26	Basingstoke and Deane		51.3344	-1.1982
RG28	Basingstoke and Deane		51.2307	-1.3381
RG20	West Berkshire		51.442	-1.4264
RG17	West Berkshire		51.3971	-1.4453
Ripple	Dover	v	51.2002	1.3571
Ringwould	Dover	v	51.1843	1.3755
Radfall	Canterbury	v	51.3391	1.0657
Rough Common	Canterbury	v	51.2911	1.0477
Rhodes Minnis	Folkestone and Hythe	v	51.1461	1.074
Ridgeway	Ashford	v	51.1222	0.9606
Ruckinge	Ashford	v	51.0664	0.8899
Radfield	Swale	v	51.3315	0.7836
Rodmersham Green	Swale	v	51.3172	0.7462
Ram Lane	Ashford	v	51.1853	0.8158
Rolvenden Layne	Ashford	v	51.0407	0.6434
Rolvenden	Ashford	v	51.0527	0.6299
Ramsden Bellhouse	Basildon	v	51.6232	0.4818
Ramsden Heath	Chelmsford	v	51.6362	0.4738
Rettendon	Chelmsford	v	51.6554	0.5523
Runwell	Chelmsford	v	51.6215	0.5315
Rawreth	Rochford	v	51.6084	0.5608
Ryarsh	Tonbridge and Malling	v	51.3136	0.3945
Robertsbridge	Rother	v	50.9854	0.4745
Rushlake Green	Wealden	v	50.9413	0.3141
Ruxley	Bromley	v	51.4146	0.1265
Romney Street	Sevenoaks	v	51.3302	0.2268
Rotherfield	Wealden	v	51.0463	0.2195
Rusthall	Tunbridge Wells	v	51.1357	0.2287
Roser's Cross	Wealden	v	50.9636	0.2043
Rodmell	Lewes	v	50.8356	0.0128
Ripe	Wealden	v	50.8704	0.1454
Ringmer	Lewes	v	50.8932	0.0554
Rusper	Horsham	v	51.1209	-0.279
Row Town	Runnymede	v	51.3626	-0.5078
Runnymede		v	51.4401	-0.545
Richings Park	Buckinghamshire	v	51.5078	-0.5071
Rowly	Waverley	v	51.1587	-0.505
Ripley	Guildford	v	51.3003	-0.4923
Rudgwick	Horsham	v	51.0913	-0.448
Rock	Horsham	v	50.9149	-0.4033
Ringsfield Corner	East Suffolk	v	52.4298	1.544
Redisham	East Suffolk	v	52.4041	1.541
Reydon	East Suffolk	v	52.3372	1.6722
Rumburgh	East Suffolk	v	52.3801	1.4475
Rendham	East Suffolk	v	52.2295	1.4368
Rendlesham	East Suffolk	v	52.1277	1.4124
Rushmere St Andrew	East Suffolk	v	52.0724	1.2129
Ramsey	Tendring	v	51.9287	1.2168
Rushall	South Norfolk	v	52.3996	1.2316
Roydon	South Norfolk	v	52.3803	1.0856
Rickinghall	Mid Suffolk	v	52.3394	0.9995
Redlingfield	Mid Suffolk	v	52.2942	1.2047
Redgrave	Mid Suffolk	v	52.3617	1.0013
Ringshall Stocks	Mid Suffolk	v	52.1235	0.9935
Rowhedge	Colchester	v	51.858	0.9479
Raydon	Babergh	v	52.0055	0.9868
Rockland All Saints	Breckland	v	52.5334	0.9362
Rockland St Peter	Breckland	v	52.5391	0.932
Rede	West Suffolk	v	52.1718	0.637
Rattlesden	Mid Suffolk	v	52.195	0.893
Rodbridge Corner	Babergh	v	52.0617	0.7112
Rose Green	Colchester	v	51.9211	0.7625
Rivenhall End	Braintree	v	51.8164	0.6665
Roundbush	Maldon	v	51.6841	0.6871
Ramsey Island	Maldon	v	51.7154	0.8261
Rivenhall	Braintree	v	51.8264	0.6525
Risby	West Suffolk	v	52.2675	0.6316
Red Lodge	West Suffolk	v	52.3081	0.4915
Ridgewell	Braintree	v	52.0387	0.5299
Rayne	Braintree	v	51.8754	0.5089
Radwinter	Uttlesford	v	52.0123	0.3392
Roxwell	Chelmsford	v	51.7499	0.3839
Rampton	South Cambridgeshire	v	52.2922	0.0884
Reach	East Cambridgeshire	v	52.272	0.2915
Roman Hill	South Cambridgeshire	v	52.1813	0.0664
Rickling Green	Uttlesford	v	51.9473	0.1961
Roydon Hamlet	Epping Forest	v	51.75	0.0404
Roydon	Epping Forest	v	51.7725	0.04
Ramsey Heights	Huntingdonshire	v	52.4527	-0.1578
Ramsey St Mary's	Huntingdonshire	v	52.4862	-0.1495
Ramsey Forty Foot	Huntingdonshire	v	52.4712	-0.0805
Ramsey Mereside	Huntingdonshire	v	52.4863	-0.1104
Radwell	North Hertfordshire	v	52.0072	-0.2071
Roe Green	North Hertfordshire	v	51.9868	-0.0861
Rushden	North Hertfordshire	v	51.9668	-0.1021
Reed	North Hertfordshire	v	52.0058	-0.0186
Rableyheath	North Hertfordshire	v	51.8568	-0.2071
Ridge	Hertsmere	v	51.689	-0.2446
Riseley	Bedford	v	52.2542	-0.4743
Ravensden	Bedford	v	52.178	-0.4245
Roxton	Bedford	v	52.1776	-0.3159
Ravensden	Bedford	v	52.1777	-0.4426
Radwell	Bedford	v	52.2062	-0.5316
Renhold	Bedford	v	52.1692	-0.4308
Renhold	Bedford	v	52.1628	-0.4097
Rucklers Lane	Dacorum	v	51.7255	-0.4597
Redbourn	St. Albans	v	51.7999	-0.3962
Runham	Great Yarmouth	v	52.6392	1.6438
Rollesby	Great Yarmouth	v	52.6874	1.6208
Reedham	Broadland	v	52.5594	1.5685
Ridlington	North Norfolk	v	52.8241	1.4777
Roughton	North Norfolk	v	52.8846	1.2979
Ranworth	Broadland	v	52.6741	1.4889
Rackheath	Broadland	v	52.6619	1.3767
Rockland St Mary	South Norfolk	v	52.5893	1.4259
Reymerston	Breckland	v	52.6147	0.9839
Ringland	Broadland	v	52.6819	1.1568
Rougham	Breckland	v	52.7507	0.7115
Ringstead	King's Lynn and West Norfolk	v	52.9401	0.536
Roydon	King's Lynn and West Norfolk	v	52.7801	0.5194
Runcton Holme	King's Lynn and West Norfolk	v	52.6546	0.3899
Roughton	East Lindsey	v	53.1658	-0.145
Revesby	East Lindsey	v	53.1336	-0.0576
Raithby by Spilsby	East Lindsey	v	53.183	0.0544
Risegate	South Holland	v	52.8538	-0.2055
Ring's End	Fenland	v	52.6051	0.0636
Rothwell	West Lindsey	v	53.4802	-0.267
Reepham	West Lindsey	v	53.2511	-0.444
Ruskington	North Kesteven	v	53.046	-0.386
Rowston	North Kesteven	v	53.093	-0.3827
Rippingale	South Kesteven	v	52.8366	-0.3708
Ryhall	Rutland	v	52.6858	-0.4679
Roos	East Riding of Yorkshire	v	53.7542	-0.0439
Ryehill	East Riding of Yorkshire	v	53.7131	-0.1376
Reighton	Scarborough	v	54.1582	-0.268
Ruston Parva	East Riding of Yorkshire	v	54.0402	-0.3735
Rudston	East Riding of Yorkshire	v	54.0907	-0.3252
Routh	East Riding of Yorkshire	v	53.8681	-0.3438
Riby	West Lindsey	v	53.5517	-0.2151
Rew Street	Isle of Wight	v	50.7456	-1.3332
Rookley	Isle of Wight	v	50.6532	-1.2833
Ripley	New Forest	v	50.7863	-1.7721
Ridge	Dorset	v	50.6782	-2.0928
Ryall	Dorset	v	50.7507	-2.8428
Raymond's Hill	East Devon	v	50.7629	-2.9567
Rockbeare	East Devon	v	50.747	-3.3905
Rewe	East Devon	v	50.7875	-3.4951
Rattery	South Hams	v	50.4412	-3.7752
Ringmore	South Hams	v	50.2968	-3.8953
Rilla Mill	Cornwall	v	50.5325	-4.4082
Rosecraddoc	Cornwall	v	50.4829	-4.4466
Rescorla	Cornwall	v	50.3844	-4.7764
Ruddlemoor	Cornwall	v	50.3617	-4.8023
Roche	Cornwall	v	50.4073	-4.834
Rock	Cornwall	v	50.5418	-4.9114
Rumford	Cornwall	v	50.4936	-4.9663
Ruan Lanihorne	Cornwall	v	50.241	-4.9541
Rose	Cornwall	v	50.3512	-5.127
Ringwell	Cornwall	v	50.2257	-5.1006
Rinsey Croft	Cornwall	v	50.1039	-5.3562
Rame	Cornwall	v	50.1625	-5.1837
Reawla	Cornwall	v	50.1789	-5.3565
Rosewarne	Cornwall	v	50.184	-5.3494
Ruan Minor	Cornwall	v	49.9934	-5.1822
Relubbus	Cornwall	v	50.1378	-5.4053
Rosudgeon	Cornwall	v	50.1177	-5.4219
Rose-an-Grouse	Cornwall	v	50.1705	-5.4449
Rushmoor	Waverley	v	51.1604	-0.7582
Runfold	Waverley	v	51.2208	-0.7545
Rowledge	Waverley	v	51.1832	-0.8231
Rake	Chichester	v	51.0429	-0.8564
Ramsnest Common	Waverley	v	51.0881	-0.6441
Rogate	Chichester	v	51.0073	-0.8503
Runcton	Chichester	v	50.8126	-0.7487
Rotherfield Greys	South Oxfordshire	v	51.5356	-0.9544
Russell's Water	South Oxfordshire	v	51.6013	-0.9785
Rotherfield Peppard	South Oxfordshire	v	51.5292	-0.9771
Remenham Hill	Wokingham	v	51.5403	-0.8728
Roke	South Oxfordshire	v	51.636	-1.0962
Radnage	Buckinghamshire	v	51.6697	-0.8626
Riseley	Wokingham	v	51.3639	-0.9645
Ruscombe	Wokingham	v	51.482	-0.8552
Ryeish Green	Wokingham	v	51.4008	-0.9593
Rotherwick	Hart	v	51.3005	-0.9827
Ropley	East Hampshire	v	51.0831	-1.082
Ropley Dean	East Hampshire	v	51.0857	-1.0968
Ramsdean	East Hampshire	v	50.9953	-0.9953
Rowlands Castle	East Hampshire	v	50.891	-0.9587
Radley	Vale of White Horse	v	51.6906	-1.2469
Rowstock	Vale of White Horse	v	51.5997	-1.3111
Ramsdell	Basingstoke and Deane	v	51.3129	-1.1559
Ramsbury	Wiltshire	v	51.4427	-1.6074
Redlynch	Wiltshire	v	50.9845	-1.7097
Rownhams	Test Valley	v	50.9522	-1.4542
Rushall	Wiltshire	v	51.3008	-1.8227
Rockbourne	New Forest	v	50.9625	-1.8386
Rodmarton	Cotswold	v	51.6805	-2.0841
Rowde	Wiltshire	v	51.3633	-2.0309
Rudloe	Wiltshire	v	51.4279	-2.2256
Rode	Mendip	v	51.2844	-2.2812
Rudge	Mendip	v	51.265	-2.2469
Rudgeway	South Gloucestershire	v	51.5782	-2.5396
Rangeworthy	South Gloucestershire	v	51.5699	-2.4466
Rockhampton	South Gloucestershire	v	51.6394	-2.5053
Rimpton	South Somerset	v	50.9925	-2.5604
Redlynch	South Somerset	v	51.0992	-2.4262
Rogiet	Sir Fynwy - Monmouthshire	v	51.5876	-2.7799
Redwick	South Gloucestershire	v	51.5677	-2.6498
Redwick	Casnewydd - Newport	v	51.5562	-2.8461
Redhill	North Somerset	v	51.3656	-2.7246
Regil	North Somerset	v	51.36	-2.6631
Rodney Stoke	Mendip	v	51.2461	-2.7401
Rickford	North Somerset	v	51.3317	-2.7404
Ryme Intrinseca	Dorset	v	50.8953	-2.5986
Rampisham	Dorset	v	50.8189	-2.624
Rogerstone	Casnewydd - Newport	v	51.5945	-3.061
Rooks Bridge	Sedgemoor	v	51.265	-2.9119
Ruishton	Somerset West and Taunton	v	51.0199	-3.0514
Rawridge	East Devon	v	50.8531	-3.1349
Rhydlafr	Caerdydd - Cardiff	v	51.5124	-3.2795
Roadwater	Somerset West and Taunton	v	51.1412	-3.3793
Rockwell Green	Somerset West and Taunton	v	50.9743	-3.2463
Rackenford	North Devon	v	50.9523	-3.6385
Rose Ash	North Devon	v	50.9818	-3.7268
Riddlecombe	Torridge	v	50.9084	-3.9796
Reynoldston	Abertawe - Swansea	v	51.588	-4.1936
Rhossili	Abertawe - Swansea	v	51.5692	-4.2854
Roborough	Torridge	v	50.9357	-4.0265
Rushton	North Northamptonshire	v	52.4378	-0.7634
Rothwell	North Northamptonshire	v	52.4229	-0.7985
Rockingham	North Northamptonshire	v	52.5187	-0.7239
Ringstead	North Northamptonshire	v	52.3661	-0.5525
Ravenstone	Milton Keynes	v	52.1491	-0.7595
Ridgmont	Central Bedfordshire	v	52.014	-0.5805
Ringshall	Dacorum	v	51.8182	-0.5729
Rowsham	Buckinghamshire	v	51.854	-0.767
Ravensthorpe	West Northamptonshire	v	52.3258	-1.0213
Rothersthorpe	West Northamptonshire	v	52.2055	-0.9569
Roade	West Northamptonshire	v	52.1587	-0.8943
Radclive	Buckinghamshire	v	52.001	-1.0165
Ridge Lane	North Warwickshire	v	52.5517	-1.5688
Ratcliffe Culey	Hinckley and Bosworth	v	52.5932	-1.5191
Rowington Green	Warwick	v	52.3294	-1.7065
Ryton-on-Dunsmore	Rugby	v	52.365	-1.4346
Rowington	Warwick	v	52.3223	-1.7042
Radford Semele	Warwick	v	52.2755	-1.4949
Ratley	Stratford-on-Avon	v	52.1239	-1.4434
Radway	Stratford-on-Avon	v	52.1309	-1.4598
Ramsden	West Oxfordshire	v	51.8344	-1.4838
Rumbush	Solihull	v	52.3741	-1.849
Rowney Green	Bromsgrove	v	52.3468	-1.9354
Radford	Wychavon	v	52.1924	-1.9896
Rous Lench	Wychavon	v	52.178	-1.9821
Rendcomb	Cotswold	v	51.7856	-1.9725
Ready Token	Cotswold	v	51.7392	-1.8486
Romsley	Bromsgrove	v	52.4181	-2.0564
Ryall	Malvern Hills	v	52.0678	-2.2041
Rushwick	Malvern Hills	v	52.1815	-2.2661
Ripple	Malvern Hills	v	52.0382	-2.1833
Randwick	Stroud	v	51.7595	-2.2497
Ryeford	Stroud	v	51.7411	-2.2717
Ruscombe	Stroud	v	51.7596	-2.2408
Rock	Wyre Forest	v	52.3393	-2.3948
Ravenhills Green	Malvern Hills	v	52.1847	-2.3818
Rye Street	Malvern Hills	v	52.0169	-2.3129
Redmarley D'Abitot	Forest of Dean	v	51.981	-2.3613
Rodley	Forest of Dean	v	51.8024	-2.3708
Ruspidge	Forest of Dean	v	51.8058	-2.5072
Ruardean	Forest of Dean	v	51.8558	-2.5543
Ruardean Woodside	Forest of Dean	v	51.848	-2.5446
Rockgreen	Shropshire	v	52.3778	-2.7026
Richards Castle	County of Herefordshire	v	52.3228	-2.7443
Risbury	County of Herefordshire	v	52.192	-2.662
Rhaglan	Sir Fynwy - Monmouthshire	v	51.7647	-2.8546
Rockfield	Sir Fynwy - Monmouthshire	v	51.8282	-2.7502
Rhos-goch	Powys - Powys	v	52.1215	-3.1899
Resolfen	Castell-nedd Port Talbot - Neath Port Talbot	v	51.7121	-3.6966
Rhigos	Rhondda Cynon Taf - Rhondda Cynon Taf	v	51.7416	-3.5627
Rhydypennau	Sir Ceredigion - Ceredigion	v	52.4518	-4.0206
Rhandirmwyn	Sir Gaerfyrddin - Carmarthenshire	v	52.0783	-3.7746
Rhosmaen	Sir Gaerfyrddin - Carmarthenshire	v	51.8928	-3.9876
Rhos	Castell-nedd Port Talbot - Neath Port Talbot	v	51.7122	-3.8265
Rhyd-y-gwin	Abertawe - Swansea	v	51.7157	-3.9189
Rhosaman	Sir Gaerfyrddin - Carmarthenshire	v	51.8101	-3.8373
Rhydowen	Sir Ceredigion - Ceredigion	v	52.0841	-4.273
Ram	Sir Gaerfyrddin - Carmarthenshire	v	52.1015	-4.0599
Rhydargaeau	Sir Gaerfyrddin - Carmarthenshire	v	51.9222	-4.2671
Rhydcymerau	Sir Gaerfyrddin - Carmarthenshire	v	52.0306	-4.0753
Rhydlewis	Sir Ceredigion - Ceredigion	v	52.0981	-4.4142
Rhos	Sir Gaerfyrddin - Carmarthenshire	v	51.9928	-4.3568
Rosebush	Sir Benfro - Pembrokeshire	v	51.929	-4.8052
Reynalton	Sir Benfro - Pembrokeshire	v	51.7448	-4.7656
Robeston Wathen	Sir Benfro - Pembrokeshire	v	51.8079	-4.7801
Redberth	Sir Benfro - Pembrokeshire	v	51.7028	-4.7756
Roch	Sir Benfro - Pembrokeshire	v	51.8482	-5.0827
Rosemarket	Sir Benfro - Pembrokeshire	v	51.738	-4.9653
Redbourne	North Lincolnshire	v	53.4877	-0.5354
Riseholme	West Lindsey	v	53.2651	-0.5319
Ragnall	Bassetlaw	v	53.2505	-0.8022
Ropsley	South Kesteven	v	52.8958	-0.5241
Ridlington	Rutland	v	52.6158	-0.7448
Ranby	Bassetlaw	v	53.3253	-1.0269
Ranskill	Bassetlaw	v	53.3826	-1.0147
Rossington	Doncaster	v	53.4789	-1.0614
Rampton	Bassetlaw	v	53.3015	-0.81
Rockley	Bassetlaw	v	53.2649	-0.9277
Rolleston	Newark and Sherwood	v	53.065	-0.8919
Radcliffe on Trent	Rushcliffe	v	52.9469	-1.039
Redmile	Melton	v	52.9107	-0.8153
Rearsby	Charnwood	v	52.7242	-1.0376
Rotherby	Melton	v	52.7425	-1.0005
Ratcliffe on the Wreake	Charnwood	v	52.7251	-1.0679
Ragdale	Melton	v	52.7715	-1.0196
Ravenfield Common	Rotherham	v	53.4381	-1.267
Rhodesia	Bassetlaw	v	53.3144	-1.1549
Ravenfield	Rotherham	v	53.4512	-1.2713
Ridgeway	North East Derbyshire	v	53.3258	-1.3984
Renishaw	North East Derbyshire	v	53.2959	-1.3294
Riddings	Amber Valley	v	53.0687	-1.3658
Rainworth	Newark and Sherwood	v	53.1186	-1.1184
Ravenshead	Gedling	v	53.0853	-1.1665
Ruddington	Rushcliffe	v	52.8925	-1.1495
Rempstone	Rushcliffe	v	52.8146	-1.1396
Ratcliffe on Soar	Rushcliffe	v	52.8595	-1.261
Risley	Erewash	v	52.9159	-1.3198
Ratby	Hinckley and Bosworth	v	52.6483	-1.2453
Ravenstone	North West Leicestershire	v	52.7188	-1.4045
Rothley	Charnwood	v	52.7093	-1.1366
Rowsley	Derbyshire Dales	v	53.1911	-1.6133
Ridgeway	Amber Valley	v	53.0601	-1.4669
Rawson Green	Amber Valley	v	53.0124	-1.4368
Repton	South Derbyshire	v	52.8387	-1.5494
Rolleston on Dove	East Staffordshire	v	52.8465	-1.6502
Rosliston	South Derbyshire	v	52.7483	-1.642
Roston	Derbyshire Dales	v	52.9666	-1.8036
Rangemore	East Staffordshire	v	52.7994	-1.7396
Rocester	East Staffordshire	v	52.9513	-1.841
Rushall	Walsall	v	52.6073	-1.9612
Rawnsley	Cannock Chase	v	52.7065	-1.9732
Rainow	Cheshire East	v	53.281	-2.0751
Rushton Bank	Staffordshire Moorlands	v	53.1596	-2.0986
Rushton Spencer	Staffordshire Moorlands	v	53.1611	-2.0851
Rode Heath	Cheshire East	v	53.1102	-2.2895
Rudyard	Staffordshire Moorlands	v	53.1268	-2.0863
Ranton	Stafford	v	52.813	-2.214
Rostherne	Cheshire East	v	53.3478	-2.387
Rudheath	Cheshire West and Chester	v	53.2527	-2.4885
Rudheath Woods	Cheshire East	v	53.2286	-2.3881
Rease Heath	Cheshire East	v	53.0857	-2.5338
Ravenshall	Newcastle-under-Lyme	v	53.0235	-2.3714
Ravensmoor	Cheshire East	v	53.0517	-2.5677
Rosehill	Shropshire	v	52.8617	-2.513
Ryton	Shropshire	v	52.6208	-2.3556
Rowton	Cheshire West and Chester	v	53.1757	-2.8309
Rodington Heath	Telford and Wrekin	v	52.7274	-2.6157
Rodington	Telford and Wrekin	v	52.7255	-2.6099
Roden	Telford and Wrekin	v	52.7454	-2.6337
Rhosesmor	Sir y Fflint - Flintshire	v	53.2066	-3.1787
Rhydymwyn	Sir y Fflint - Flintshire	v	53.1925	-3.1926
Rhosllannerchrugog	Wrecsam - Wrexham	v	53.0093	-3.0578
Rhosymedre	Wrecsam - Wrexham	v	52.9752	-3.0694
Rhostyllen	Wrecsam - Wrexham	v	53.0319	-3.0195
Ruabon	Wrecsam - Wrexham	v	52.9887	-3.0381
Rossett	Wrecsam - Wrexham	v	53.1098	-2.9433
Ruyton-XI-Towns	Shropshire	v	52.7945	-2.9039
Rhewl	Shropshire	v	52.9024	-3.0326
Rhoswiel	Shropshire	v	52.9186	-3.0487
Rowton	Shropshire	v	52.6985	-2.9407
Rhes-y-cae	Sir y Fflint - Flintshire	v	53.2279	-3.2179
Rhuallt	Sir Ddinbych - Denbighshire	v	53.2647	-3.3893
Rhewl	Sir Ddinbych - Denbighshire	v	53.1314	-3.3306
Rhos-y-brithdir	Powys - Powys	v	52.7978	-3.2827
Rhyd-y-foel	Conwy - Conwy	v	53.2761	-3.6327
Rachub	Gwynedd - Gwynedd	v	53.1914	-4.0606
Rowen	Conwy - Conwy	v	53.2298	-3.8645
Rhos-y-bol	Sir Ynys Mon - Isle of Anglesey	v	53.3701	-4.3666
Rhosgoch	Sir Ynys Mon - Isle of Anglesey	v	53.3737	-4.4006
Rhostrehwfa	Sir Ynys Mon - Isle of Anglesey	v	53.2475	-4.3379
Rhoscefnhir	Sir Ynys Mon - Isle of Anglesey	v	53.2642	-4.2151
Rhos-meirch	Sir Ynys Mon - Isle of Anglesey	v	53.2719	-4.3127
Rhiwlas	Gwynedd - Gwynedd	v	53.1711	-4.1283
Rhoslan	Gwynedd - Gwynedd	v	52.9493	-4.2605
Rhos Isaf	Gwynedd - Gwynedd	v	53.0931	-4.2599
Rhyd-Ddu	Gwynedd - Gwynedd	v	53.0544	-4.1366
Rhostryfan	Gwynedd - Gwynedd	v	53.097	-4.2474
Rhyd-wyn	Sir Ynys Mon - Isle of Anglesey	v	53.3707	-4.5339
Rhosneigr	Sir Ynys Mon - Isle of Anglesey	v	53.228	-4.5189
Rhoscolyn	Sir Ynys Mon - Isle of Anglesey	v	53.2504	-4.5966
R Efail Estate	Sir Ynys Mon - Isle of Anglesey	v	53.2711	-4.5965
Rhiw	Gwynedd - Gwynedd	v	52.8183	-4.6339
Rhos-fawr	Gwynedd - Gwynedd	v	52.9259	-4.4025
Rhyd-y-clafdy	Gwynedd - Gwynedd	v	52.8859	-4.4868
Rhoshirwaun	Gwynedd - Gwynedd	v	52.8298	-4.6874
Ruston	Scarborough	v	54.2348	-0.5311
Rillington	Ryedale	v	54.1579	-0.695
Roxby	North Lincolnshire	v	53.641	-0.6084
Rosedale Abbey	Ryedale	v	54.354	-0.8866
Riccall	Selby	v	53.8335	-1.0599
Rawcliffe Bridge	East Riding of Yorkshire	v	53.6827	-0.9429
Rawcliffe	East Riding of Yorkshire	v	53.6986	-0.9626
Reedness	East Riding of Yorkshire	v	53.6981	-0.7933
Raskelf	Hambleton	v	54.1298	-1.2458
Rufforth	York	v	53.9586	-1.1991
Ryther	Selby	v	53.8461	-1.1651
Romanby	Hambleton	v	54.3331	-1.447
Rainton	Harrogate	v	54.172	-1.4341
Ripley	Harrogate	v	54.0411	-1.5666
Roecliffe	Harrogate	v	54.0873	-1.4273
Rawdon	Leeds	v	53.853	-1.6849
Robin Hood	Leeds	v	53.7434	-1.5083
Ryhill	Wakefield	v	53.6232	-1.418
Redbrook	Barnsley	v	53.5655	-1.5161
Reeth	Richmondshire	v	54.3895	-1.9429
Redmire	Richmondshire	v	54.3167	-1.9306
Ripponden Wood	Calderdale	v	53.6815	-1.9361
Ripponden	Calderdale	v	53.6748	-1.9413
Rishworth	Calderdale	v	53.659	-1.9493
Roughlee	Pendle	v	53.8592	-2.2385
Rylstone	Craven	v	54.024	-2.0482
Rimington	Ribble Valley	v	53.9095	-2.293
Rhodes	Rochdale	v	53.5437	-2.2255
Red Lumb	Rochdale	v	53.6351	-2.2381
Rathmell	Craven	v	54.0341	-2.3106
Rising Bridge	Rossendale	v	53.7256	-2.3324
Ribchester	Ribble Valley	v	53.8137	-2.5319
Read	Ribble Valley	v	53.8063	-2.3545
Runshaw Moor	Chorley	v	53.6729	-2.6961
Roby Mill	West Lancashire	v	53.5589	-2.7292
Rufford	West Lancashire	v	53.6348	-2.8147
Rainford Junction	St. Helens	v	53.5178	-2.7893
Ring o' Bells	West Lancashire	v	53.5913	-2.8208
Roosebeck	South Lakeland	v	54.107	-3.1327
Roa Island	Barrow-in-Furness	v	54.0745	-3.1744
Rosside	South Lakeland	v	54.1972	-3.1146
Rampside	Barrow-in-Furness	v	54.0864	-3.1628
Ravenstown	South Lakeland	v	54.1697	-2.9798
Ravenglass	Copeland	v	54.3545	-3.4086
Ravenscar	Scarborough	v	54.3973	-0.4928
Robin Hood's Bay	Scarborough	v	54.4343	-0.535
Runswick Bay	Scarborough	v	54.5341	-0.7574
Ruswarp	Scarborough	v	54.472	-0.6303
Rudby	Hambleton	v	54.4568	-1.2753
Red Row	Northumberland	v	55.2863	-1.6039
Redworth	Darlington	v	54.6048	-1.6288
Rushyford	County Durham	v	54.6535	-1.5643
Redmarshall	Stockton-on-Tees	v	54.584	-1.4034
Ryton Woodside	Gateshead	v	54.9615	-1.775
Riding Mill	Northumberland	v	54.9478	-1.9734
Rowlands Gill	Gateshead	v	54.9193	-1.7448
Ramshaw	County Durham	v	54.6313	-1.7709
Roddymoor	County Durham	v	54.728	-1.7597
Ravensworth	Richmondshire	v	54.4703	-1.7824
Ridsdale	Northumberland	v	55.1543	-2.1448
Rochester	Northumberland	v	55.2763	-2.2644
Rookhope	County Durham	v	54.7798	-2.0955
Romaldkirk	County Durham	v	54.5936	-2.0102
Redburn	Northumberland	v	54.9752	-2.3591
Ravenstonedale	Eden	v	54.4317	-2.4291
Roadhead	Carlisle	v	55.067	-2.7569
Rowanburn	Dumfries and Galloway	v	55.0855	-2.9285
Renwick	Eden	v	54.7843	-2.6272
Rickerby	Carlisle	v	54.9049	-2.914
Rigg	Dumfries and Galloway	v	54.9899	-3.1081
Rockcliffe	Carlisle	v	54.9427	-2.9982
Rydal	South Lakeland	v	54.445	-2.9789
Rosthwaite	Allerdale	v	54.5178	-3.1485
Ruthwell	Dumfries and Galloway	v	54.9933	-3.4085
Rheda Park	Copeland	v	54.5351	-3.5054
Rowrah	Copeland	v	54.5543	-3.4557
Rockcliffe	Dumfries and Galloway	v	54.8644	-3.793
Ringford	Dumfries and Galloway	v	54.8985	-4.048
Rennington	Northumberland	v	55.4598	-1.6673
Reston	Scottish Borders	v	55.852	-2.1973
Roxburgh	Scottish Borders	v	55.5693	-2.476
Rosewell	Midlothian	v	55.8523	-3.1358
Roslin	Midlothian	v	55.8581	-3.1659
Rumbling Bridge	Perth and Kinross	v	56.1756	-3.583
Ratho	City of Edinburgh	v	55.9217	-3.3804
Romannobridge	Scottish Borders	v	55.7186	-3.3375
Reddingmuirhead	Falkirk	v	55.9812	-3.7383
Redding	Falkirk	v	55.9885	-3.7328
Rumford	Falkirk	v	55.976	-3.7118
Ravenstruther	South Lanarkshire	v	55.6872	-3.7182
Rosebank	South Lanarkshire	v	55.726	-3.9023
Rigside	South Lanarkshire	v	55.5965	-3.7818
Roberton	South Lanarkshire	v	55.5407	-3.6794
Rankinston	East Ayrshire	v	55.3988	-4.4478
Rosneath	Argyll and Bute	v	56.01	-4.8008
Rhu	Argyll and Bute	v	56.0178	-4.7785
Renton	West Dunbartonshire	v	55.973	-4.5842
Roadside of Kinneff	Aberdeenshire	v	56.8813	-2.2573
Redford	Angus	v	56.5876	-2.7126
Ruthven	Angus	v	56.6262	-3.1661
Rait	Perth and Kinross	v	56.4262	-3.2551
Ruthvenfield	Perth and Kinross	v	56.4112	-3.4902
Roybridge	Highland	v	56.8912	-4.8417
Rora	Aberdeenshire	v	57.5457	-1.9057
Rathen	Aberdeenshire	v	57.6377	-2.0019
Rothienorman	Aberdeenshire	v	57.4102	-2.4662
Rathven	Moray	v	57.6776	-2.9341
Rhynie	Aberdeenshire	v	57.3316	-2.8328
Rafford	Moray	v	57.5881	-3.5747
Rosemarkie	Highland	v	57.5918	-4.115
Reraig	Highland	v	57.2824	-5.629
Ratagan	Highland	v	57.221	-5.446
Rodel	Na h-Eileanan an Iar	v	57.743	-6.9655
Ruisgarry	Na h-Eileanan an Iar	v	57.7213	-7.1668
Rubha Ban	Na h-Eileanan an Iar	v	57.0855	-7.306
Reiss	Highland	v	58.4723	-3.1481
Reay	Highland	v	58.56	-3.7664
Rogart	Highland	v	58.0099	-4.1355
Rosehall	Highland	v	57.9809	-4.5886
Ranais	Na h-Eileanan an Iar	v	58.1371	-6.4075
Rapness	Orkney Islands	v	59.2445	-2.8681
Reculver	Canterbury	h	51.3783	1.1977
Ratling	Dover	h	51.2368	1.2095
Ridge Row	Folkestone and Hythe	h	51.1364	1.1509
Rhode Common	Swale	h	51.2712	0.954
Rodmersham	Swale	h	51.3223	0.7627
Reading Street	Ashford	h	51.0422	0.741
Rye Foreign	Rother	h	50.9713	0.7063
Rawreth Shot	Basildon	h	51.6105	0.5566
Round Street	Gravesham	h	51.3891	0.3794
Ridley	Sevenoaks	h	51.3519	0.3212
Rabbit's Cross	Maidstone	h	51.1978	0.5544
Red Hill	Tonbridge and Malling	h	51.261	0.4313
Roughway	Tonbridge and Malling	h	51.2504	0.3137
Riseden	Wealden	h	51.0506	0.3114
Riseden	Tunbridge Wells	h	51.0971	0.4322
Round Green	Tunbridge Wells	h	51.1279	0.5106
Rusher's Cross	Wealden	h	51.0365	0.2886
Russell's Green	Wealden	h	50.8751	0.4157
Rickney	Wealden	h	50.8393	0.3057
Rose Hill	Wealden	h	50.9283	0.0742
Rowley Green	Barnet	h	51.654	-0.2479
Rowfant	Mid Sussex	h	51.1167	-0.1028
Round Bush	Hertsmere	h	51.6718	-0.3449
Rush Green	Buckinghamshire	h	51.5601	-0.5158
Ridgebridge Hill	Waverley	h	51.1673	-0.5179
Ranmore Common	Mole Valley	h	51.241	-0.3631
Rowhook	Horsham	h	51.0957	-0.3979
Roundstreet Common	Chichester	h	51.0476	-0.502
Rackham	Horsham	h	50.9167	-0.5093
Ringsfield	East Suffolk	h	52.4404	1.5368
Rushmere	East Suffolk	h	52.4239	1.6649
Ringsfield Common	East Suffolk	h	52.4258	1.5446
Reydon Smear	East Suffolk	h	52.3456	1.669
Raveningham	South Norfolk	h	52.5192	1.5332
Redenhall	South Norfolk	h	52.4108	1.3277
Road Green	South Norfolk	h	52.4966	1.329
Russel's Green	Mid Suffolk	h	52.3032	1.3022
Rotten End	East Suffolk	h	52.2526	1.4582
Ramsholt	East Suffolk	h	52.0252	1.3667
Rishangles	Mid Suffolk	h	52.2741	1.1658
Ringshall	Mid Suffolk	h	52.1345	0.9821
Raven's Green	Tendring	h	51.8775	1.0589
Row Heath	Tendring	h	51.8346	1.1203
Rushford	Breckland	h	52.3976	0.8265
Roudham	Breckland	h	52.4471	0.8763
Rougham	West Suffolk	h	52.2204	0.7934
Rushbrooke	West Suffolk	h	52.2201	0.7682
Round Maple	Babergh	h	52.057	0.8446
Rose Green	Babergh	h	52.0627	0.8761
Rudley Green	Maldon	h	51.6961	0.6508
Redmere	East Cambridgeshire	h	52.4362	0.4116
Radwinter End	Uttlesford	h	52.0302	0.3568
Row Green	Braintree	h	51.8553	0.537
Rushley Green	Braintree	h	51.9978	0.6009
Rotten End	Braintree	h	51.9378	0.5192
Robinhood End	Braintree	h	52.0005	0.487
Richmond's Green	Uttlesford	h	51.9364	0.3599
Rank's Green	Braintree	h	51.8321	0.5412
Rowney Corner	Uttlesford	h	51.9888	0.3022
Rickling	Uttlesford	h	51.9614	0.18
Rook End	Uttlesford	h	51.9679	0.2572
Roundbush Green	Uttlesford	h	51.8104	0.3071
Ramsey Hollow	Huntingdonshire	h	52.458	-0.0557
Rooks Nest	Stevenage	h	51.925	-0.1917
Redhill	North Hertfordshire	h	51.9799	-0.1089
Redcoats Green	North Hertfordshire	h	51.9253	-0.2448
Reed End	North Hertfordshire	h	52.0104	-0.0332
Rush Green	North Hertfordshire	h	51.8974	-0.2423
Rush Green	East Hertfordshire	h	51.7967	-0.0425
Rootham's Green	Bedford	h	52.2043	-0.3904
Roe End	Dacorum	h	51.8295	-0.4823
Repps	Great Yarmouth	h	52.6961	1.5807
Ridlington Street	North Norfolk	h	52.8193	1.4832
Runhall	South Norfolk	h	52.6268	1.0336
Rush Green	South Norfolk	h	52.6205	1.0673
Runcton Bottom	King's Lynn and West Norfolk	h	52.6502	0.4336
Rigsby	East Lindsey	h	53.256	0.1426
Raithby	East Lindsey	h	53.3433	-0.0385
Reeds Beck	East Lindsey	h	53.1723	-0.204
Ruckland	East Lindsey	h	53.2826	-0.0025
Reedham	East Lindsey	h	53.0883	-0.1427
Reasby	West Lindsey	h	53.3025	-0.3999
Rolston	East Riding of Yorkshire	h	53.8908	-0.1519
Rise	East Riding of Yorkshire	h	53.8626	-0.2453
Rookley Green	Isle of Wight	h	50.649	-1.2814
Roslin	Isle of Wight	h	50.6388	-1.3053
Roud	Isle of Wight	h	50.6201	-1.2728
Rock	Isle of Wight	h	50.6528	-1.3999
Rushton	Dorset	h	50.6784	-2.1713
Rew	Dorset	h	50.7043	-2.5143
Ringstead	Dorset	h	50.6323	-2.3533
Rodden	Dorset	h	50.6564	-2.5517
Redbridge	Dorset	h	50.695	-2.3072
Rousdon	East Devon	h	50.7174	-2.9998
Rickham	South Hams	h	50.2253	-3.7535
Roborough	South Hams	h	50.4468	-4.1182
Rushford	West Devon	h	50.5659	-4.1904
Rame	Cornwall	h	50.323	-4.2135
Rezare	Cornwall	h	50.5752	-4.3166
Redgate	Cornwall	h	50.49	-4.5
Rillaton	Cornwall	h	50.5388	-4.4042
Rosecare	Cornwall	h	50.7336	-4.5992
Retire	Cornwall	h	50.446	-4.8124
Ruthernbridge	Cornwall	h	50.4677	-4.8018
Redpost	Cornwall	h	50.45	-4.5528
Redmoor	Cornwall	h	50.4181	-4.7053
Rosemelling	Cornwall	h	50.3844	-4.7472
Rosevean	Cornwall	h	50.389	-4.7793
Rosevear	Cornwall	h	50.3904	-4.784
Roserrow	Cornwall	h	50.5668	-4.8967
Rosenannon	Cornwall	h	50.4586	-4.8817
Ruthvoes	Cornwall	h	50.4081	-4.9223
Rescassa	Cornwall	h	50.2485	-4.8308
Rejerrah	Cornwall	h	50.3644	-5.0905
Reskivers	Cornwall	h	50.2607	-4.915
Rosenithon	Cornwall	h	50.0508	-5.072
Ruan High Lanes	Cornwall	h	50.2224	-4.942
Roscroggan	Cornwall	h	50.233	-5.2966
Reskadinnick	Cornwall	h	50.2261	-5.3169
Rose-in-the-bush	Cornwall	h	50.0822	-5.2372
Roseworthy	Cornwall	h	50.2095	-5.3409
Rinsey	Cornwall	h	50.097	-5.366
Rosemergy	Cornwall	h	50.1705	-5.6172
Rose Hill	Buckinghamshire	h	51.5461	-0.6738
Redlands	Hart	h	51.2358	-0.8473
River	Chichester	h	50.9963	-0.6619
Redford	Chichester	h	51.0291	-0.7726
Remenham	Wokingham	h	51.5508	-0.8903
Rout's Green	Buckinghamshire	h	51.682	-0.8627
Rockwell End	Buckinghamshire	h	51.5865	-0.8529
Rokemarsh	South Oxfordshire	h	51.6316	-1.103
Rotten Row	Buckinghamshire	h	51.5731	-0.8493
Racton	Chichester	h	50.8785	-0.8896
Ratlake	Test Valley	h	51.0087	-1.4082
Roughdown	New Forest	h	50.8198	-1.3876
Radcot	West Oxfordshire	h	51.6955	-1.5888
Rivar	Wiltshire	h	51.3537	-1.5449
Ram Alley	Wiltshire	h	51.3656	-1.6854
Rudge	Wiltshire	h	51.4178	-1.6101
Red Rice	Test Valley	h	51.1762	-1.5179
Redenham	Test Valley	h	51.2431	-1.5705
Ramridge Park	Test Valley	h	51.229	-1.5544
Restrop	Wiltshire	h	51.5805	-1.8841
Roundway	Wiltshire	h	51.368	-1.9808
Redbrook	New Forest	h	50.9193	-1.7868
Rodbourne	Wiltshire	h	51.5492	-2.0956
Rodbourne Bottom	Wiltshire	h	51.543	-2.0934
Redstocks	Wiltshire	h	51.3624	-2.0994
Ratford	Wiltshire	h	51.448	-2.0289
Reybridge	Wiltshire	h	51.4211	-2.1179
Ridge	Wiltshire	h	51.0874	-2.067
Rockstowes	Stroud	h	51.6788	-2.3224
Ridgeway	Mendip	h	51.2051	-2.3611
Riding Gate	South Somerset	h	51.0664	-2.3799
Rodgrove	South Somerset	h	51.0204	-2.3699
Rivers' Corner	Dorset	h	50.9131	-2.3192
Rew	Dorset	h	50.8476	-2.4297
Redford	Dorset	h	50.8494	-2.5591
Ridge	Bath and North East Somerset	h	51.3025	-2.6438
Rowberrow	Sedgemoor	h	51.3206	-2.7898
Roundham	South Somerset	h	50.8829	-2.8168
Rolstone	North Somerset	h	51.3566	-2.8778
Rydon	Sedgemoor	h	51.0622	-3.0164
Rock	South Somerset	h	50.9999	-2.9596
Rhode	Sedgemoor	h	51.1055	-3.0352
Radlet	Sedgemoor	h	51.1375	-3.1305
Rowford	Somerset West and Taunton	h	51.046	-3.0895
Royston Water	Somerset West and Taunton	h	50.9105	-3.0984
Rock	East Devon	h	50.8169	-3.0301
Rapps	South Somerset	h	50.9493	-2.9441
Rhiwsaeson	Rhondda Cynon Taf - Rhondda Cynon Taf	h	51.5361	-3.3416
Rhydri	Caerffili - Caerphilly	h	51.572	-3.1668
Rock	Caerffili - Caerphilly	h	51.6825	-3.187
Rook's Nest	Somerset West and Taunton	h	51.0926	-3.3012
Rumwell	Somerset West and Taunton	h	51.0066	-3.1505
Rodhuish	Somerset West and Taunton	h	51.1481	-3.4147
Rich's Holford	Somerset West and Taunton	h	51.0991	-3.2217
Runnington	Somerset West and Taunton	h	50.9902	-3.2604
Red Ball	Mid Devon	h	50.9457	-3.2994
Ruggin	Somerset West and Taunton	h	50.9618	-3.1664
Rosemary Lane	Mid Devon	h	50.924	-3.199
Roachill	North Devon	h	50.9932	-3.643
Rockford	North Devon	h	51.2152	-3.7824
Romansleigh	North Devon	h	50.9704	-3.8127
Red Post	Cornwall	h	50.8189	-4.4662
Radstone	West Northamptonshire	h	52.0606	-1.1474
Rousham	West Oxfordshire	h	51.9137	-1.3098
Radford	West Oxfordshire	h	51.9125	-1.4076
Red Hill	North Warwickshire	h	52.4747	-1.5752
Reeves Green	Solihull	h	52.3988	-1.614
Rushbrook	Stratford-on-Avon	h	52.3391	-1.8616
Rotten Row	Solihull	h	52.3767	-1.7319
Red Hill	Birmingham	h	52.3875	-1.9351
Rookery	Warwick	h	52.2989	-1.7327
Rushford	Stratford-on-Avon	h	52.164	-1.9191
Red Hill	Stratford-on-Avon	h	52.2027	-1.7963
Red Cross	Bromsgrove	h	52.3393	-2.0792
Rhydd Green	Malvern Hills	h	52.1031	-2.2458
Ramsden	Wychavon	h	52.1154	-2.1143
Rhydd	Malvern Hills	h	52.104	-2.2421
Rudge Heath	Shropshire	h	52.5588	-2.3039
Rindleford	Shropshire	h	52.5573	-2.3869
Roughton	Shropshire	h	52.545	-2.3661
Ribbesford	Wyre Forest	h	52.3637	-2.3146
Rochford	Malvern Hills	h	52.3125	-2.5452
Ridgeway Cross	County of Herefordshire	h	52.1233	-2.4217
Rudford	Forest of Dean	h	51.8912	-2.3255
Ryeford	County of Herefordshire	h	51.9009	-2.5235
Ryton	Forest of Dean	h	51.9867	-2.3942
Rushall	County of Herefordshire	h	52.0118	-2.5258
Rowland's Green	County of Herefordshire	h	52.0285	-2.4573
Rudhall	County of Herefordshire	h	51.9268	-2.5429
Roman Bank	Shropshire	h	52.5147	-2.7102
Ragdon	Shropshire	h	52.52	-2.8015
Rushbury	Shropshire	h	52.5233	-2.718
Ratlinghope	Shropshire	h	52.5649	-2.8831
Ryelands	County of Herefordshire	h	52.2201	-2.7492
Ridge Hill	County of Herefordshire	h	52.0202	-2.7117
Redinhorne	Forest of Dean	h	51.8365	-2.6325
Ruxton Green	County of Herefordshire	h	51.8713	-2.6679
Round Oak	Shropshire	h	52.4584	-2.8881
Ridgway	Shropshire	h	52.4725	-2.89
Rhos-y-meirch	Powys - Powys	h	52.3167	-3.0644
Rockhill	Shropshire	h	52.4042	-3.0479
Rodd Hurst	County of Herefordshire	h	52.2559	-2.9918
Rushock	County of Herefordshire	h	52.2191	-3.0149
Rhydspence	County of Herefordshire	h	52.1192	-3.1066
Rowlestone	County of Herefordshire	h	51.9394	-2.9128
Rhadyr	Sir Fynwy - Monmouthshire	h	51.7147	-2.9217
Rhiw-lâs	Sir Fynwy - Monmouthshire	h	51.7596	-2.8857
Rhulen	Powys - Powys	h	52.1407	-3.2612
Rhes Newydd	Sir Ceredigion - Ceredigion	h	52.3435	-3.8685
Rhos-y-garth	Sir Ceredigion - Ceredigion	h	52.3375	-4.0054
Rhyd-y-saint	Sir Gaerfyrddin - Carmarthenshire	h	51.9167	-3.8718
Rhydroser	Sir Ceredigion - Ceredigion	h	52.2892	-4.1082
Rhydgaled	Sir Ceredigion - Ceredigion	h	52.3699	-4.0859
Rhuddlan	Sir Ceredigion - Ceredigion	h	52.0651	-4.2003
Rhyd	Sir Ceredigion - Ceredigion	h	52.0569	-4.5534
Rhos-y-llyn	Sir Benfro - Pembrokeshire	h	51.9633	-4.5576
Rhos-gosh	Sir Gaerfyrddin - Carmarthenshire	h	51.7762	-4.6059
Rhosfach	Sir Benfro - Pembrokeshire	h	51.9201	-4.7427
Rhydowen	Sir Gaerfyrddin - Carmarthenshire	h	51.9252	-4.6238
Robeston Back	Sir Benfro - Pembrokeshire	h	51.8025	-4.7952
Rhydywrach	Sir Gaerfyrddin - Carmarthenshire	h	51.8471	-4.661
Rhosycaerau	Sir Benfro - Pembrokeshire	h	51.9988	-5.0316
Robeston West	Sir Benfro - Pembrokeshire	h	51.744	-5.0583
Rhodiad-y-Brenin	Sir Benfro - Pembrokeshire	h	51.898	-5.2474
Rufford	Newark and Sherwood	h	53.1838	-1.0275
Rolleston	Harborough	h	52.5968	-0.9218
Rowthorne	Bolsover	h	53.1789	-1.285
Red Hill	Gedling	h	53.0198	-1.1309
Ringinglow	Sheffield	h	53.3496	-1.5653
Riddings	North East Derbyshire	h	53.2404	-1.523
Rowland	Derbyshire Dales	h	53.2491	-1.6814
Riber	Derbyshire Dales	h	53.1266	-1.5407
Radbourne Common	South Derbyshire	h	52.9339	-1.5636
Rowarth	High Peak	h	53.3979	-1.9849
Rakeway	Staffordshire Moorlands	h	52.9765	-1.9727
Rue Hill	Staffordshire Moorlands	h	53.0269	-1.8745
Ramshorn	East Staffordshire	h	53.0054	-1.8757
Radmore Wood	East Staffordshire	h	52.823	-1.8643
Rileyhill	Lichfield	h	52.7335	-1.8271
Rainowlow	Cheshire East	h	53.2918	-2.0699
Radnor	Cheshire East	h	53.1758	-2.253
Ryecroft Gate	Staffordshire Moorlands	h	53.1521	-2.0923
Rodeheath	Cheshire East	h	53.2002	-2.1982
Rownall	Staffordshire Moorlands	h	53.0432	-2.0731
Ridgeway	City of Stoke-on-Trent	h	53.0807	-2.166
Ranton Green	Stafford	h	52.803	-2.2296
Rodbaston	South Staffordshire	h	52.7056	-2.1165
Radmoor	Shropshire	h	52.819	-2.5553
Red Bull	Newcastle-under-Lyme	h	52.916	-2.4412
Ridgwardine	Shropshire	h	52.9398	-2.4771
Rushmoor	Telford and Wrekin	h	52.7176	-2.5716
Rowton	Telford and Wrekin	h	52.7755	-2.5747
Rushton	Shropshire	h	52.6704	-2.5865
Rushton	Cheshire West and Chester	h	53.1702	-2.6247
Ruloe	Cheshire West and Chester	h	53.2515	-2.6265
Radmore Green	Cheshire East	h	53.0933	-2.607
Ridleywood	Wrecsam - Wrexham	h	53.0574	-2.8963
Redbrook	Wrecsam - Wrexham	h	52.9657	-2.7337
Ryebank	Shropshire	h	52.8732	-2.7244
Ruewood	Shropshire	h	52.8445	-2.7448
Rowe	Shropshire	h	52.9113	-2.8193
Redhill	Shropshire	h	52.6815	-2.7874
Ruckley	Shropshire	h	52.597	-2.6896
Rosehill	Shropshire	h	52.7367	-2.7775
Roughhill	Cheshire West and Chester	h	53.1544	-2.9213
Raby	Wirral	h	53.3114	-3.0359
Rockcliffe	Sir y Fflint - Flintshire	h	53.2331	-3.0925
Rhosymadoc	Wrecsam - Wrexham	h	52.9716	-3.0236
Rhydtalog	Sir y Fflint - Flintshire	h	53.0864	-3.1442
Rhyn	Shropshire	h	52.927	-3.0292
Rhosygadfa	Shropshire	h	52.906	-3.0093
Rhos	Shropshire	h	52.9144	-3.0825
Rhydycroesau	Shropshire	h	52.869	-3.1274
Reabrook	Shropshire	h	52.6336	-2.9437
Rowley	Shropshire	h	52.6525	-3.0263
Rorrington	Shropshire	h	52.5991	-3.034
Rhos	Powys - Powys	h	52.7502	-3.074
Rhôs	Sir Ddinbych - Denbighshire	h	53.1451	-3.313
Rhewl	Sir Ddinbych - Denbighshire	h	53.1505	-3.4014
Rhyd-y-meudwy	Sir Ddinbych - Denbighshire	h	53.0494	-3.3023
Rhewl	Sir Ddinbych - Denbighshire	h	52.9941	-3.2247
Rhiwlas	Powys - Powys	h	52.8806	-3.1931
Rhiw	Conwy - Conwy	h	53.1662	-3.5256
Rhydlydan	Conwy - Conwy	h	53.0433	-3.6527
Rhiwlas	Gwynedd - Gwynedd	h	52.9221	-3.5999
Rhyd-uchaf	Gwynedd - Gwynedd	h	52.9269	-3.6371
Rhydymain	Gwynedd - Gwynedd	h	52.783	-3.7747
Rhosdylluan	Gwynedd - Gwynedd	h	52.8469	-3.6972
Rhyd	Powys - Powys	h	52.5934	-3.5157
Rhyd	Gwynedd - Gwynedd	h	52.9573	-4.0306
Rhiwddolion	Conwy - Conwy	h	53.0871	-3.8347
Rhyd-yr-onen	Gwynedd - Gwynedd	h	52.5991	-4.0422
Rhiwen	Gwynedd - Gwynedd	h	53.1507	-4.1344
Rhos Llaniestyn	Sir Ynys Mon - Isle of Anglesey	h	53.2935	-4.1262
Rhoslefain	Gwynedd - Gwynedd	h	52.63	-4.1047
Rhos-ddû	Gwynedd - Gwynedd	h	52.8852	-4.5886
Rhôs-porth-ychain	Gwynedd - Gwynedd	h	52.8921	-4.6571
Rascal Moor	East Riding of Yorkshire	h	53.8221	-0.76
Raywell	East Riding of Yorkshire	h	53.7633	-0.499
Rowley	East Riding of Yorkshire	h	53.7806	-0.5216
Ryton	Ryedale	h	54.1713	-0.7888
Rievaulx	Ryedale	h	54.2595	-1.1154
Rookwith	Hambleton	h	54.2737	-1.6866
Ringbeck	Harrogate	h	54.1654	-1.6696
Risplith	Harrogate	h	54.1138	-1.6296
Rotherford	Harrogate	h	53.9067	-1.6229
Royds Green	Leeds	h	53.7358	-1.4635
Roughbirchworth	Barnsley	h	53.5099	-1.6052
Roydhouse	Kirklees	h	53.608	-1.6754
Ramsgill	Harrogate	h	54.136	-1.8202
Ryecroft	Bradford	h	53.8396	-1.8856
Rakewood	Rochdale	h	53.6258	-2.0856
Rhodes Green	Rochdale	h	53.5489	-2.2322
Rough Knarr	Oldham	h	53.5599	-2.03
Routster	Craven	h	54.064	-2.3547
Riley Green	Chorley	h	53.7243	-2.5751
Ryal Fold	Blackburn with Darwen	h	53.6892	-2.509
Roach Bridge	South Ribble	h	53.7506	-2.6077
Rivington	Chorley	h	53.6255	-2.5666
Row	South Lakeland	h	54.2958	-2.8445
Rowell	South Lakeland	h	54.2372	-2.7475
Red Bridge	Lancaster	h	54.1756	-2.8067
Ratten Row	Wyre	h	53.8663	-2.8687
Roseacre	Fylde	h	53.8282	-2.8711
Red Rock	Wigan	h	53.5841	-2.6287
Royal Oak	West Lancashire	h	53.5262	-2.8796
Robin Hood	West Lancashire	h	53.5987	-2.7255
Rusland Cross	South Lakeland	h	54.2909	-3.0149
Roger Ground	South Lakeland	h	54.3685	-3.0009
Raithwaite	Scarborough	h	54.4927	-0.6606
Raw	Scarborough	h	54.4353	-0.5584
Roxby	Scarborough	h	54.5325	-0.8226
Rothley	Northumberland	h	55.1874	-1.9367
Ryal	Northumberland	h	55.0628	-1.9774
Riding Lea	Northumberland	h	54.9506	-1.9881
Rowley	County Durham	h	54.8263	-1.8652
Raby	County Durham	h	54.5926	-1.8011
Redford	County Durham	h	54.6725	-1.8879
Redesmouth	Northumberland	h	55.1346	-2.2124
Ramshaw	County Durham	h	54.8211	-2.0785
Ruffside	County Durham	h	54.8607	-2.0131
Rookby	Eden	h	54.4936	-2.3074
Ridley	Northumberland	h	54.9686	-2.3242
Roachburn	Carlisle	h	54.9307	-2.6023
Raisbeck	Eden	h	54.4618	-2.5475
Reagill	Eden	h	54.5518	-2.6141
Roundthwaite	Eden	h	54.4237	-2.604
Ruckcroft	Eden	h	54.7912	-2.729
Ruleholme	Carlisle	h	54.9303	-2.7998
Red Hills	Eden	h	54.6501	-2.7692
Rosgill	Eden	h	54.5446	-2.7163
Rockcliffe Cross	Carlisle	h	54.9551	-3.0239
Red Dial	Allerdale	h	54.8037	-3.1595
Raughton Head	Carlisle	h	54.8011	-2.9679
Raughton	Carlisle	h	54.8185	-2.9475
Rosley	Allerdale	h	54.7978	-3.06
Ruthwaite	Allerdale	h	54.7199	-3.1855
Racks	Dumfries and Galloway	h	55.054	-3.5154
Roucan	Dumfries and Galloway	h	55.0855	-3.5275
Raby	Allerdale	h	54.8535	-3.2667
Risehow	Allerdale	h	54.7001	-3.5121
Redmain	Allerdale	h	54.692	-3.3402
Rottington	Copeland	h	54.5033	-3.604
Rerrick High Row	Dumfries and Galloway	h	54.8018	-3.9313
Rock	Northumberland	h	55.4751	-1.6793
Radcliffe	Northumberland	h	55.3154	-1.5796
Ross	Northumberland	h	55.6265	-1.7916
Roddam	Northumberland	h	55.4773	-1.9625
Redpath	Scottish Borders	h	55.6139	-2.661
Roberton	Scottish Borders	h	55.4191	-2.8974
Redscarhead	Scottish Borders	h	55.6842	-3.2101
Roundstonefoot	Dumfries and Galloway	h	55.3629	-3.3581
Roughrigg	North Lanarkshire	h	55.9147	-3.8804
Riggend	North Lanarkshire	h	55.9089	-3.978
Rogerton	South Lanarkshire	h	55.7845	-4.1877
Rahane	Argyll and Bute	h	56.044	-4.8329
Roan of Craigoch	South Ayrshire	h	55.304	-4.6845
Ruglen	South Ayrshire	h	55.3028	-4.6806
Redcloak	Aberdeenshire	h	56.9767	-2.2431
Rickarton	Aberdeenshire	h	56.9932	-2.3026
Roadside of Catterline	Aberdeenshire	h	56.9023	-2.2331
Rosehill	Aberdeenshire	h	56.7917	-2.571
Rossie Mills	Angus	h	56.6975	-2.498
Rosehill	Aberdeenshire	h	57.0863	-2.7621
Rescobie	Angus	h	56.6566	-2.8113
Radernie	Fife	h	56.2762	-2.8645
Rathillet	Fife	h	56.3762	-3.0395
Redgorton	Perth and Kinross	h	56.4429	-3.4799
Rhynd	Perth and Kinross	h	56.3656	-3.3652
Ruthven	Highland	h	57.07	-4.0427
Rannoch	Perth and Kinross	h	56.685	-4.5764
Riverside of Blairs	Aberdeenshire	h	57.1017	-2.1952
Redhill	Aberdeenshire	h	57.1279	-2.3574
Ruthven	Aberdeenshire	h	57.5098	-2.8273
Robertstown	Moray	h	57.4805	-3.2651
Rechlerich	Moray	h	57.4274	-3.3169
Roughpark	Aberdeenshire	h	57.1951	-3.0932
Red Craig	Moray	h	57.5962	-3.6496
Rockfield	Highland	h	57.8221	-3.8145
Rhynie	Highland	h	57.7878	-3.9379
Redstone	Moray	h	57.5686	-3.684
Regoul	Highland	h	57.5396	-3.8661
Raigbeg	Highland	h	57.3364	-3.9791
Resolis	Highland	h	57.6567	-4.2355
Redcastle	Highland	h	57.5135	-4.3674
Rheindown	Highland	h	57.495	-4.4715
Rychraggan	Highland	h	57.3403	-4.5488
Ruigh'riabhach	Highland	h	57.9041	-5.3313
Rhue	Highland	h	57.9227	-5.2115
Redpoint	Highland	h	57.6581	-5.8061
Rhenetra	Highland	h	57.4804	-6.2938
Roag	Highland	h	57.4042	-6.5456
Roskhill	Highland	h	57.4119	-6.5323
Rhughasinish	Na h-Eileanan an Iar	h	57.3841	-7.3165
Rubha Dubh	Na h-Eileanan an Iar	h	57.4912	-7.2562
Ruthers of Howe	Highland	h	58.5465	-3.2101
Roster	Highland	h	58.3382	-3.262
Roadside	Highland	h	58.5265	-3.4531
Rhitongue	Highland	h	58.4988	-4.4036
Rhian Breck	Highland	h	58.0104	-4.3718
Rhinamain	Highland	h	58.0128	-4.3969
Rhuvoult	Highland	h	58.4461	-5.0108
Rhiconich	Highland	h	58.4258	-4.9868
Raffin	Highland	h	58.2325	-5.376
Reinigeadal	Na h-Eileanan an Iar	h	57.9188	-6.6815
Riof	Na h-Eileanan an Iar	h	58.2045	-6.9242
Runn	Shetland Islands	h	59.985	-1.3142
Rerwick	Shetland Islands	h	59.9594	-1.3291
Richborough Port	Dover	o	51.3084	1.3488
Rowling Street	Ashford	o	51.0944	0.8847
Ringlestone	Maidstone	o	51.2702	0.6921
Rainham	Havering	o	51.5187	0.1899
Romford	Havering	o	51.5807	0.185
Risley Close	Merton	o	51.393	-0.1978
Ruislip	Hillingdon	o	51.5769	-0.4271
Richmond upon Thames		o	51.4596	-0.3064
Riverhill	Chichester	o	50.982	-0.5738
Rustington	Arun	o	50.8105	-0.5082
River Bank	East Cambridgeshire	o	52.2971	0.2449
Reach	Fenland	o	52.5512	-0.1464
Rusling End	North Hertfordshire	o	51.8781	-0.2452
Ranby	East Lindsey	o	53.29	-0.1551
Rogues Alley	Fenland	o	52.631	0.0255
Rand	West Lindsey	o	53.2947	-0.3439
Rimswell	East Riding of Yorkshire	o	53.7353	-0.0066
Reighton Sands	Scarborough	o	54.1695	-0.2566
Rotsea	East Riding of Yorkshire	o	53.9512	-0.3806
Rundlestone	West Devon	o	50.5571	-4.015
Roseworthy	Cornwall	o	50.2861	-5.0934
Ruan Major	Cornwall	o	50.0036	-5.2053
Ridgeway Parade	Hart	o	51.2644	-0.8402
Ropley Soke	East Hampshire	o	51.1002	-1.071
Row Ash	Winchester	o	50.9173	-1.2246
Rockley	Wiltshire	o	51.4444	-1.7627
Rockford	New Forest	o	50.8745	-1.7707
Raddington	Somerset West and Taunton	o	51.0241	-3.3988
Ruthin	Bro Morgannwg - the Vale of Glamorgan	o	51.5055	-3.4893
Redmonsford	Torridge	o	50.9153	-4.418
Rossway Park	Dacorum	o	51.7566	-0.6125
Radfordbridge	West Oxfordshire	o	51.9097	-1.415
Ridge Hill	Dudley	o	52.4834	-2.1561
Rashwood	Wychavon	o	52.2838	-2.1255
Rushock	Wyre Forest	o	52.3359	-2.1756
Romsley	Shropshire	o	52.4451	-2.3235
Rodd	County of Herefordshire	o	52.2577	-2.9937
Rudbaxton	Sir Benfro - Pembrokeshire	o	51.8463	-4.9615
Rhydygele	Sir Benfro - Pembrokeshire	o	51.8773	-5.1112
Robeston Cross	Sir Benfro - Pembrokeshire	o	51.7437	-5.0566
Rhoscrowther	Sir Benfro - Pembrokeshire	o	51.6785	-5.0322
Rhosson	Sir Benfro - Pembrokeshire	o	51.8807	-5.2987
Redmay Corner	Newark and Sherwood	o	53.1667	-0.7336
Rylah	Bolsover	o	53.2066	-1.3013
Robin Hood	Derbyshire Dales	o	53.2453	-1.5822
Rumbling Street	North East Derbyshire	o	53.2724	-1.5178
Ravensnest	North East Derbyshire	o	53.1479	-1.4824
Rodsley	Derbyshire Dales	o	52.9579	-1.6969
Radbourne	South Derbyshire	o	52.9225	-1.5794
Ribden	Staffordshire Moorlands	o	53.0202	-1.8889
Reddish	Stockport	o	53.4376	-2.1598
Radway Green	Cheshire East	o	53.0879	-2.3331
Redhill	Shropshire	o	52.6949	-2.404
Ridley	Cheshire East	o	53.0879	-2.6665
Rhŷd-y-ceirw	Sir y Fflint - Flintshire	o	53.1011	-3.1448
Rackery	Wrecsam - Wrexham	o	53.1067	-2.9912
Rednal	Shropshire	o	52.846	-2.9444
Rhos Common	Powys - Powys	o	52.7569	-3.0685
Rhiwbebyll	Sir Ddinbych - Denbighshire	o	53.1818	-3.3104
Rhydgaled	Conwy - Conwy	o	53.1707	-3.5046
Rhos-y-gwaliau	Gwynedd - Gwynedd	o	52.8987	-3.572
Rhôs-y-llan	Gwynedd - Gwynedd	o	52.9084	-4.6227
Rhydlios	Gwynedd - Gwynedd	o	52.8383	-4.7034
Riplingham	East Riding of Yorkshire	o	53.7745	-0.5486
Ross Moor	East Riding of Yorkshire	o	53.8946	-0.8936
Rain Shore	Rochdale	o	53.6337	-2.2241
Ribblehead	Craven	o	54.2068	-2.3638
Ribby	Fylde	o	53.7803	-2.8983
Rusland	South Lakeland	o	54.2962	-3.0265
Regent Street	County Durham	o	54.6457	-1.6515
Royal Oak	Darlington	o	54.6069	-1.6802
Rosewain	Allerdale	o	54.8323	-3.1136
Rannerdale	Allerdale	o	54.5575	-3.296
Rosebery Place	East Lothian	o	56.0339	-2.8344
Roxburgh's Court	City of Edinburgh	o	55.9501	-3.191
Rosyth	Fife	o	56.036	-3.4165
Riccarton	City of Edinburgh	o	55.912	-3.3126
Rowardennan	Stirling	o	56.1517	-4.6425
Ruskie	Stirling	o	56.1812	-4.216
Ruaig	Argyll and Bute	o	56.5316	-6.7762
Redford	Moray	o	57.3301	-2.9922
Redburn	Highland	o	57.501	-3.7665
Redburn	Highland	o	57.8269	-4.144
Rhinamain	Highland	o	57.9095	-4.3403
Rearquhar	Highland	o	57.9081	-4.1385
Rhicullen	Highland	o	57.7163	-4.1886
Reiskmore	Highland	o	57.7237	-4.1583
Raddery	Highland	o	57.6072	-4.159
Rhelonie	Highland	o	57.9427	-4.4408
Ruilick	Highland	o	57.4897	-4.4876
Ruisaurie	Highland	o	57.4777	-4.4993
Ramasaig	Highland	o	57.4006	-6.7235
Rinnigill	Orkney Islands	o	58.8254	-3.1854
Rackwick	Orkney Islands	o	58.8733	-3.3862
Rattar	Highland	o	58.6394	-3.2666
Reaster	Highland	o	58.57	-3.2735
Ramscraigs	Highland	o	58.2242	-3.4646
Rhilochan	Highland	o	58.033	-4.128
Reiff	Highland	o	58.0671	-5.4437
Rusness	Orkney Islands	o	59.2817	-2.4609
Rothiesholm	Orkney Islands	o	59.0962	-2.6609
Rackwick	Orkney Islands	o	59.3348	-2.9714
Rendall	Orkney Islands	o	59.0745	-3.0608
Russland	Orkney Islands	o	59.0408	-3.2154
Reawick	Shetland Islands	o	60.1838	-1.4097
Ramnageo	Shetland Islands	o	60.6794	-0.8546
