Folkestone	Folkestone and Hythe	t	51.0817	1.1803
Faversham	Swale	t	51.3153	0.8918
Framlingham	East Suffolk	t	52.2211	1.342
Felixstowe	East Suffolk	t	51.9637	1.3518
Frinton-on-Sea	Tendring	t	51.8325	1.2453
Flitwick	Central Bedfordshire	t	52.0031	-0.4952
Fakenham	North Norfolk	t	52.8301	0.8472
Filey	Scarborough	t	54.2102	-0.2913
Fortuneswell	Dorset	t	50.5588	-2.4415
Fowey	Cornwall	t	50.3352	-4.6352
Falmouth	Cornwall	t	50.1535	-5.0741
Fleet	Hart	t	51.2803	-0.8432
Farnham	Waverley	t	51.215	-0.7989
Farnborough	Rushmoor	t	51.2904	-0.7547
Frimley	Surrey Heath	t	51.3149	-0.7396
Fareham		t	50.8523	-1.1759
Faringdon	Vale of White Horse	t	51.6581	-1.5836
Fordingbridge	New Forest	t	50.9275	-1.7898
Ferndown	Dorset	t	50.8013	-1.8902
Filton	South Gloucestershire	t	51.5107	-2.573
Frome	Mendip	t	51.231	-2.3218
Ferndale	Rhondda Cynon Taf - Rhondda Cynon Taf	t	51.6618	-3.4484
Fairford	Cotswold	t	51.7075	-1.7813
Fazeley	Lichfield	t	52.6148	-1.6995
Frodsham	Cheshire West and Chester	t	53.2947	-2.7289
Featherstone	Wakefield	t	53.6746	-1.3592
Failsworth	Oldham	t	53.5086	-2.163
Farnworth	Bolton	t	53.5505	-2.3958
Freckleton	Fylde	t	53.7546	-2.8652
Fulwood	Preston	t	53.7911	-2.7135
Fleetwood	Wyre	t	53.9137	-3.0344
Formby	Sefton	t	53.5571	-3.0601
Ferryhill	County Durham	t	54.6891	-1.5569
Falkirk		t	55.9993	-3.7848
Forfar	Angus	t	56.6441	-2.889
Falkland	Fife	t	56.252	-3.2067
Fraserburgh	Aberdeenshire	t	57.6935	-2.0051
Findochty	Moray	t	57.6981	-2.9015
Forres	Moray	t	57.6102	-3.6128
Fortrose	Highland	t	57.5816	-4.1308
Foord	Folkestone and Hythe	a	51.0883	1.1837
Four Oaks	Rother	a	50.987	0.6507
Felmore	Basildon	a	51.58	0.5088
Fryerns	Basildon	a	51.5775	0.4786
Frindsbury	Medway	a	51.4016	0.4948
Friday Street	Eastbourne	a	50.8099	0.2992
Fairlop	Redbridge	a	51.5975	0.0984
Forest Gate	Newham	a	51.5493	0.0224
Fullwell Cross	Redbridge	a	51.5939	0.0845
Fleet-Downs	Dartford	a	51.4372	0.2421
Falconwood	Bexley	a	51.4606	0.0898
Farnborough	Bromley	a	51.3595	0.0719
Foots Cray	Bexley	a	51.42	0.1199
Fig Street	Sevenoaks	a	51.2569	0.177
Fortis Green	Haringey	a	51.5866	-0.1519
Friday Hill	Waltham Forest	a	51.6221	0.0083
Forty Hill	Enfield	a	51.6658	-0.0737
Finsbury	Islington	a	51.529	-0.1102
Freezy Water	Enfield	a	51.6712	-0.0302
Fitzrovia	Camden	a	51.5214	-0.1378
Finsbury Park	Islington	a	51.5645	-0.1089
Forest Hill	Lewisham	a	51.4396	-0.0521
Furzedown	Wandsworth	a	51.421	-0.1529
Forestdale	Croydon	a	51.347	-0.0422
Furnace Green	Crawley	a	51.1092	-0.1698
Forge Wood	Crawley	a	51.1388	-0.1471
Franklands Village	Mid Sussex	a	50.9968	-0.0852
Fox Hill	Mid Sussex	a	50.9843	-0.0991
Fairmile	Elmbridge	a	51.3389	-0.394
Felthamhill	Spelthorne	a	51.4283	-0.423
Fan Grove	Runnymede	a	51.3847	-0.5408
Fetcham Grove	Mole Valley	a	51.2933	-0.3351
Findon Valley	Worthing	a	50.8458	-0.3954
Fen Street	Breckland	a	52.4819	1.0215
Foundry Corner	Breckland	a	52.5055	1.0299
Fengate	Breckland	a	52.4603	0.6107
Fengate	City of Peterborough	a	52.5731	-0.2168
Fishers Green	Stevenage	a	51.9201	-0.2225
Flamstead End	Broxbourne	a	51.7134	-0.0512
Fenlake	Bedford	a	52.1269	-0.4546
Farley Hill	Luton	a	51.8723	-0.4336
Fleetville	St. Albans	a	51.7559	-0.3059
Farleygreen	Luton	a	51.8669	-0.4332
Frogmore End	Dacorum	a	51.7392	-0.4692
Fiddler's Hill	St. Albans	a	51.8318	-0.3844
Felden	Dacorum	a	51.7331	-0.4943
Fair Green	King's Lynn and West Norfolk	a	52.7251	0.451
Fairstead	King's Lynn and West Norfolk	a	52.7502	0.4373
Frampton Fen	Boston	a	52.9616	-0.0944
Fulney	South Holland	a	52.7982	-0.135
Fen End	South Holland	a	52.8998	-0.2102
Falsgrave	Scarborough	a	54.2735	-0.4156
Fernhill	Isle of Wight	a	50.723	-1.2381
Fairlee	Isle of Wight	a	50.7102	-1.2825
Freshwater Bay	Isle of Wight	a	50.6714	-1.5134
Friars Cliff	"Bournemouth, Christchurch and Poole"	a	50.734	-1.7305
Fairmile	"Bournemouth, Christchurch and Poole"	a	50.7458	-1.7889
Foxholes	"Bournemouth, Christchurch and Poole"	a	50.7339	-1.9571
Fortescue	East Devon	a	50.6949	-3.2251
Foxhayes	Exeter	a	50.7258	-3.549
Ford	City of Plymouth	a	50.387	-4.167
Ford Park	City of Plymouth	a	50.383	-4.1399
Foundry	Cornwall	a	50.1844	-5.4211
Fishery	Windsor and Maidenhead	a	51.5138	-0.7067
Forty Green	Buckinghamshire	a	51.6171	-0.6662
Furze Platt	Windsor and Maidenhead	a	51.5373	-0.732
Frogmore	Hart	a	51.3355	-0.7967
Farleywood	Bracknell Forest	a	51.4169	-0.7762
Forest Park	Bracknell Forest	a	51.3983	-0.7295
Fox Lane	Rushmoor	a	51.3132	-0.7738
Fisher's Hill	Woking	a	51.3006	-0.5972
Farnborough Street	Rushmoor	a	51.2938	-0.7458
Frimley Green	Surrey Heath	a	51.305	-0.7294
Farnborough Park	Rushmoor	a	51.2932	-0.7459
Frith Hill	Waverley	a	51.1942	-0.6162
Felpham	Arun	a	50.7933	-0.6429
Fratton	City of Portsmouth	a	50.8	-1.0781
Farlington	City of Portsmouth	a	50.852	-1.0236
Forton	Gosport	a	50.7999	-1.1408
Fryern Hill	Eastleigh	a	50.9863	-1.3718
Fairdown	Winchester	a	51.0621	-1.2944
Fulflood	Winchester	a	51.0687	-1.3275
Fleetend	Fareham	a	50.8507	-1.2818
Fair Oak	Eastleigh	a	50.9683	-1.3037
Freemantle	City of Southampton	a	50.9134	-1.4245
Fleetlands	Gosport	a	50.834	-1.1725
Faberstown	Wiltshire	a	51.2538	-1.6014
Foxhills	New Forest	a	50.9027	-1.5137
Freshbrook	Swindon	a	51.5556	-1.8383
Frampton End	South Gloucestershire	a	51.5339	-2.4721
Fox Hill	Bath and North East Somerset	a	51.3635	-2.3563
Fox Hills	Bath and North East Somerset	a	51.2888	-2.4459
Field	Mendip	a	51.1859	-2.5419
Filwood Park	City of Bristol	a	51.4274	-2.5835
Fairwater	Torfaen - Torfaen	a	51.6448	-3.0461
Forge Hammer	Torfaen - Torfaen	a	51.6542	-3.0309
Five Locks	Torfaen - Torfaen	a	51.6659	-3.0395
Frieze Hill	Somerset West and Taunton	a	51.0218	-3.1158
Firepool	Somerset West and Taunton	a	51.0209	-3.0967
Furnham	South Somerset	a	50.8782	-2.9555
Forest Farm	Caerdydd - Cardiff	a	51.5195	-3.249
Fairwater	Caerdydd - Cardiff	a	51.4927	-3.2435
Farleigh Meadows	Mid Devon	a	50.9132	-3.5018
Fforest-fach	Abertawe - Swansea	a	51.6459	-3.9914
Foxhole	Abertawe - Swansea	a	51.6284	-3.9303
Felin Newydd	Abertawe - Swansea	a	51.6612	-3.9072
Flexbury	Cornwall	a	50.8356	-4.5412
Fenny Stratford	Milton Keynes	a	51.9972	-0.7199
Furzton Lake	Milton Keynes	a	52.0188	-0.767
Fishermead	Milton Keynes	a	52.0334	-0.741
Far Bletchley	Milton Keynes	a	51.9888	-0.7756
Furzton	Milton Keynes	a	52.0091	-0.7646
Fox Milne	Milton Keynes	a	52.0505	-0.7094
Fullers Slade	Milton Keynes	a	52.048	-0.8299
Far Cotton	West Northamptonshire	a	52.2249	-0.9061
Fort End	Buckinghamshire	a	51.7735	-0.9301
Florence Park	Oxford	a	51.7352	-1.2218
Foleshill	Coventry	a	52.4394	-1.4958
Foxford	Coventry	a	52.4526	-1.4773
Finham	Coventry	a	52.3743	-1.5088
Friar Park	Sandwell	a	52.5537	-1.9865
Four Oaks Park	Birmingham	a	52.5708	-1.8241
Four Oaks	Birmingham	a	52.5911	-1.8459
Fordbridge	Solihull	a	52.4825	-1.7446
Four Pools	Wychavon	a	52.0818	-1.9374
Freezeland	City of Wolverhampton	a	52.5677	-2.0894
Fallings Heath	Walsall	a	52.5656	-2.0277
Finchfield	City of Wolverhampton	a	52.5785	-2.1756
Foley Park	Wyre Forest	a	52.376	-2.2617
Franche	Wyre Forest	a	52.4011	-2.2684
Frankley	Birmingham	a	52.4053	-2.0169
Finstall	Bromsgrove	a	52.3287	-2.0343
Fairview	Cheltenham	a	51.902	-2.0646
Fiddler's Green	Cheltenham	a	51.9022	-2.1264
Forest Green	Stroud	a	51.6989	-2.229
Forwood	Stroud	a	51.6988	-2.1915
Flaggoners Green	County of Herefordshire	a	52.1865	-2.5188
Fairmead	Stroud	a	51.6999	-2.367
Five Acres	Forest of Dean	a	51.8077	-2.6122
Ffynnonau	Powys - Powys	a	51.8633	-3.133
Forge Side	Torfaen - Torfaen	a	51.7705	-3.0931
Freehold Land	Torfaen - Torfaen	a	51.7162	-3.0592
Felindre	Powys - Powys	a	52.4428	-3.5554
Fferws Hill	Sir Gaerfyrddin - Carmarthenshire	a	51.787	-4.0229
Faerdre	Abertawe - Swansea	a	51.6994	-3.8953
Felinfoel	Sir Gaerfyrddin - Carmarthenshire	a	51.6979	-4.144
Furnace	Sir Gaerfyrddin - Carmarthenshire	a	51.6871	-4.2611
Furnace	Sir Gaerfyrddin - Carmarthenshire	a	51.6909	-4.168
Friezeland	Ashfield	a	53.0547	-1.2903
Forest Fields	City of Nottingham	a	52.9685	-1.1652
Fulwood	Ashfield	a	53.1149	-1.2869
Field Head	Hinckley and Bosworth	a	52.6827	-1.2633
Frog Island	City of Leicester	a	52.6419	-1.1434
Fosse Park	Blaby	a	52.5974	-1.1825
Four Lane Ends	Sheffield	a	53.3551	-1.4116
Fulwood	Sheffield	a	53.3686	-1.5503
Frecheville	Sheffield	a	53.3496	-1.4013
Fourlane Ends	Sheffield	a	53.3485	-1.4764
Fairleigh	Sheffield	a	53.3631	-1.4305
Fir Vale	Sheffield	a	53.4123	-1.4638
Firth Park	Sheffield	a	53.4181	-1.4479
Far Laund	Amber Valley	a	53.0341	-1.4687
Flaxholme	Amber Valley	a	52.9751	-1.4814
Fulshaw Park	Cheshire East	a	53.3189	-2.2412
Fern Bank	Tameside	a	53.4795	-2.0399
Foggbrook	Stockport	a	53.3967	-2.1238
Finney Green	Cheshire East	a	53.3391	-2.2227
Fallowfield	Manchester	a	53.4434	-2.2268
Flowery Field	Tameside	a	53.4596	-2.0813
Far Souracre	Tameside	a	53.4894	-2.0456
Fenton Low	City of Stoke-on-Trent	a	53.0048	-2.161
Fegg Hayes	City of Stoke-on-Trent	a	53.0739	-2.1842
Florence	City of Stoke-on-Trent	a	52.9779	-2.1261
Ford Green	City of Stoke-on-Trent	a	53.0559	-2.1669
Fenton	City of Stoke-on-Trent	a	52.999	-2.1626
Forebridge	Stafford	a	52.7999	-2.1121
Fordhouses	City of Wolverhampton	a	52.6285	-2.1287
Fallings Park	City of Wolverhampton	a	52.5995	-2.1112
Fearnhead	Warrington	a	53.4132	-2.5517
Flixton	Trafford	a	53.4459	-2.3837
Finger Post	St. Helens	a	53.4548	-2.7199
Farnworth	Halton	a	53.3834	-2.7271
Fincham	Knowsley	a	53.4251	-2.8657
Fivecrosses	Cheshire West and Chester	a	53.2809	-2.7063
Frankwell	Shropshire	a	52.711	-2.7625
Ford	Sefton	a	53.4828	-2.9959
Fulwood Park	Liverpool	a	53.3681	-2.9445
Fazakerley	Liverpool	a	53.4601	-2.9355
Fron	Sir Ddinbych - Denbighshire	a	53.19	-3.4094
Frodingham	North Lincolnshire	a	53.5847	-0.642
Foss Islands	York	a	53.9589	-1.0681
Fulford	York	a	53.9275	-1.0717
Ferrybridge Hill	Wakefield	a	53.7095	-1.2617
Fisher Green	Harrogate	a	54.1331	-1.5115
Fearn's Island	Leeds	a	53.7899	-1.524
Fearnville	Leeds	a	53.819	-1.4852
Flanshaw	Wakefield	a	53.6835	-1.5266
Flushdyke	Wakefield	a	53.6857	-1.5698
Farnley	Leeds	a	53.7905	-1.6165
Far Headingley	Leeds	a	53.8276	-1.5788
Far Royds	Leeds	a	53.7813	-1.5909
Flush	Kirklees	a	53.7078	-1.6816
Farsley	Leeds	a	53.8124	-1.6715
Fulneck	Leeds	a	53.7866	-1.6637
Fall Bank	Barnsley	a	53.5462	-1.5349
Fall Ings	Wakefield	a	53.6744	-1.4858
Fox Royd	Kirklees	a	53.6602	-1.6438
Four Lane Ends	Bradford	a	53.7985	-1.7927
Fagley	Bradford	a	53.8079	-1.7181
Fourlands	Bradford	a	53.8342	-1.7221
Friendly	Calderdale	a	53.7128	-1.919
Ferncliffe	Bradford	a	53.849	-1.8256
Frizinghall	Bradford	a	53.8238	-1.781
Fairweather Green	Bradford	a	53.7969	-1.7999
Fartown	Kirklees	a	53.6614	-1.7829
Fur Lane	Oldham	a	53.539	-1.9982
Fartown Green	Kirklees	a	53.6641	-1.7751
Folly Hall	Kirklees	a	53.6394	-1.7868
Fenay Bridge	Kirklees	a	53.6317	-1.7182
Fixby	Kirklees	a	53.6744	-1.7891
Fulledge	Burnley	a	53.7869	-2.2278
Forest Holme	Rossendale	a	53.7253	-2.2437
Fitton Hill	Oldham	a	53.5167	-2.1091
Facit	Rossendale	a	53.6686	-2.1713
Fernhill	Bury	a	53.6006	-2.2957
Firgrove	Rochdale	a	53.6132	-2.1235
Fox Platt	Tameside	a	53.5147	-2.0458
Fishpool	Bury	a	53.5842	-2.2953
Fern Grove	Bury	a	53.5989	-2.2703
Fenny Hill	Oldham	a	53.5317	-2.0914
Fletcher Fold	Bury	a	53.5746	-2.2944
Free Town	Bury	a	53.6004	-2.2788
Frank Hill	Oldham	a	53.5442	-2.1167
Feniscowles	Blackburn with Darwen	a	53.7252	-2.5372
Feniscliffe	Blackburn with Darwen	a	53.7336	-2.5184
Foxhill Bank	Hyndburn	a	53.7494	-2.3917
Four Lane Ends	Blackburn with Darwen	a	53.7605	-2.4876
Flax Moss	Rossendale	a	53.6942	-2.3283
Fern Gore	Hyndburn	a	53.7427	-2.3743
Firwood Fold	Bolton	a	53.5956	-2.4051
Fernhill Gate	Bolton	a	53.5702	-2.4817
Fletcher Bank	Bury	a	53.6475	-2.309
Firs Lane	Wigan	a	53.498	-2.5398
Fairview	Chorley	a	53.6197	-2.6024
Freehold	Lancaster	a	54.05	-2.7891
Fulwood Row	Preston	a	53.7943	-2.6824
Farington	South Ribble	a	53.707	-2.6826
Fishwick	Preston	a	53.7636	-2.6782
Frenchwood	Preston	a	53.7542	-2.6867
Farringdon Park	Preston	a	53.7662	-2.6561
Fosters Green	West Lancashire	a	53.558	-2.7648
Far Moor	Wigan	a	53.5268	-2.7152
Four Lane Ends	South Lakeland	a	54.2313	-3.1815
Friars' Ground	South Lakeland	a	54.2324	-3.1699
Fairhaven	Fylde	a	53.7387	-2.9951
Freshfield	Sefton	a	53.566	-3.0704
Fishburn Park	Scarborough	a	54.4813	-0.6162
Foggy Furze	Hartlepool	a	54.6693	-1.2189
Felling	Gateshead	a	54.9521	-1.5687
Fordley	North Tyneside	a	55.0564	-1.5785
Fenham	Newcastle upon Tyne	a	54.9816	-1.6622
Friars Goose	Gateshead	a	54.963	-1.5675
Fellgate	South Tyneside	a	54.9546	-1.4923
Felling Shore	Gateshead	a	54.9609	-1.5703
Fawdon	Newcastle upon Tyne	a	55.0105	-1.6546
Forest Hall	North Tyneside	a	55.0239	-1.5614
Ford	Sunderland	a	54.9053	-1.424
Fatfield	Sunderland	a	54.8821	-1.5182
Farringdon	Sunderland	a	54.8764	-1.425
Fulwell	Sunderland	a	54.9323	-1.3828
Framwellgate Moor	County Durham	a	54.7937	-1.5862
Firth Moor	Darlington	a	54.5174	-1.5279
Faverdale	Darlington	a	54.5502	-1.5818
Fellside	Gateshead	a	54.9391	-1.6929
Folly	Gateshead	a	54.9554	-1.7712
Flint Hill	County Durham	a	54.8846	-1.7454
Friars' Closes	Richmondshire	a	54.4054	-1.7384
Fair Hill	Eden	a	54.6734	-2.7581
Finglassie	Fife	a	56.1769	-3.1722
Fisherrow	East Lothian	a	55.9427	-3.0616
Fountainbridge	City of Edinburgh	a	55.9424	-3.2129
Fairmilehead	City of Edinburgh	a	55.9012	-3.2034
Frankscroft	Scottish Borders	a	55.6491	-3.1928
Fordell	Fife	a	56.0824	-3.3588
Falside	West Lothian	a	55.8979	-3.6641
Fullarton	Glasgow City	a	55.8391	-4.1677
Fallside	North Lanarkshire	a	55.8232	-4.0515
Farm Cross	South Lanarkshire	a	55.8358	-4.2095
Flemington	South Lanarkshire	a	55.6817	-4.0615
Flemington	North Lanarkshire	a	55.7813	-3.971
Forgewood	North Lanarkshire	a	55.8025	-4.002
Flemington	South Lanarkshire	a	55.811	-4.1376
Fairhill	South Lanarkshire	a	55.7632	-4.057
Finnieston	Glasgow City	a	55.8654	-4.287
Faifley	West Dunbartonshire	a	55.9296	-4.3951
Firhill	Glasgow City	a	55.8805	-4.2699
Ferguslie Park	Renfrewshire	a	55.8468	-4.4572
Fort Matilda	Inverclyde	a	55.9595	-4.7949
Fancy Farm	Inverclyde	a	55.9418	-4.8049
Fyfe Shore	Inverclyde	a	55.9344	-4.6824
Forehill	South Ayrshire	a	55.452	-4.6151
Fullarton	North Ayrshire	a	55.6075	-4.6701
Ferryden	Angus	a	56.6989	-2.4752
Fintry	Dundee City	a	56.4904	-2.9409
Forester's Lodge	Fife	a	56.2061	-3.1765
Friarton	Perth and Kinross	a	56.3782	-3.4276
Fenderbridge	Perth and Kinross	a	56.7788	-3.8329
Footdee	Aberdeen City	a	57.1439	-2.0735
Ferryhill	Aberdeen City	a	57.1368	-2.1053
Fife Keith	Moray	a	57.543	-2.9628
Fishertown	Highland	a	57.5878	-3.8636
Firhill	Highland	a	57.6965	-4.2719
Fasach	Highland	a	57.4452	-6.6874
Feriniquarrie	Highland	a	57.4546	-6.7164
Freefield	Shetland Islands	a	60.158	-1.1483
Flanderstown	Shetland Islands	a	60.0452	-1.2283
FY7	Wyre		53.9127	-3.0359
FY5	Wyre		53.8473	-2.9675
FY3	Blackpool		53.8275	-3.023
FY1	Blackpool		53.8038	-3.0462
FY4	Blackpool		53.795	-3.0407
FY6	Wyre		53.8442	-2.9961
FY8	Fylde		53.7444	-3.0072
FY2	Blackpool		53.8497	-3.0503
FK11	Clackmannanshire		56.1523	-3.8478
FK5	Falkirk		56.0218	-3.8305
FK12	Clackmannanshire		56.1523	-3.8102
FK13	Clackmannanshire		56.1553	-3.7386
FK10	Clackmannanshire		56.0878	-3.7493
FK3	Falkirk		56.0006	-3.7191
FK1	Falkirk		55.9877	-3.7957
FK2	Falkirk		55.9681	-3.6976
FK6	Falkirk		56.0253	-3.9457
FK9	Stirling		56.15	-3.9464
FK7	Stirling		56.1066	-3.9615
FK4	Falkirk		55.9866	-3.9532
FK14	Clackmannanshire		56.1864	-3.6164
FK16	Stirling		56.1888	-4.06
FK15	Stirling		56.1856	-3.9753
FK21	Stirling		56.4759	-4.3229
FK19	Stirling		56.3275	-4.379
FK18	Stirling		56.3285	-4.3256
FK17	Stirling		56.2295	-4.3583
FK20	Stirling		56.3942	-4.6247
FK8	Stirling		56.2492	-4.6688
Friston	Wealden	v	50.7616	0.2098
Felderland	Dover	v	51.2566	1.3332
Finglesham	Dover	v	51.2365	1.345
Fordwich	Canterbury	v	51.2953	1.1262
Finberry	Ashford	v	51.1191	0.8925
Frittenden	Tunbridge Wells	v	51.1415	0.5935
Flackley Ash	Rother	v	50.9788	0.6765
Fairlight	Rother	v	50.8761	0.6427
Friar's Hill	Rother	v	50.8894	0.6387
Fairlight Cove	Rother	v	50.8763	0.6643
Fobbing	Thurrock	v	51.5347	0.4723
Fairseat	Tonbridge and Malling	v	51.3281	0.3284
Fenn Street	Medway	v	51.451	0.5879
Farleigh Green	Maidstone	v	51.2465	0.465
Five Oak Green	Tunbridge Wells	v	51.1835	0.3569
Forstal	Tonbridge and Malling	v	51.3017	0.4919
Flimwell	Rother	v	51.0546	0.4455
Four Throws	Tunbridge Wells	v	51.0397	0.5329
Flowers Green	Wealden	v	50.8803	0.3265
Fawkham Green	Sevenoaks	v	51.3654	0.277
Farningham	Sevenoaks	v	51.3819	0.2192
Four Elms	Sevenoaks	v	51.2158	0.099
Fordcombe	Sevenoaks	v	51.1407	0.1785
Framfield	Wealden	v	50.965	0.1334
Frant	Wealden	v	51.0955	0.2697
Five Ash Down	Wealden	v	50.9971	0.1043
Five Ashes	Wealden	v	51.002	0.2197
Fletching	Wealden	v	50.9939	0.0348
Fairwarp	Wealden	v	51.0201	0.0944
Forest Row	Wealden	v	51.0969	0.0351
Firle	Lewes	v	50.8458	0.0869
Farleigh	Tandridge	v	51.3241	-0.0426
Fernhill	Crawley	v	51.1553	-0.1488
Felcourt	Tandridge	v	51.1573	-0.0229
Felbridge	Tandridge	v	51.14	-0.0431
Faygate	Horsham	v	51.0945	-0.2619
Furnace Wood	Mid Sussex	v	51.1397	-0.0694
Falmer	Lewes	v	50.8647	-0.0802
Fulking	Mid Sussex	v	50.8896	-0.2257
Farley Green	Guildford	v	51.1936	-0.4819
Forest Green	Mole Valley	v	51.1607	-0.3944
Five Oaks	Horsham	v	51.0495	-0.4319
Findon	Arun	v	50.8682	-0.4072
Fittleworth	Chichester	v	50.9604	-0.5621
Ford	Arun	v	50.8213	-0.5806
Fox Lea	Arun	v	50.8636	-0.4026
Ferring	Arun	v	50.8146	-0.4475
Frostenden	East Suffolk	v	52.3722	1.6466
Friston	East Suffolk	v	52.1874	1.5283
Fritton	South Norfolk	v	52.4862	1.2762
Flixton	East Suffolk	v	52.4324	1.3973
Farnham	East Suffolk	v	52.1885	1.4555
Fressingfield	Mid Suffolk	v	52.3497	1.3187
Falkenham	East Suffolk	v	52.0004	1.3443
Fundenhall	South Norfolk	v	52.5283	1.1795
Flordon	South Norfolk	v	52.5308	1.2268
Forncett St Mary	South Norfolk	v	52.5022	1.1848
Forncett St Peter	South Norfolk	v	52.4908	1.1857
Forncett End	South Norfolk	v	52.4993	1.1556
Finningham	Mid Suffolk	v	52.2828	1.0304
Flowton	Mid Suffolk	v	52.0806	1.0377
Framsden	Mid Suffolk	v	52.1903	1.2077
Frating Green	Tendring	v	51.8691	1.0364
Freston	Babergh	v	52.0076	1.1598
Fox Street	Tendring	v	51.9108	0.9495
Frating	Tendring	v	51.8623	1.0186
Fingringhoe	Colchester	v	51.8426	0.9397
Foxash Estate	Tendring	v	51.932	0.9948
Fornham All Saints	West Suffolk	v	52.2735	0.69
Flempton	West Suffolk	v	52.2982	0.6588
Fornham St Martin	West Suffolk	v	52.2705	0.7132
Fakenham Magna	West Suffolk	v	52.353	0.8038
Felsham	Mid Suffolk	v	52.1776	0.8439
Foxearth	Braintree	v	52.0698	0.6755
Feering	Braintree	v	51.8498	0.7163
Fordstreet	Colchester	v	51.9115	0.7908
Fordham	Colchester	v	51.9228	0.8026
Foulden	Breckland	v	52.5608	0.6039
Feltwell	King's Lynn and West Norfolk	v	52.4873	0.5239
Fordham	East Cambridgeshire	v	52.3113	0.3906
Freckenham	West Suffolk	v	52.3209	0.444
Felsted	Uttlesford	v	51.8566	0.4333
Finchingfield	Braintree	v	51.9685	0.4512
Ford End	Chelmsford	v	51.8264	0.4292
Fuller Street	Braintree	v	51.8155	0.5332
Fryerning	Brentwood	v	51.6784	0.372
Fen Ditton	South Cambridgeshire	v	52.2212	0.1698
Fowlmere	South Cambridgeshire	v	52.0926	0.0722
Fulbourn	South Cambridgeshire	v	52.184	0.2212
Foxton	South Cambridgeshire	v	52.1149	0.0584
Furneux Pelham	East Hertfordshire	v	51.9315	0.0804
Farnham	Uttlesford	v	51.9023	0.1418
Foster Street	Epping Forest	v	51.7579	0.1499
Fyfield	Epping Forest	v	51.7378	0.2766
Farcet	Huntingdonshire	v	52.536	-0.2263
Fenstanton	Huntingdonshire	v	52.2984	-0.0727
Fen Drayton	South Cambridgeshire	v	52.2977	-0.0415
Folksworth	Huntingdonshire	v	52.4951	-0.3117
Fotheringhay	North Northamptonshire	v	52.5265	-0.4385
Flitton	Central Bedfordshire	v	52.0098	-0.4577
Flaunden	Dacorum	v	51.6974	-0.5308
Frogmore	St. Albans	v	51.718	-0.3348
Flamstead	Dacorum	v	51.8196	-0.4373
Filby	Great Yarmouth	v	52.6612	1.6448
Fritton	Great Yarmouth	v	52.5445	1.6368
Freethorpe	Broadland	v	52.5926	1.5562
Felmingham	North Norfolk	v	52.8148	1.3369
Felbrigg	North Norfolk	v	52.9089	1.2792
Frankfort	North Norfolk	v	52.7684	1.4083
Framingham Earl	South Norfolk	v	52.5764	1.3414
Frettenham	Broadland	v	52.7085	1.3196
Field Dalling	North Norfolk	v	52.9111	0.9928
Foxley	Breckland	v	52.7548	1.0193
Foulsham	Broadland	v	52.7839	1.0117
Felthorpe	Broadland	v	52.7143	1.2027
Fulmodeston	North Norfolk	v	52.8389	0.9573
Flitcham	King's Lynn and West Norfolk	v	52.8101	0.5634
Fring	King's Lynn and West Norfolk	v	52.8828	0.58
Fincham	King's Lynn and West Norfolk	v	52.6316	0.4947
Firsby	East Lindsey	v	53.1473	0.1761
Friskney Tofts	East Lindsey	v	53.0603	0.1874
Fold Hill	East Lindsey	v	53.07	0.1847
Friskney Eaudyke	East Lindsey	v	53.0788	0.2005
Friskney	East Lindsey	v	53.0781	0.1791
Foul Anchor	Fenland	v	52.7366	0.1678
Four Gotes	Fenland	v	52.7242	0.1459
Friday Bridge	Fenland	v	52.6207	0.1638
Fulstow	East Lindsey	v	53.4545	0.004
Fotherby	East Lindsey	v	53.4038	-0.022
Fulletby	East Lindsey	v	53.2415	-0.0553
Fishtoft	Boston	v	52.9613	0.0268
Frampton West End	Boston	v	52.9496	-0.0573
Frithville	East Lindsey	v	53.0378	-0.0397
Freiston	Boston	v	52.9768	0.0497
Frampton	Boston	v	52.9474	-0.0493
Fishtoft Drove	East Lindsey	v	53.0221	-0.0349
Fosdyke	Boston	v	52.8801	-0.0455
Frampton	Boston	v	52.9372	-0.0578
Fleet Hargate	South Holland	v	52.805	0.0644
Fleet	South Holland	v	52.799	0.0556
Faldingworth	West Lindsey	v	53.3476	-0.4002
Fiskerton	West Lindsey	v	53.2343	-0.4294
Folkingham	South Kesteven	v	52.8899	-0.4079
Frognall	South Kesteven	v	52.6795	-0.2766
Flamborough	East Riding of Yorkshire	v	54.1169	-0.1248
Flixton	Scarborough	v	54.2014	-0.4048
Folkton	Scarborough	v	54.2038	-0.3802
Foxholes	Ryedale	v	54.1407	-0.4517
Foston on the Wolds	East Riding of Yorkshire	v	53.9864	-0.3231
Fishbourne	Isle of Wight	v	50.7291	-1.2157
Frampton	Dorset	v	50.7547	-2.5298
Fenny Bridges	East Devon	v	50.7792	-3.2589
Feniton	East Devon	v	50.7872	-3.2826
Fordton	Mid Devon	v	50.7815	-3.6479
Frogmore	South Hams	v	50.2705	-3.7198
Folly Gate	West Devon	v	50.7626	-4.0237
Forder	Cornwall	v	50.4016	-4.236
Fivelanes	Cornwall	v	50.5998	-4.5084
Freathy	Cornwall	v	50.3464	-4.2521
Fraddon	Cornwall	v	50.3878	-4.9375
Foxhole	Cornwall	v	50.3576	-4.8613
Feock	Cornwall	v	50.2066	-5.0515
Flushing	Cornwall	v	50.1647	-5.0702
Frogpool	Cornwall	v	50.2182	-5.1416
Four Lanes	Cornwall	v	50.2023	-5.2385
Frogmill	Windsor and Maidenhead	v	51.5432	-0.8327
Flackwell Heath	Buckinghamshire	v	51.6017	-0.7102
Farnham Common	Buckinghamshire	v	51.5558	-0.6153
Fulmer	Buckinghamshire	v	51.56	-0.563
Farnham Royal	Buckinghamshire	v	51.5377	-0.617
Fifield	Windsor and Maidenhead	v	51.4822	-0.6932
Flexford	Guildford	v	51.2434	-0.6669
Farncombe	Waverley	v	51.1962	-0.6044
Frensham	Waverley	v	51.1658	-0.7947
Fairlands	Guildford	v	51.263	-0.6195
Frithend	East Hampshire	v	51.1563	-0.8515
Fernhurst	Chichester	v	51.0486	-0.7228
Fontwell	Arun	v	50.8553	-0.6511
Fishbourne	Chichester	v	50.8385	-0.8145
Flansham	Arun	v	50.803	-0.6383
Funtington	Chichester	v	50.8695	-0.8617
Fingest	Buckinghamshire	v	51.6127	-0.8809
Frieth	Buckinghamshire	v	51.6056	-0.8557
Fawley	Buckinghamshire	v	51.5743	-0.9135
Farley Hill	Wokingham	v	51.3736	-0.9208
Finchampstead	Wokingham	v	51.3648	-0.8553
Furzeley Corner	Winchester	v	50.8913	-1.0683
Finchdean	East Hampshire	v	50.9083	-0.9518
Fleet	Havant	v	50.8114	-0.9746
Forestside	Chichester	v	50.908	-0.9243
Fyfield	Vale of White Horse	v	51.6856	-1.3906
Frilford	Vale of White Horse	v	51.6719	-1.3662
Farnborough	West Berkshire	v	51.5354	-1.3754
Frilsham	West Berkshire	v	51.4549	-1.2154
Forton	Test Valley	v	51.1894	-1.4036
Freefolk	Basingstoke and Deane	v	51.2362	-1.3054
Fisher's Pond	Winchester	v	50.987	-1.3061
Funtley	Fareham	v	50.8711	-1.2027
Fawley	New Forest	v	50.8269	-1.3502
Fernham	Vale of White Horse	v	51.6253	-1.5781
Fawley	West Berkshire	v	51.5289	-1.4355
Froxfield	Wiltshire	v	51.4109	-1.573
Fyfield	Test Valley	v	51.2176	-1.5855
Faccombe	Test Valley	v	51.3202	-1.4427
Farley	Wiltshire	v	51.0631	-1.6782
Firsdown	Wiltshire	v	51.0992	-1.7015
Fritham	New Forest	v	50.9261	-1.6609
Furzey Lodge	New Forest	v	50.8139	-1.476
Fyfield	Wiltshire	v	51.4174	-1.7892
Figheldean	Wiltshire	v	51.2241	-1.7817
Ford	Wiltshire	v	51.0951	-1.7742
Fovant	Wiltshire	v	51.0593	-1.9962
Faulston	Wiltshire	v	51.0318	-1.8999
Frogham	New Forest	v	50.915	-1.7562
Furzehill	Dorset	v	50.819	-1.9794
Ford	Wiltshire	v	51.4722	-2.2303
Foxham	Wiltshire	v	51.4927	-2.0433
Fonthill Bishop	Wiltshire	v	51.0961	-2.0924
Farnham	Dorset	v	50.9354	-2.0597
Fontmell Magna	Dorset	v	50.9512	-2.1913
Falfield	South Gloucestershire	v	51.6371	-2.46
Frampton Cotterell	South Gloucestershire	v	51.5357	-2.4813
Frenchay	South Gloucestershire	v	51.4992	-2.5178
Farmborough	Bath and North East Somerset	v	51.3441	-2.4879
Freshford	Bath and North East Somerset	v	51.3394	-2.3054
Faulkland	Mendip	v	51.2886	-2.3787
Farrington Gurney	Bath and North East Somerset	v	51.2979	-2.5299
Fifehead Magdalen	Dorset	v	50.9924	-2.3156
Felton	North Somerset	v	51.3888	-2.6846
Failand	North Somerset	v	51.4421	-2.6906
Farleigh	North Somerset	v	51.4176	-2.7268
Flax Bourton	North Somerset	v	51.4224	-2.7057
Frome St Quintin	Dorset	v	50.8212	-2.572
Fiddington	Sedgemoor	v	51.1589	-3.1213
Fivehead	South Somerset	v	51.0031	-2.9258
Four Forks	Sedgemoor	v	51.1278	-3.0972
Forton	South Somerset	v	50.8589	-2.9445
Ffynnon Taf	Rhondda Cynon Taf - Rhondda Cynon Taf	v	51.5419	-3.267
Fleur-de-lis	Caerffili - Caerphilly	v	51.6622	-3.2221
Font-y-gary	Bro Morgannwg - the Vale of Glamorgan	v	51.3892	-3.3626
Fitzhead	Somerset West and Taunton	v	51.0477	-3.254
Ford	Torridge	v	50.9986	-4.2699
Fremington	North Devon	v	51.0723	-4.1259
Fairy Cross	Torridge	v	50.9956	-4.2755
Frithelstock Stone	Torridge	v	50.9476	-4.1999
Freshwater East	Sir Benfro - Pembrokeshire	v	51.6499	-4.8653
Finedon	North Northamptonshire	v	52.3388	-0.6539
Felmersham	Bedford	v	52.2085	-0.5496
Filgrave	Milton Keynes	v	52.1256	-0.719
Foxton	Harborough	v	52.5036	-0.9694
Fleckney	Harborough	v	52.5352	-1.0442
Flore	West Northamptonshire	v	52.2379	-1.0562
Farthingstone	West Northamptonshire	v	52.19	-1.1038
Fringford	Cherwell	v	51.9546	-1.1235
Finmere	Cherwell	v	51.9911	-1.0751
Ford	Buckinghamshire	v	51.7776	-0.874
Frolesworth	Harborough	v	52.5112	-1.2585
Flecknoe	Rugby	v	52.2674	-1.2484
Frankton	Rugby	v	52.3285	-1.3774
Fenny Compton	Stratford-on-Avon	v	52.1681	-1.3905
Farnborough	Stratford-on-Avon	v	52.1449	-1.366
Farthinghoe	West Northamptonshire	v	52.0538	-1.2187
Fewcott	Cherwell	v	51.946	-1.2164
Fritwell	Cherwell	v	51.9609	-1.239
Forest Hill	South Oxfordshire	v	51.7667	-1.1533
Farmoor	Vale of White Horse	v	51.7607	-1.349
Freeland	West Oxfordshire	v	51.8145	-1.4036
Fenny Drayton	Hinckley and Bosworth	v	52.5684	-1.4845
Fillongley	North Warwickshire	v	52.4833	-1.587
Furnace End	North Warwickshire	v	52.5195	-1.6345
Five Ways	Warwick	v	52.3233	-1.6697
Fen End	Solihull	v	52.3686	-1.6648
Filkins	West Oxfordshire	v	51.7371	-1.6555
Finstock	West Oxfordshire	v	51.8418	-1.4837
Fifield	West Oxfordshire	v	51.8673	-1.6548
Fulbrook	West Oxfordshire	v	51.8141	-1.6297
Feckenham	Redditch	v	52.2522	-1.9874
Forhill	Bromsgrove	v	52.3779	-1.921
Ford	Cotswold	v	51.9629	-1.8743
Farmington	Cotswold	v	51.8372	-1.8096
Fladbury	Wychavon	v	52.118	-2.0092
Fernhill Heath	Wychavon	v	52.2285	-2.1934
Flyford Flavell	Wychavon	v	52.1912	-2.029
Forthampton	Tewkesbury	v	51.9922	-2.2107
Far Thrupp	Stroud	v	51.7253	-2.1989
Frampton Mansell	Cotswold	v	51.7216	-2.115
France Lynch	Stroud	v	51.7286	-2.1424
Frith Common	Malvern Hills	v	52.325	-2.4606
Far Forest	Wyre Forest	v	52.3697	-2.3969
Fromes Hill	County of Herefordshire	v	52.1174	-2.4687
Frampton on Severn	Stroud	v	51.771	-2.3644
Farleys End	Stroud	v	51.8352	-2.3322
Frocester	Stroud	v	51.727	-2.312
Farden	Shropshire	v	52.383	-2.6184
Fownhope	County of Herefordshire	v	52.0081	-2.6169
Fron	Powys - Powys	v	52.2828	-3.333
Frank's Bridge	Powys - Powys	v	52.1969	-3.2904
Felindre	Powys - Powys	v	52.0224	-3.1893
Felinfach	Powys - Powys	v	51.9897	-3.3256
Fochriw	Caerffili - Caerphilly	v	51.7401	-3.2987
Ffwrnais	Sir Ceredigion - Ceredigion	v	52.5367	-3.9407
Forge	Powys - Powys	v	52.5828	-3.8259
Ffair-Rhos	Sir Ceredigion - Ceredigion	v	52.2955	-3.8464
Ffarmers	Sir Gaerfyrddin - Carmarthenshire	v	52.0829	-3.9719
Felindre	Sir Gaerfyrddin - Carmarthenshire	v	51.9319	-3.886
Ffairfach	Sir Gaerfyrddin - Carmarthenshire	v	51.8752	-3.9917
Felindre	Abertawe - Swansea	v	51.7066	-3.9735
Ffos-y-ffîn	Sir Ceredigion - Ceredigion	v	52.2208	-4.2751
Felinfach	Sir Ceredigion - Ceredigion	v	52.179	-4.1523
Four Roads	Sir Gaerfyrddin - Carmarthenshire	v	51.7614	-4.2508
Foelgastell	Sir Gaerfyrddin - Carmarthenshire	v	51.8129	-4.1114
Fforest	Sir Gaerfyrddin - Carmarthenshire	v	51.7214	-4.0543
Ffostrasol	Sir Ceredigion - Ceredigion	v	52.1047	-4.3769
Felindre	Sir Gaerfyrddin - Carmarthenshire	v	52.0168	-4.3993
Ferryside	Sir Gaerfyrddin - Carmarthenshire	v	51.7677	-4.369
Ford	Sir Benfro - Pembrokeshire	v	51.8974	-4.9731
Freystrop	Sir Benfro - Pembrokeshire	v	51.7628	-4.9621
Fillingham	West Lindsey	v	53.3609	-0.5783
Fenton	West Lindsey	v	53.2801	-0.7311
Foston	South Kesteven	v	52.9764	-0.7224
Fulbeck	South Kesteven	v	53.042	-0.5877
Frieston	South Kesteven	v	53.0172	-0.5992
Fenton	South Kesteven	v	53.0476	-0.6885
Fernwood	Newark and Sherwood	v	53.0469	-0.7703
Finningley	Doncaster	v	53.485	-0.9895
Flintham	Rushcliffe	v	53.0107	-0.9011
Farnsfield	Newark and Sherwood	v	53.1023	-1.034
Fiskerton	Newark and Sherwood	v	53.0562	-0.9056
Farndon	Newark and Sherwood	v	53.0582	-0.8534
Frisby on the Wreake	Melton	v	52.7526	-0.9697
Firbeck	Rotherham	v	53.3917	-1.1536
Flanderwell	Rotherham	v	53.4284	-1.2833
Fackley	Ashfield	v	53.1474	-1.2917
Froggatt	Derbyshire Dales	v	53.2821	-1.6345
Farnah Green	Amber Valley	v	53.0192	-1.5012
Fritchley	Amber Valley	v	53.0731	-1.4702
Findern	South Derbyshire	v	52.8698	-1.5453
Furness Vale	High Peak	v	53.3485	-1.9898
Flagg	Derbyshire Dales	v	53.2177	-1.8073
Foolow	Derbyshire Dales	v	53.2881	-1.7153
Foxt	Staffordshire Moorlands	v	53.0337	-1.9497
Fenny Bentley	Derbyshire Dales	v	53.0446	-1.7364
Foston	South Derbyshire	v	52.8837	-1.7236
Fauld	East Staffordshire	v	52.8589	-1.7167
Fradley	Lichfield	v	52.7197	-1.7628
Forsbrook	Staffordshire Moorlands	v	52.9705	-2.0517
Fradswell	Stafford	v	52.8733	-2.0097
Fulford	Stafford	v	52.9392	-2.0715
Featherstone	South Staffordshire	v	52.6431	-2.0878
Four Crosses	South Staffordshire	v	52.684	-2.0663
Four Ashes	South Staffordshire	v	52.6736	-2.1219
Fowley Common	Warrington	v	53.4583	-2.497
Foxwist Green	Cheshire West and Chester	v	53.2138	-2.5682
Forton	Stafford	v	52.7873	-2.3647
Fairoak	Stafford	v	52.8946	-2.3512
Farndon	Cheshire West and Chester	v	53.0853	-2.8777
Faddiley	Cheshire East	v	53.0713	-2.6154
Fuller's Moor	Cheshire West and Chester	v	53.0811	-2.7505
Fauls	Shropshire	v	52.8906	-2.612
Frodesley	Shropshire	v	52.6081	-2.7198
Ford	Shropshire	v	52.7175	-2.869
Froncysyllte	Wrecsam - Wrexham	v	52.9634	-3.0904
Ffrith	Sir y Fflint - Flintshire	v	53.0907	-3.0696
Four Crosses	Powys - Powys	v	52.7602	-3.0834
Fron	Powys - Powys	v	52.6226	-3.1409
Forden	Powys - Powys	v	52.6017	-3.1351
Ffynnongroyw	Sir y Fflint - Flintshire	v	53.3302	-3.2991
Frongoch	Gwynedd - Gwynedd	v	52.9433	-3.6284
Foel	Powys - Powys	v	52.691	-3.4982
Fryars Bay	Sir Ynys Mon - Isle of Anglesey	v	53.2836	-4.0871
Friog	Gwynedd - Gwynedd	v	52.691	-4.0462
Fairbourne	Gwynedd - Gwynedd	v	52.6961	-4.0512
Fachwen	Gwynedd - Gwynedd	v	53.1348	-4.1346
Four Mile Bridge	Sir Ynys Mon - Isle of Anglesey	v	53.2732	-4.5836
Fridaythorpe	East Riding of Yorkshire	v	54.0207	-0.6661
Ferriby Sluice	North Lincolnshire	v	53.6757	-0.5178
Flixborough	North Lincolnshire	v	53.6247	-0.6825
Fockerby	North Lincolnshire	v	53.6625	-0.7176
Flaxton	Ryedale	v	54.0568	-0.968
Foston	Ryedale	v	54.0774	-0.9364
Farlington	Hambleton	v	54.1015	-1.062
Full Sutton	East Riding of Yorkshire	v	53.9886	-0.8686
Fangfoss	East Riding of Yorkshire	v	53.969	-0.8347
Foggathorpe	East Riding of Yorkshire	v	53.8263	-0.8548
Far Bank	Doncaster	v	53.6129	-1.0184
Fishlake	Doncaster	v	53.6136	-1.0104
Felixkirk	Hambleton	v	54.2555	-1.2837
Fairburn	Selby	v	53.745	-1.2862
Ferrybridge	Wakefield	v	53.712	-1.2681
Fenwick	Doncaster	v	53.636	-1.1027
Fitzwilliam	Wakefield	v	53.6346	-1.3778
Farnham	Harrogate	v	54.0399	-1.4681
Ferrensby	Harrogate	v	54.0408	-1.4382
Follifoot	Harrogate	v	53.9644	-1.5023
Farnley	Harrogate	v	53.9282	-1.6728
Flaxby	Harrogate	v	54.0152	-1.3976
Forest Moor	Harrogate	v	53.9966	-1.4774
Flockton	Kirklees	v	53.6305	-1.6373
Flockton Green	Kirklees	v	53.634	-1.6245
Fearby	Harrogate	v	54.225	-1.7042
Finghall	Richmondshire	v	54.3026	-1.7221
Farnhill	Craven	v	53.912	-1.989
Farnley Tyas	Kirklees	v	53.611	-1.7509
Feetham	Richmondshire	v	54.3809	-2.0221
Foulridge	Pendle	v	53.8764	-2.1686
Fence	Pendle	v	53.8309	-2.2654
Four Gates	Bolton	v	53.5651	-2.5408
Farleton	Lancaster	v	54.096	-2.6548
Fisher's Row	Wyre	v	53.929	-2.8972
Forton	Wyre	v	53.9544	-2.7791
Farington	South Ribble	v	53.7191	-2.7004
Far Sawrey	South Lakeland	v	54.3505	-2.9569
Foxfield	South Lakeland	v	54.256	-3.2134
Finsthwaite	South Lakeland	v	54.2824	-2.9734
Field Broughton	South Lakeland	v	54.2249	-2.9399
Flookburgh	South Lakeland	v	54.1744	-2.9723
Fylingthorpe	Scarborough	v	54.4308	-0.5498
Faceby	Hambleton	v	54.4206	-1.2363
Fence Houses	Sunderland	v	54.843	-1.498
Fishburn	County Durham	v	54.6831	-1.4364
Fair Moor	Northumberland	v	55.1818	-1.7167
Fir Tree	County Durham	v	54.7041	-1.7819
Frosterley	County Durham	v	54.7275	-1.9635
Forcett	Richmondshire	v	54.5061	-1.73
Fourstones	Northumberland	v	55.0055	-2.1767
Falstone	Northumberland	v	55.1809	-2.4363
Farlam	Carlisle	v	54.9222	-2.6951
Faugh	Carlisle	v	54.8879	-2.7684
Fenton	Carlisle	v	54.8967	-2.778
Fletchertown	Allerdale	v	54.774	-3.2347
Fothergill	Allerdale	v	54.694	-3.5112
Flimby	Allerdale	v	54.6887	-3.5175
Frizington	Copeland	v	54.5403	-3.4952
Fenwick	Northumberland	v	55.6537	-1.8961
Felton	Northumberland	v	55.2974	-1.7102
Foulden	Scottish Borders	v	55.7952	-2.1097
Ford	Northumberland	v	55.6308	-2.0846
Fountainhall	Scottish Borders	v	55.7337	-2.9089
Fordell Firs	Fife	v	56.0531	-3.3784
Fallin	Stirling	v	56.104	-3.8743
Fishcross	Clackmannanshire	v	56.1384	-3.7695
Fauldhouse	West Lothian	v	55.8281	-3.7061
Forth	South Lanarkshire	v	55.7665	-3.6874
Fintry	Stirling	v	56.0556	-4.2257
Fankerton	Falkirk	v	56.0255	-3.9431
Fernhill	South Lanarkshire	v	55.8078	-4.2046
Ferniegair	South Lanarkshire	v	55.7674	-4.008
Fenwick	East Ayrshire	v	55.6617	-4.4439
Fairlie	North Ayrshire	v	55.7525	-4.8558
Fisherton	South Ayrshire	v	55.413	-4.7446
Findon	Aberdeenshire	v	57.069	-2.1075
Fettercairn	Aberdeenshire	v	56.8516	-2.5747
Fordoun	Aberdeenshire	v	56.8748	-2.413
Friockheim	Angus	v	56.6379	-2.6586
Finavon	Angus	v	56.7053	-2.8274
Fowlis	Angus	v	56.4872	-3.1043
Freuchie	Fife	v	56.2477	-3.1579
Forgandenny	Perth and Kinross	v	56.3478	-3.4798
Fowlis Wester	Perth and Kinross	v	56.397	-3.7387
Fortingall	Perth and Kinross	v	56.5979	-4.0514
Fearnan	Perth and Kinross	v	56.576	-4.0785
Furnace	Argyll and Bute	v	56.1525	-5.1837
Ford	Argyll and Bute	v	56.1775	-5.4348
Fionnphort	Argyll and Bute	v	56.3241	-6.3656
Fetterangus	Aberdeenshire	v	57.5467	-2.0268
Foveran	Aberdeenshire	v	57.3043	-2.0514
Forgue	Aberdeenshire	v	57.4957	-2.6573
Fyvie	Aberdeenshire	v	57.4313	-2.3948
Fordyce	Aberdeenshire	v	57.6628	-2.7531
Fochabers	Moray	v	57.613	-3.0936
Fogwatt	Moray	v	57.5946	-3.2802
Findhorn	Moray	v	57.6596	-3.6105
Farr	Highland	v	57.3757	-4.1866
Foyers	Highland	v	57.2591	-4.4839
Fort Augustus	Highland	v	57.1441	-4.68
Ferindonald	Highland	v	57.1024	-5.8621
Fiskavaig	Highland	v	57.3215	-6.4279
Fleisirin	Na h-Eileanan an Iar	v	58.2497	-6.175
Finstown	Orkney Islands	v	59.0056	-3.1166
Firth	Shetland Islands	v	60.4488	-1.1959
Flete	Thanet	h	51.3623	1.3707
Ford	Canterbury	h	51.3477	1.1648
Frogham	Dover	h	51.2078	1.2287
Farthingloe	Dover	h	51.1173	1.2775
Flemings	Dover	h	51.2646	1.2787
Fostall	Swale	h	51.3151	0.9639
Folly Town	Ashford	h	51.1677	0.9854
Frogholt	Folkestone and Hythe	h	51.0955	1.1078
Four Oaks	Swale	h	51.3213	0.8573
Farthing Green	Maidstone	h	51.1894	0.5907
Frinsted	Maidstone	h	51.2836	0.7106
Five Wents	Maidstone	h	51.2281	0.5883
Fir Toll	Ashford	h	51.1677	0.7512
Fleeden	Ashford	h	51.1353	0.8021
Fairbourne Heath	Maidstone	h	51.2217	0.6605
Friningham	Maidstone	h	51.2975	0.606
Fosten Green	Ashford	h	51.0993	0.6266
Further Quarter	Ashford	h	51.1188	0.7055
Foxendown	Gravesham	h	51.3699	0.3718
Four Wents	Tunbridge Wells	h	51.0674	0.5198
Flishinghurst	Tunbridge Wells	h	51.1105	0.5089
Field Green	Tunbridge Wells	h	51.0379	0.5465
Foul Mile	Wealden	h	50.9187	0.3034
Farthing Street	Bromley	h	51.3437	0.0509
Force Green	Sevenoaks	h	51.2773	0.074
Froghole	Sevenoaks	h	51.2393	0.0764
French Street	Sevenoaks	h	51.2561	0.0887
Friar's Gate	Wealden	h	51.0775	0.1353
Fisher's Gate	Wealden	h	51.0848	0.1261
Founthill	Lewes	h	50.9635	0.0217
Furner's Green	Wealden	h	51.0174	0.0059
Fletching Common	Wealden	h	50.979	0.0103
Foxhunt Green	Wealden	h	50.9407	0.2007
Filching	Wealden	h	50.8053	0.2252
Folkington	Wealden	h	50.8136	0.2135
Fickleshole	Tandridge	h	51.3252	-0.0061
Friday Street	Mole Valley	h	51.2002	-0.3875
Foxhill	Chichester	h	50.9947	-0.574
Frostenden Corner	East Suffolk	h	52.3659	1.6521
Flixton	East Suffolk	h	52.5024	1.7038
Furze Green	South Norfolk	h	52.3999	1.2542
Foxhole	South Norfolk	h	52.5262	1.2703
Fingal Street	Mid Suffolk	h	52.278	1.25
Foals Green	Mid Suffolk	h	52.2945	1.304
Friday Street	East Suffolk	h	52.189	1.4727
Friday Street	East Suffolk	h	52.1886	1.2777
Friday Street	East Suffolk	h	52.1165	1.4075
Fundenhall Street	South Norfolk	h	52.5219	1.1514
Fersfield	South Norfolk	h	52.4045	1.0352
Frenze	South Norfolk	h	52.3798	1.136
Fen Street	South Norfolk	h	52.3857	1.0348
Fiddlers' Green	Breckland	h	52.5283	1.0075
Fersfield Common	South Norfolk	h	52.4154	1.045
Ford's Green	Mid Suffolk	h	52.2564	1.0187
Fen Street	Mid Suffolk	h	52.3714	1.0128
Fen Street	Mid Suffolk	h	52.2172	1.1913
Four Ashes	Mid Suffolk	h	52.2974	0.9338
Forward Green	Mid Suffolk	h	52.1971	1.0693
Far Thorpe Green	Tendring	h	51.8607	1.1401
Fen Street	Breckland	h	52.5201	0.9287
Fenstead End	Babergh	h	52.1248	0.6359
Farther Howegreen	Maldon	h	51.6785	0.6626
Fordham	King's Lynn and West Norfolk	h	52.571	0.383
Finkle Green	Braintree	h	52.0349	0.4809
Farley Green	West Suffolk	h	52.1508	0.5333
Forrey Green	Braintree	h	51.9654	0.5659
Fanner's Green	Chelmsford	h	51.7828	0.4368
Farmbridge End	Chelmsford	h	51.7765	0.3586
Faulkbourne	Braintree	h	51.8236	0.6057
Fairstead	Braintree	h	51.8224	0.5666
Flack's Green	Braintree	h	51.8027	0.5576
Fuller's End	Uttlesford	h	51.9078	0.2328
Ford End	Uttlesford	h	51.9671	0.1135
Farnham Green	Uttlesford	h	51.9088	0.1336
Fiddlers Hamlet	Epping Forest	h	51.6889	0.1309
Fenton	Huntingdonshire	h	52.3969	-0.0617
Frogmore	North Hertfordshire	h	51.8931	-0.3001
Fancott	Central Bedfordshire	h	51.9395	-0.5163
Friar's Wash	Dacorum	h	51.8236	-0.4271
Frithsden	Dacorum	h	51.7784	-0.5287
Fields End	Dacorum	h	51.7614	-0.5119
Fritton	North Norfolk	h	52.7164	1.5546
Frogshall	North Norfolk	h	52.8968	1.3452
Framingham Pigot	South Norfolk	h	52.5832	1.3518
Frost Row	South Norfolk	h	52.5804	0.9697
Fustyweed	Breckland	h	52.7216	1.0435
Fordington	East Lindsey	h	53.2172	0.1138
Fitton End	Fenland	h	52.6941	0.1051
Furzehills	East Lindsey	h	53.2339	-0.1225
Far Thorpe	East Lindsey	h	53.2479	-0.1024
Fenhouses	Boston	h	52.9444	-0.1265
Freiston Shore	Boston	h	52.962	0.0786
Fosdyke Bridge	Boston	h	52.8734	-0.04
Friesthorpe	West Lindsey	h	53.3366	-0.391
Fulnetby	West Lindsey	h	53.2967	-0.3643
Flinton	East Riding of Yorkshire	h	53.8081	-0.1462
Fitling	East Riding of Yorkshire	h	53.7945	-0.098
Fraisthorpe	East Riding of Yorkshire	h	54.0382	-0.2401
Fordon	East Riding of Yorkshire	h	54.1616	-0.3963
Forest Side	Isle of Wight	h	50.7046	-1.3242
Five Houses	Isle of Wight	h	50.688	-1.395
Furzebrook	Dorset	h	50.6543	-2.0983
Frome Whitfield	Dorset	h	50.7228	-2.4394
Friar Waddon	Dorset	h	50.6706	-2.5098
Forston	Dorset	h	50.7604	-2.4752
Filford	Dorset	h	50.7743	-2.7944
Fishpond Bottom	Dorset	h	50.7806	-2.8947
Fairmile	East Devon	h	50.7666	-3.2957
Farway	East Devon	h	50.7541	-3.1615
Farringdon	East Devon	h	50.7114	-3.3925
Forder Green	Teignbridge	h	50.4964	-3.7102
Filham	South Hams	h	50.3853	-3.9029
Ford	South Hams	h	50.2524	-3.7014
Forda	West Devon	h	50.6189	-4.2114
Forda	West Devon	h	50.6974	-4.0797
Foxhole	Torridge	h	50.7512	-4.2446
Forder	Cornwall	h	50.3296	-4.2107
Frankaborough	Torridge	h	50.7027	-4.2775
Felldownhead	West Devon	h	50.5981	-4.2945
Frogwell	Cornwall	h	50.4931	-4.3315
Fletchersbridge	Cornwall	h	50.4623	-4.6745
Fairy Cross	Cornwall	h	50.4296	-4.6403
Freewater	Cornwall	h	50.2763	-4.9395
Flushing	Cornwall	h	50.0827	-5.1015
Fraddam	Cornwall	h	50.1632	-5.3756
Fern	Buckinghamshire	h	51.589	-0.7281
Fisherstreet	Chichester	h	51.0742	-0.6461
Fyning	Chichester	h	51.0092	-0.8432
Fisher	Chichester	h	50.7995	-0.7618
Fair Cross	Basingstoke and Deane	h	51.3598	-1.0025
Farleigh Wallop	Basingstoke and Deane	h	51.2168	-1.1112
Foxhall	Basingstoke and Deane	h	51.2161	-1.1208
Froxfield Green	East Hampshire	h	51.0251	-0.9982
Frogmore	East Hampshire	h	50.995	-1.026
Filmore Hill	East Hampshire	h	51.0418	-1.0549
Frilford Heath	Vale of White Horse	h	51.6793	-1.3621
Fair Oak	Basingstoke and Deane	h	51.347	-1.2066
Frost Hill	Basingstoke and Deane	h	51.2735	-1.2634
Frostlane	New Forest	h	50.8557	-1.3912
Fox Hill	Swindon	h	51.5279	-1.6655
Fawler	Vale of White Horse	h	51.5903	-1.5378
Foxcotte	Test Valley	h	51.2257	-1.5084
Fosbury	Wiltshire	h	51.3203	-1.5425
Furzedown	Test Valley	h	51.0617	-1.4774
Fullerton	Test Valley	h	51.1524	-1.4615
Furzley	New Forest	h	50.9461	-1.5944
Fifield	Wiltshire	h	51.2517	-1.7928
Fittleton	Wiltshire	h	51.2456	-1.7913
Fiddington Sands	Wiltshire	h	51.2926	-1.979
Fifield Bavant	Wiltshire	h	51.0256	-1.977
Fisherton de la Mere	Wiltshire	h	51.1474	-2.0013
Furze Hill	New Forest	h	50.8991	-1.7603
Forest Corner	New Forest	h	50.8525	-1.7514
Foulford	New Forest	h	50.8489	-1.7454
Filands	Wiltshire	h	51.5968	-2.0959
Foxley	Wiltshire	h	51.5721	-2.1514
Farleigh Wick	Wiltshire	h	51.3743	-2.2798
Foscote	Wiltshire	h	51.5135	-2.2024
Fox Holes	Wiltshire	h	51.1752	-2.1952
Fonthill Gifford	Wiltshire	h	51.0872	-2.1085
Fiddleford	Dorset	h	50.9194	-2.2783
Farrington	Dorset	h	50.9422	-2.2277
Farfield	Stroud	h	51.6889	-2.3433
Forthay	Stroud	h	51.6654	-2.3698
Foxcote	Mendip	h	51.2979	-2.4076
Fifehead Neville	Dorset	h	50.8976	-2.3306
Fifehead St Quintin	Dorset	h	50.8912	-2.3249
Folke	Dorset	h	50.9196	-2.4863
Five Lanes	Sir Fynwy - Monmouthshire	h	51.6105	-2.796
Ford	Mendip	h	51.2811	-2.5874
Fenny Castle	Mendip	h	51.1926	-2.7052
Furringdons Cross	South Somerset	h	50.9036	-2.7848
Fulford	Somerset West and Taunton	h	51.0585	-3.1286
Fordgate	Sedgemoor	h	51.0904	-2.9664
Fulwood	Somerset West and Taunton	h	50.9775	-3.1263
Farringdon	Sedgemoor	h	51.0805	-3.0339
Fyfett	Somerset West and Taunton	h	50.9241	-3.0968
Frost Street	Somerset West and Taunton	h	50.9722	-3.0447
Feltham	Somerset West and Taunton	h	50.9484	-3.0965
Furley	East Devon	h	50.8343	-3.0376
Ffwl-y-mwn	Bro Morgannwg - the Vale of Glamorgan	h	51.3992	-3.37
Fitzroy	Somerset West and Taunton	h	51.0449	-3.1565
Ford	Somerset West and Taunton	h	51.0507	-3.2957
Flaxpool	Somerset West and Taunton	h	51.1086	-3.2264
Fennington	Somerset West and Taunton	h	51.0624	-3.1507
Friarn	Sedgemoor	h	51.1395	-3.1735
Fordmoor	East Devon	h	50.8205	-3.3395
Ford Street	Somerset West and Taunton	h	50.9573	-3.2024
Felindre	Rhondda Cynon Taf - Rhondda Cynon Taf	h	51.5207	-3.4834
Fountain	Pen-y-bont ar Ogwr - Bridgend	h	51.5389	-3.6127
Ffordd-y-Gyfraith	Pen-y-bont ar Ogwr - Bridgend	h	51.546	-3.6332
Frampton	Bro Morgannwg - the Vale of Glamorgan	h	51.4187	-3.4809
Ford	Somerset West and Taunton	h	51.1727	-3.5323
Furzehill	North Devon	h	51.1908	-3.8255
Filleigh	North Devon	h	51.0351	-3.9099
Filleigh	Mid Devon	h	50.8799	-3.7892
Frost	Mid Devon	h	50.8485	-3.7477
Fairwood	Abertawe - Swansea	h	51.6176	-4.067
Forda	North Devon	h	51.1307	-4.2067
Frithelstock	Torridge	h	50.9542	-4.1891
Forda	Cornwall	h	50.8861	-4.5191
Forda	Cornwall	h	50.8752	-4.4531
Farndish	Bedford	h	52.2636	-0.6423
Foston	Blaby	h	52.5515	-1.109
Foxhall	North Northamptonshire	h	52.3939	-0.8529
Foxley	West Northamptonshire	h	52.1611	-1.0662
Foscote	West Northamptonshire	h	52.1181	-1.0396
Foscote	Buckinghamshire	h	52.0155	-0.9565
Fleet Marston	Buckinghamshire	h	51.8412	-0.8769
Forty Green	Buckinghamshire	h	51.7259	-0.896
Fawsley	West Northamptonshire	h	52.208	-1.1858
Falcutt	West Northamptonshire	h	52.0788	-1.1345
Fencott	Cherwell	h	51.8406	-1.1683
Filchampstead	Vale of White Horse	h	51.7488	-1.3445
Freasley	North Warwickshire	h	52.5948	-1.647
Flint's Green	Solihull	h	52.4186	-1.6121
Four Oaks	Solihull	h	52.422	-1.6419
Foul End	North Warwickshire	h	52.5505	-1.6479
Fulready	Stratford-on-Avon	h	52.1137	-1.5863
Foscot	West Oxfordshire	h	51.8945	-1.639
Fulwell	West Oxfordshire	h	51.9067	-1.4518
Field Assarts	West Oxfordshire	h	51.8224	-1.5419
Fawler	West Oxfordshire	h	51.8509	-1.4615
Fyfield	Cotswold	h	51.7342	-1.7047
Fordwells	West Oxfordshire	h	51.8223	-1.5528
Finwood	Warwick	h	52.3168	-1.7194
Farmcote	Cotswold	h	51.9605	-1.912
Fossebridge	Cotswold	h	51.7999	-1.881
Foxcote	Cotswold	h	51.8633	-1.9837
Frankley	Bromsgrove	h	52.4227	-2.0087
Frankley Green	Bromsgrove	h	52.4218	-2.0126
Fiddington	Tewkesbury	h	51.9767	-2.1184
Far Oakridge	Stroud	h	51.7323	-2.1097
Folley	Shropshire	h	52.5784	-2.342
Farlow	Shropshire	h	52.4224	-2.5302
Fenn Green	Shropshire	h	52.448	-2.3398
Farmcote	Shropshire	h	52.5237	-2.3277
Footrid	Malvern Hills	h	52.3322	-2.4748
Fishpool	Forest of Dean	h	51.9595	-2.4883
Four Oaks	Forest of Dean	h	51.9539	-2.4456
Frogsmarsh	Malvern Hills	h	51.9897	-2.3027
Falcon	County of Herefordshire	h	51.9867	-2.5735
Flaxley	Forest of Dean	h	51.8336	-2.4474
Far Green	Stroud	h	51.702	-2.3198
Framilode	Stroud	h	51.7919	-2.3722
Felhampton	Shropshire	h	52.4802	-2.8206
Franklands Gate	County of Herefordshire	h	52.1161	-2.6808
Foxley	County of Herefordshire	h	52.1166	-2.8591
Felton	County of Herefordshire	h	52.1298	-2.615
Fromington	County of Herefordshire	h	52.1226	-2.6845
Ford	County of Herefordshire	h	52.1925	-2.7158
Fiddler's Green	County of Herefordshire	h	52.0192	-2.6277
Foy	County of Herefordshire	h	51.9529	-2.5863
Fawley Chapel	County of Herefordshire	h	51.9632	-2.5973
Fishpool	Powys - Powys	h	52.5587	-3.0052
Ffordd-las	Powys - Powys	h	52.0431	-3.1612
Fron	Powys - Powys	h	52.5696	-3.2117
Felindre	Powys - Powys	h	52.4242	-3.224
Ferley	Powys - Powys	h	52.3531	-3.1845
Ffynnon Gynydd	Powys - Powys	h	52.0639	-3.2208
Fenni-fach	Powys - Powys	h	51.95	-3.4257
Felindre	Powys - Powys	h	51.9015	-3.1964
Faenor	Merthyr Tudful - Merthyr Tydfil	h	51.7861	-3.3806
Felin-Crai	Powys - Powys	h	51.8998	-3.6285
Ffaldybrenin	Sir Gaerfyrddin - Carmarthenshire	h	52.0825	-3.9902
Felindre	Sir Gaerfyrddin - Carmarthenshire	h	51.9572	-3.9124
Fforest Gôch	Castell-nedd Port Talbot - Neath Port Talbot	h	51.6975	-3.8228
Ffynnon-oer	Sir Ceredigion - Ceredigion	h	52.1618	-4.1462
Felingwmisaf	Sir Gaerfyrddin - Carmarthenshire	h	51.8928	-4.1688
Ffynnon-ddrain	Sir Gaerfyrddin - Carmarthenshire	h	51.8709	-4.3215
Felin-wen	Sir Gaerfyrddin - Carmarthenshire	h	51.8707	-4.2339
Felingwmuchaf	Sir Gaerfyrddin - Carmarthenshire	h	51.9	-4.169
Felindre	Sir Gaerfyrddin - Carmarthenshire	h	51.8709	-4.1026
Felinwynt	Sir Ceredigion - Ceredigion	h	52.1238	-4.5963
Felin-Wnda	Sir Ceredigion - Ceredigion	h	52.0964	-4.4519
Felin-pandy	Sir Gaerfyrddin - Carmarthenshire	h	51.8838	-4.4686
Felindre Farchog	Sir Benfro - Pembrokeshire	h	52.0179	-4.769
Ffynnongroes	Sir Benfro - Pembrokeshire	h	51.9955	-4.733
Fledborough	Bassetlaw	h	53.2404	-0.7854
Freeby	Melton	h	52.7719	-0.8123
Fenton	Bassetlaw	h	53.3383	-0.8124
Flawborough	Rushcliffe	h	52.9774	-0.8347
Frisby	Harborough	h	52.6056	-0.9571
Ford	North East Derbyshire	h	53.3189	-1.3993
Finkle Street	Barnsley	h	53.4873	-1.5443
Foldrings	Sheffield	h	53.4409	-1.5649
Farhill	North East Derbyshire	h	53.1674	-1.469
Fallgate	North East Derbyshire	h	53.1551	-1.4679
Freebirch	North East Derbyshire	h	53.2526	-1.5434
Farley	Derbyshire Dales	h	53.1554	-1.5617
Foremark	South Derbyshire	h	52.838	-1.501
Far Coton	Hinckley and Bosworth	h	52.6138	-1.4293
Farm Town	North West Leicestershire	h	52.7456	-1.4266
Flash	Staffordshire Moorlands	h	53.2019	-1.9632
Fernilee	High Peak	h	53.3036	-1.9773
Fawfieldhead	Staffordshire Moorlands	h	53.1697	-1.8878
Friden	Derbyshire Dales	h	53.1439	-1.7451
Ford	Staffordshire Moorlands	h	53.083	-1.906
Freehay	Staffordshire Moorlands	h	52.9697	-1.97
Farley	Staffordshire Moorlands	h	52.9933	-1.8949
Field	East Staffordshire	h	52.8992	-1.9609
Fole	East Staffordshire	h	52.9319	-1.9341
Fisherwick	Lichfield	h	52.6728	-1.7341
Farewell	Lichfield	h	52.7035	-1.8797
Fanshawe	Cheshire East	h	53.2429	-2.2202
Fourlanes End	Cheshire East	h	53.1338	-2.2995
Frandley	Cheshire West and Chester	h	53.3102	-2.5481
Feldy	Cheshire East	h	53.3116	-2.4583
Finney Green	Newcastle-under-Lyme	h	53.0129	-2.3113
Farley	Shropshire	h	52.6201	-2.5383
Four Lane Ends	Cheshire West and Chester	h	53.1434	-2.6556
Fenn's Bank	Wrecsam - Wrexham	h	52.9464	-2.7315
Fitz	Shropshire	h	52.7576	-2.8207
Forton Heath	Shropshire	h	52.7531	-2.8327
Ford Heath	Shropshire	h	52.6964	-2.883
Forton	Shropshire	h	52.7396	-2.8467
Frodesley Lane	Shropshire	h	52.5992	-2.7362
Frankby	Wirral	h	53.3719	-3.1369
Fron-dêg	Wrecsam - Wrexham	h	53.0374	-3.0822
Frochas	Powys - Powys	h	52.6837	-3.0482
Felton Butler	Shropshire	h	52.7522	-2.8998
Farley	Shropshire	h	52.6651	-2.9071
Ffordd-las	Sir Ddinbych - Denbighshire	h	53.1705	-3.316
Four Crosses	Sir Ddinbych - Denbighshire	h	52.9755	-3.4406
Fedw	Sir Ddinbych - Denbighshire	h	52.9879	-3.3342
Frochas	Powys - Powys	h	52.666	-3.1856
Four Crosses	Powys - Powys	h	52.673	-3.393
Felindre	Powys - Powys	h	52.6066	-3.2351
Felin-hên	Gwynedd - Gwynedd	h	53.1897	-4.1095
Fimber	East Riding of Yorkshire	h	54.0342	-0.6333
Fadmoor	Ryedale	h	54.296	-0.9626
Fryton	Ryedale	h	54.1665	-0.9479
Firby	Ryedale	h	54.0883	-0.862
Fangdale Beck	Ryedale	h	54.3444	-1.1244
Flawith	Hambleton	h	54.0845	-1.2678
Frickley	Doncaster	h	53.572	-1.2937
Firby	Hambleton	h	54.2731	-1.5901
Fountains Abbey	Harrogate	h	54.1077	-1.5881
Foulby	Wakefield	h	53.6547	-1.3987
Fewston	Harrogate	h	53.9829	-1.704
Fewston Bents	Harrogate	h	53.9892	-1.7036
Flappit Spring	Bradford	h	53.8266	-1.9229
Flush House	Kirklees	h	53.5631	-1.8284
Fulstone	Kirklees	h	53.5818	-1.7367
Foxup	Craven	h	54.186	-2.1991
Fleets	Craven	h	54.0405	-2.0567
Flasby	Craven	h	54.0058	-2.0828
Firbank	South Lakeland	h	54.3424	-2.5779
Feizor	Craven	h	54.1044	-2.3227
Forest Becks	Ribble Valley	h	53.9571	-2.328
Four Lane Ends	Bury	h	53.6073	-2.3579
Far Arnside	South Lakeland	h	54.1801	-2.8408
Ford Green	Wyre	h	53.9155	-2.7992
Four Lane Ends	West Lancashire	h	53.5389	-2.8286
Fell Foot	South Lakeland	h	54.2753	-2.9508
Force Forge	South Lakeland	h	54.3109	-3.0146
Foxton	Hambleton	h	54.4674	-1.2952
Foxton	County Durham	h	54.6176	-1.443
Fenrother	Northumberland	h	55.2224	-1.7234
Fenwick	Northumberland	h	55.0506	-1.9127
Fellside	Gateshead	h	54.9238	-1.6983
Fallowfield	Northumberland	h	55.0109	-2.1125
Featherstone Rowfoot	Northumberland	h	54.9403	-2.4932
Flakebridge	Eden	h	54.5929	-2.4605
Flitholme	Eden	h	54.5299	-2.3705
Forest Head	Carlisle	h	54.9102	-2.653
Fingland	Allerdale	h	54.9029	-3.1616
Fell Side	Allerdale	h	54.7273	-3.0826
Flosh	Dumfries and Galloway	h	54.998	-3.3846
Fishwick	Scottish Borders	h	55.7531	-2.1337
Foulden Newton	Scottish Borders	h	55.7919	-2.1254
Flodden	Northumberland	h	55.6102	-2.1272
Flotterton	Northumberland	h	55.3161	-2.0046
Fogo	Scottish Borders	h	55.7362	-2.3557
Fala	Midlothian	h	55.8387	-2.9001
Fala Dam	Midlothian	h	55.8441	-2.9135
Faucheldean	West Lothian	h	55.9514	-3.4759
Forestmill	Clackmannanshire	h	56.1258	-3.6879
Failford	South Ayrshire	h	55.5045	-4.4409
Farnell	Angus	h	56.6899	-2.6089
Fern	Angus	h	56.7443	-2.8468
Fetterdale	Fife	h	56.4199	-2.8566
Freuchies	Angus	h	56.7315	-3.2705
Foodieash	Fife	h	56.3374	-3.007
Forter	Angus	h	56.7696	-3.3336
Folda	Angus	h	56.7598	-3.3265
Forneth	Perth and Kinross	h	56.5944	-3.4732
Forteviot	Perth and Kinross	h	56.3403	-3.5364
Fossoway	Perth and Kinross	h	56.1993	-3.5857
Fersaid	Highland	h	56.8658	-4.7029
Fearnoch	Argyll and Bute	h	56.4384	-5.3047
Flushing	Aberdeenshire	h	57.5123	-1.912
Fortrie	Aberdeenshire	h	57.4944	-2.564
Folla Rule	Aberdeenshire	h	57.3871	-2.4506
Fisherford	Aberdeenshire	h	57.4141	-2.5501
Fingask	Aberdeenshire	h	57.3366	-2.3736
Farmtown	Moray	h	57.5517	-2.8184
Forbestown	Aberdeenshire	h	57.2014	-3.0578
Fourpenny	Highland	h	57.9189	-4.0245
Fearn	Highland	h	57.771	-3.9509
Ferness	Highland	h	57.484	-3.7303
Fodderty	Highland	h	57.6005	-4.4894
Faichem	Highland	h	57.07	-4.8267
Fearnmore	Highland	h	57.5783	-5.8085
Flaiseader	Highland	h	57.4916	-6.4227
Feorlaig	Highland	h	57.3974	-6.4984
Fleoideabhagh	Na h-Eileanan an Iar	h	57.7959	-6.8841
Fionnsabhagh	Na h-Eileanan an Iar	h	57.7741	-6.9249
Flodaigh	Na h-Eileanan an Iar	h	57.4762	-7.2677
Frobost	Na h-Eileanan an Iar	h	57.2038	-7.4063
Fresgoe	Highland	h	58.5691	-3.7942
Forsinard	Highland	h	58.3593	-3.8957
Foindle	Highland	h	58.3877	-5.0991
Feadan	Highland	h	58.1703	-5.2805
Foubister	Orkney Islands	h	58.9174	-2.8385
Funzie	Shetland Islands	h	60.5887	-0.7944
Freester	Shetland Islands	h	60.2597	-1.1745
Freefield	Shetland Islands	h	60.0804	-1.3357
Faversham Lakes	Swale	o	51.325	0.8877
Frank Whipple Estate	Tower Hamlets	o	51.5156	-0.0345
Friern Barnet	Barnet	o	51.6129	-0.1585
Fairlawn Cottage (ruin)	Barnet	o	51.6305	-0.2269
Festubert Place	Tower Hamlets	o	51.5299	-0.0294
Finchley	Barnet	o	51.6004	-0.1948
Fulham	Hammersmith and Fulham	o	51.4716	-0.2112
Feltham	Hounslow	o	51.4469	-0.4094
Fetcham	Mole Valley	o	51.2889	-0.3557
Fornham St Genevieve	West Suffolk	o	52.2775	0.7083
Friars Mead	Braintree	o	52.0663	0.4777
Frog End	South Cambridgeshire	o	52.2054	0.2456
Flint Cross	South Cambridgeshire	o	52.0685	0.0474
Freestones Corner	South Cambridgeshire	o	52.1472	0.1386
Further Ford End	Uttlesford	o	51.9751	0.1071
Fiddler's Green	King's Lynn and West Norfolk	o	52.7118	0.7017
Florence Walk	Breckland	o	52.6672	0.9286
Farlesthorpe	East Lindsey	o	53.2463	0.2066
Farforth	East Lindsey	o	53.2868	-0.0229
Fen End	South Holland	o	52.7677	-0.159
Flixton Ings	Scarborough	o	54.1999	-0.426
Freshwater	Isle of Wight	o	50.6829	-1.5261
Fleet	Dorset	o	50.6196	-2.5158
Forder	West Devon	o	50.6912	-3.883
Fawley Bottom	Buckinghamshire	o	51.5754	-0.9216
Four Marks	East Hampshire	o	51.1121	-1.0431
Frenchmoor	Test Valley	o	51.0594	-1.6147
Farleigh Hungerford	Mendip	o	51.3142	-2.2883
Fishponds	City of Bristol	o	51.4815	-2.5281
Folly	Dorset	o	50.8276	-2.387
Fineshade	North Northamptonshire	o	52.565	-0.5729
Fulwell	Buckinghamshire	o	52.0074	-1.0879
Foss Cross	Cotswold	o	51.7829	-1.9029
Four Ashes	South Staffordshire	o	52.4857	-2.2933
Fretherne	Stroud	o	51.7808	-2.3874
Fromebridge	Stroud	o	51.7616	-2.3437
Forest Town	Mansfield	o	53.1543	-1.1584
Froghall	Staffordshire Moorlands	o	53.0254	-1.9619
Fradley South	Lichfield	o	52.7115	-1.7778
Footherley	Lichfield	o	52.6221	-1.8483
Foxley	Newcastle-under-Lyme	o	53.0739	-2.3031
Faxfleet	East Riding of Yorkshire	o	53.7071	-0.6934
Flixborough Stather	North Lincolnshire	o	53.6185	-0.6971
Fawdington	Hambleton	o	54.1496	-1.3333
Farleton	South Lakeland	o	54.2237	-2.7126
Follingsby	Gateshead	o	54.939	-1.5187
Forestburn Gate	Northumberland	o	55.2606	-1.8965
Forest-in-Teesdale	County Durham	o	54.6634	-2.2082
Ferrygate	East Lothian	o	56.0493	-2.7451
Fullwood	East Ayrshire	o	55.7193	-4.4818
Faslane Port	Argyll and Bute	o	56.0696	-4.8247
Fiddes	Aberdeenshire	o	56.9183	-2.3224
Finzean	Aberdeenshire	o	57.0221	-2.6524
Findo Gask	Perth and Kinross	o	56.3625	-3.6154
Foss	Perth and Kinross	o	56.6976	-3.9789
Fasnacloich	Argyll and Bute	o	56.5786	-5.2262
Fiunary	Highland	o	56.55	-5.876
Fascadale	Highland	o	56.7607	-6.0901
Fanmore	Argyll and Bute	o	56.5218	-6.2036
Fiddler's Green	Aberdeenshire	o	57.6286	-1.9333
Fortrie	Aberdeenshire	o	57.4561	-2.0651
Fedderate	Aberdeenshire	o	57.5395	-2.1884
Forgie	Moray	o	57.5715	-3.0212
Feabuie	Highland	o	57.3248	-3.55
Fendom	Highland	o	57.8076	-3.9954
Findhornbridge	Highland	o	57.3247	-3.9884
Feshiebridge	Highland	o	57.1099	-3.8901
Fleuchary	Highland	o	57.8935	-4.089
Ferryton	Highland	o	57.6634	-4.2111
Feabuie	Highland	o	57.4931	-4.0837
Fettes	Highland	o	57.5227	-4.3669
Fanellan	Highland	o	57.4503	-4.5213
Farley	Highland	o	57.4688	-4.5436
Fhaighear Mhòir	Highland	o	57.8265	-5.6758
First Coast	Highland	o	57.8604	-5.5037
Flodigarry	Highland	o	57.6617	-6.2523
Fernilea	Highland	o	57.3166	-6.3739
Freswick	Highland	o	58.585	-3.0796
Faulds	Highland	o	58.5161	-3.3173
Forse	Highland	o	58.2909	-3.329
Forss	Highland	o	58.5965	-3.6518
Farr	Highland	o	58.5374	-4.1998
Farlary	Highland	o	58.0245	-4.0877
Fanagmore	Highland	o	58.3977	-5.1232
Frotoft	Orkney Islands	o	59.13	-3.0378
Fladdabister	Shetland Islands	o	60.0784	-1.2266
