Manchester		c	53.479	-2.2453
Margate	Thanet	t	51.3874	1.3808
Minster	Swale	t	51.4218	0.8111
Maidstone		t	51.273	0.5207
Manningtree	Tendring	t	51.9454	1.0638
Maldon		t	51.7315	0.6785
Mildenhall	West Suffolk	t	52.3445	0.5109
March	Fenland	t	52.5475	0.0874
Mablethorpe	East Lindsey	t	53.3412	0.2595
Market Rasen	West Lindsey	t	53.3875	-0.3371
Market Deeping	South Kesteven	t	52.6754	-0.3176
Moretonhampstead	Teignbridge	t	50.661	-3.7649
Marazion	Cornwall	t	50.1235	-5.4733
Marlow	Buckinghamshire	t	51.5719	-0.7769
Maidenhead	Windsor and Maidenhead	t	51.5228	-0.7202
Midhurst	Chichester	t	50.9855	-0.74
Marlborough	Wiltshire	t	51.4215	-1.7295
Malmesbury	Wiltshire	t	51.5856	-2.1014
Melksham	Wiltshire	t	51.3728	-2.1382
Mere	Wiltshire	t	51.0903	-2.2685
Midsomer Norton	Bath and North East Somerset	t	51.2856	-2.4829
Maesteg	Pen-y-bont ar Ogwr - Bridgend	t	51.6086	-3.6605
Minehead	Somerset West and Taunton	t	51.2058	-3.4779
Milton Keynes		t	52.043	-0.754
Market Harborough	Harborough	t	52.4795	-0.9227
Moreton-in-Marsh	Cotswold	t	51.99	-1.7032
Minchinhampton	Stroud	t	51.7054	-2.1861
Much Wenlock	Shropshire	t	52.5951	-2.5589
Mitcheldean	Forest of Dean	t	51.8646	-2.4894
Merthyr Tudful	Merthyr Tudful - Merthyr Tydfil	t	51.7459	-3.3784
Milford Haven	Sir Benfro - Pembrokeshire	t	51.7131	-5.036
Melton Mowbray	Melton	t	52.7664	-0.8881
Maltby	Rotherham	t	53.4231	-1.2019
Mexborough	Doncaster	t	53.4942	-1.2942
Mansfield		t	53.1447	-1.1964
Market Warsop	Mansfield	t	53.2052	-1.1526
Mansfield Woodhouse	Mansfield	t	53.165	-1.1938
Market Bosworth	Hinckley and Bosworth	t	52.6248	-1.4014
Matlock	Derbyshire Dales	t	53.139	-1.5546
Marple	Stockport	t	53.3971	-2.0634
Macclesfield	Cheshire East	t	53.2606	-2.1255
Middlewich	Cheshire East	t	53.1921	-2.4443
Madeley	Newcastle-under-Lyme	t	53.0017	-2.3398
Market Drayton	Shropshire	t	52.904	-2.4837
Mold	Sir y Fflint - Flintshire	t	53.1677	-3.1423
Machynlleth	Powys - Powys	t	52.5906	-3.8533
Market Weighton	East Riding of Yorkshire	t	53.865	-0.6683
Malton	Ryedale	t	54.1348	-0.7963
Masham	Harrogate	t	54.2227	-1.6568
Morley	Leeds	t	53.7492	-1.6023
Mirfield	Kirklees	t	53.6743	-1.6961
Middleham	Richmondshire	t	54.2852	-1.8058
Meltham	Kirklees	t	53.5919	-1.8506
Mossley	Tameside	t	53.5182	-2.0462
Middleton	Rochdale	t	53.5505	-2.1973
Milnrow	Rochdale	t	53.6111	-2.1129
Morecambe	Lancaster	t	54.0724	-2.863
Maghull	Sefton	t	53.5158	-2.9448
Millom	Copeland	t	54.2107	-3.2719
Marske-by-the-Sea	Redcar and Cleveland	t	54.592	-1.0195
Middlesbrough		t	54.5764	-1.2368
Morpeth	Northumberland	t	55.1675	-1.6908
Maryport	Allerdale	t	54.7144	-3.4995
Melrose	Scottish Borders	t	55.5972	-2.7194
Methil	Fife	t	56.1865	-3.0199
Musselburgh	East Lothian	t	55.9428	-3.0493
Moffat	Dumfries and Galloway	t	55.3333	-3.4443
Motherwell	North Lanarkshire	t	55.79	-3.9936
Milngavie	East Dunbartonshire	t	55.9412	-4.316
Maybole	South Ayrshire	t	55.3546	-4.6811
Millport	North Ayrshire	t	55.7531	-4.9284
Montrose	Angus	t	56.7092	-2.4672
Monifieth	Angus	t	56.483	-2.8161
Markinch	Fife	t	56.2021	-3.1351
Macduff	Aberdeenshire	t	57.67	-2.4964
Meads	Eastbourne	a	50.7583	0.2716
Maxton	Dover	a	51.1199	1.289
Mill Hill	Dover	a	51.2093	1.381
Middle Deal	Dover	a	51.2197	1.3958
Morehall	Folkestone and Hythe	a	51.0867	1.15
Marine Town	Swale	a	51.4371	0.7726
Milton Regis	Swale	a	51.3528	0.7329
Murston	Swale	a	51.3468	0.7555
Mile Town	Swale	a	51.4354	0.7616
Merryman's Hill	Swale	a	51.4325	0.7991
Milton	Gravesham	a	51.4418	0.3789
Meopham Green	Gravesham	a	51.3608	0.3561
Millhall	Tonbridge and Malling	a	51.3041	0.4625
Market Heath	Tunbridge Wells	a	51.1515	0.3916
Mill Street	Tonbridge and Malling	a	51.2892	0.4305
Marks Gate	Barking and Dagenham	a	51.5936	0.143
Manor Park	Newham	a	51.5526	0.059
Mottingham	Bromley	a	51.4298	0.0424
Maypole	Dartford	a	51.4341	0.1744
Mutton Hall	Wealden	a	50.9738	0.259
Mount Pleasant	Lewes	a	50.7995	0.0625
Monken Hadley	Barnet	a	51.6617	-0.1962
Maida Vale	City of Westminster	a	51.5288	-0.1883
Maitland Park	Camden	a	51.5505	-0.1586
Muswell Hill	Haringey	a	51.5979	-0.1407
Mill Meads	Newham	a	51.5339	-0.0028
Mile End	Tower Hamlets	a	51.5217	-0.0327
Mayfair	City of Westminster	a	51.5096	-0.1466
Mill Hill	Barnet	a	51.6173	-0.2269
Marylebone	City of Westminster	a	51.5189	-0.1496
Mortlake	Richmond upon Thames	a	51.4681	-0.2665
Motspur Park	Kingston upon Thames	a	51.3919	-0.2451
Monks Orchard	Croydon	a	51.385	-0.044
Morden Park	Merton	a	51.3887	-0.2101
Merton Park	Merton	a	51.4112	-0.1993
Millwall	Tower Hamlets	a	51.4911	-0.0206
Mead Vale	Reigate and Banstead	a	51.2272	-0.1871
Meath Green	Reigate and Banstead	a	51.1824	-0.1776
Maidenbower	Crawley	a	51.1045	-0.1495
Moulsecoomb	The City of Brighton and Hove	a	50.8455	-0.1142
Mile Oak	The City of Brighton and Hove	a	50.8505	-0.229
Middle Green	Buckinghamshire	a	51.5127	-0.5591
Moneyhill	Three Rivers	a	51.6365	-0.4873
Mill End	Three Rivers	a	51.6374	-0.4965
Meriden	Watford	a	51.6835	-0.3782
Manor Park	Epsom and Ewell	a	51.3404	-0.2923
Merrow	Guildford	a	51.2528	-0.5385
Maybury	Woking	a	51.3214	-0.5356
Mount Hermon	Woking	a	51.3148	-0.5617
Mill Hole	East Suffolk	a	52.2132	1.4868
Mill Hills	East Suffolk	a	52.0974	1.3177
Maidensgrave	East Suffolk	a	52.0838	1.2997
Maidenhall	Ipswich	a	52.0415	1.1464
Mile End	Colchester	a	51.913	0.8968
Meeting Green	West Suffolk	a	52.1721	0.5522
Mole Hill	West Suffolk	a	52.1659	0.548
Malting End	West Suffolk	a	52.1601	0.5546
Moulsham	Chelmsford	a	51.7274	0.4683
Marden Ash	Epping Forest	a	51.6963	0.249
Mark Hall North	Harlow	a	51.7768	0.1165
Mark Hall South	Harlow	a	51.7714	0.1215
Mill End	Huntingdonshire	a	52.4055	-0.0728
Marshmoor	Welwyn Hatfield	a	51.7417	-0.2131
Mill Green	Welwyn Hatfield	a	51.7747	-0.2034
Mount Pleasant	Bedford	a	52.1011	-0.5264
Marsh Farm	Luton	a	51.9166	-0.4557
Marshalswick	St. Albans	a	51.7641	-0.3081
Mount Pleasant	Norwich	a	52.619	1.2736
Mile Cross	Broadland	a	52.6571	1.276
Mill Hill	Norwich	a	52.6472	1.2971
Mattishall Burgh	Breckland	a	52.6647	1.037
Moorgate	Breckland	a	52.6742	0.9408
Millfield	City of Peterborough	a	52.5881	-0.2473
Marton	East Riding of Yorkshire	a	54.11	-0.1619
Molescroft	East Riding of Yorkshire	a	53.8537	-0.4381
Marfleet	City of Kingston upon Hull	a	53.7513	-0.2746
Mile House	City of Kingston upon Hull	a	53.7573	-0.3008
Midmeredales	City of Kingston upon Hull	a	53.8012	-0.3432
Mengham	Havant	a	50.7866	-0.9716
Morton	Isle of Wight	a	50.6702	-1.1482
Milton	City of Portsmouth	a	50.7955	-1.0605
Moortown	Isle of Wight	a	50.6487	-1.4035
Middleton	Isle of Wight	a	50.6779	-1.535
Muscliffe	"Bournemouth, Christchurch and Poole"	a	50.7617	-1.8625
Manning's Heath	"Bournemouth, Christchurch and Poole"	a	50.7456	-1.9534
Moordown	"Bournemouth, Christchurch and Poole"	a	50.7539	-1.8714
Mudeford	"Bournemouth, Christchurch and Poole"	a	50.7283	-1.7432
Mount Pleasant	Dorset	a	50.7767	-2.0146
Mount Pleasant	Dorset	a	50.6114	-2.0055
Melcombe Regis	Dorset	a	50.6144	-2.4563
Middle Woolbrook	East Devon	a	50.6957	-3.2458
Monkerton	Exeter	a	50.7356	-3.4685
Middlewood	Teignbridge	a	50.6155	-3.4523
Marsh Barton	Exeter	a	50.7067	-3.5291
Mile End	Teignbridge	a	50.537	-3.6361
Maidencombe	Torbay	a	50.5096	-3.5211
Milber	Teignbridge	a	50.5218	-3.5913
Middle Dimson	Cornwall	a	50.524	-4.2192
Mount Wise	City of Plymouth	a	50.3664	-4.1749
Mutley	City of Plymouth	a	50.3827	-4.1341
Marsh Mills	City of Plymouth	a	50.3917	-4.0841
Morice Town	City of Plymouth	a	50.3727	-4.1811
Milehouse	City of Plymouth	a	50.3847	-4.1593
Manadon	City of Plymouth	a	50.4027	-4.1413
Mainstone	City of Plymouth	a	50.4142	-4.0856
Mannamead	City of Plymouth	a	50.3883	-4.129
Millbay	City of Plymouth	a	50.3676	-4.1507
Mount Gould	City of Plymouth	a	50.3759	-4.1178
Millendreath	Cornwall	a	50.3628	-4.4352
Mount Charles	Cornwall	a	50.3372	-4.7724
Mount Ambrose	Cornwall	a	50.2445	-5.2122
Mongleath	Cornwall	a	50.1535	-5.0979
Middle Town	Isles of Scilly	a	49.8921	-6.3444
Micklefield	Buckinghamshire	a	51.6268	-0.7159
Moulsham Green	Hart	a	51.3464	-0.8426
Martin's Heron	Bracknell Forest	a	51.4103	-0.7193
Matthewsgreen	Wokingham	a	51.42	-0.8442
Montgomery Lines	Rushmoor	a	51.2583	-0.7559
Middle Bourne	Waverley	a	51.1949	-0.8027
Mayford	Woking	a	51.2952	-0.5727
Middleton-on-Sea	Arun	a	50.7939	-0.6134
Merryhill Green	Wokingham	a	51.4356	-0.8691
Mount Pleasant	East Hampshire	a	51.1467	-0.9761
Midanbury	City of Southampton	a	50.925	-1.3624
Merry Oak	City of Southampton	a	50.9076	-1.3644
Millbrook	City of Southampton	a	50.924	-1.4545
Maybush	City of Southampton	a	50.9314	-1.4478
Moredon	Swindon	a	51.5865	-1.8111
Mannington	Swindon	a	51.5533	-1.8129
Middleleaze	Wiltshire	a	51.566	-1.8471
Maddington	Wiltshire	a	51.1974	-1.9035
Mount Sorrel	Wiltshire	a	51.0237	-1.9572
Milford	Wiltshire	a	51.0675	-1.7783
Moortown	New Forest	a	50.8343	-1.783
Millbottom	Stroud	a	51.6908	-2.2223
Melksham Forest	Wiltshire	a	51.3834	-2.1262
Morton	South Gloucestershire	a	51.6174	-2.5151
Moorfields	City of Bristol	a	51.4597	-2.563
Mayfield Park	City of Bristol	a	51.4734	-2.5275
Moorlands	Bath and North East Somerset	a	51.3675	-2.3744
Murhill	Wiltshire	a	51.3448	-2.2941
Mount Hill	South Gloucestershire	a	51.4521	-2.5027
Marston Gate	Mendip	a	51.2173	-2.3362
Monger	Bath and North East Somerset	a	51.2959	-2.4894
Montpelier	City of Bristol	a	51.4709	-2.5852
Maines Batch	North Somerset	a	51.3651	-2.7627
Middletown	North Somerset	a	51.4439	-2.7962
Middle Leigh	Mendip	a	51.1208	-2.739
May Pole Knap	South Somerset	a	51.0533	-2.7421
Merriottsford	South Somerset	a	50.9054	-2.7929
Marshes	Casnewydd - Newport	a	51.5933	-2.9965
Maes-glas	Casnewydd - Newport	a	51.5693	-3.0161
Maindee	Casnewydd - Newport	a	51.5894	-2.975
Millbrook	Caerffili - Caerphilly	a	51.682	-3.1504
Malpas	Casnewydd - Newport	a	51.61	-3.0057
Milton	North Somerset	a	51.3545	-2.9419
Maidenbrook	Somerset West and Taunton	a	51.0313	-3.0756
Mill Cross	Somerset West and Taunton	a	51.0551	-3.11
Miskin	Rhondda Cynon Taf - Rhondda Cynon Taf	a	51.6753	-3.3715
Morganstown	Caerdydd - Cardiff	a	51.5284	-3.2595
Mount Pleasant	Rhondda Cynon Taf - Rhondda Cynon Taf	a	51.6156	-3.4188
Maesycoed	Rhondda Cynon Taf - Rhondda Cynon Taf	a	51.5976	-3.3519
Mornington Meadows	Caerffili - Caerphilly	a	51.5851	-3.2013
Maindy	Caerdydd - Cardiff	a	51.4975	-3.1917
Morristown	Bro Morgannwg - the Vale of Glamorgan	a	51.4337	-3.1873
Merthyr Dyfan	Bro Morgannwg - the Vale of Glamorgan	a	51.4205	-3.2713
Murch	Bro Morgannwg - the Vale of Glamorgan	a	51.4335	-3.2089
Michaelston-super-Ely	Caerdydd - Cardiff	a	51.4732	-3.2696
Moorhayes Park	Mid Devon	a	50.9159	-3.4738
Mount Pleasant	Abertawe - Swansea	a	51.6243	-3.9523
Manselton	Abertawe - Swansea	a	51.6426	-3.9533
Mynydd-Garn-Lwyd	Abertawe - Swansea	a	51.6592	-3.9432
Morriston	Abertawe - Swansea	a	51.6655	-3.9256
Mumbles	Abertawe - Swansea	a	51.5755	-4.0018
Mynydd-bach	Abertawe - Swansea	a	51.6613	-3.9505
Mount Pleasant	Castell-nedd Port Talbot - Neath Port Talbot	a	51.6537	-3.8023
Mayhill	Abertawe - Swansea	a	51.6289	-3.9578
Margam	Castell-nedd Port Talbot - Neath Port Talbot	a	51.5742	-3.7564
Mayals	Abertawe - Swansea	a	51.5935	-4.0101
Morfa	Sir Gaerfyrddin - Carmarthenshire	a	51.6679	-4.1442
Medbourne	Milton Keynes	a	52.0204	-0.8062
Milton Keynes Village	Milton Keynes	a	52.0424	-0.7041
Middleton	Milton Keynes	a	52.0397	-0.7113
Monkston Park	Milton Keynes	a	52.0337	-0.7084
Monkston	Milton Keynes	a	52.0384	-0.7015
Middle End	Central Bedfordshire	a	51.8864	-0.5767
Moor End	Central Bedfordshire	a	51.8712	-0.5837
Manor Park	Buckinghamshire	a	51.8225	-0.8043
Monks Risborough	Buckinghamshire	a	51.7338	-0.8267
Moulton Park	West Northamptonshire	a	52.2752	-0.8648
Moulton Leys	West Northamptonshire	a	52.2786	-0.8583
Merefield	West Northamptonshire	a	52.212	-0.911
Middle Weald	Milton Keynes	a	52.0386	-0.8434
Mount Pleasant	Buckinghamshire	a	51.9924	-0.9928
Model Village	Stratford-on-Avon	a	52.2743	-1.3936
Marston	Oxford	a	51.7756	-1.2382
Manor House	Coventry	a	52.4414	-1.4701
Mount Pleasant	Coventry	a	52.4295	-1.4359
Mount Pleasant	Nuneaton and Bedworth	a	52.4816	-1.4745
Monks Park	Coventry	a	52.4407	-1.5086
Myton	Warwick	a	52.2772	-1.5454
Middle Stoke	Coventry	a	52.41	-1.4799
Milverton	Warwick	a	52.2912	-1.5468
Mill End	Warwick	a	52.3519	-1.5674
Millend	West Oxfordshire	a	51.9	-1.5297
Minworth	Birmingham	a	52.5269	-1.7678
Maney	Birmingham	a	52.5599	-1.8181
Mayer's Green	Sandwell	a	52.522	-1.9867
Merry Hill	Sandwell	a	52.4961	-1.9445
Mere Green	Birmingham	a	52.5875	-1.8296
Moseley	Birmingham	a	52.4411	-1.8858
Marston Green	Solihull	a	52.4665	-1.7464
Moor Green	Birmingham	a	52.4387	-1.9043
Moor Hall	Birmingham	a	52.5785	-1.8202
Moon's Moat	Redditch	a	52.317	-1.8891
Monkspath	Solihull	a	52.388	-1.7892
Matchborough	Redditch	a	52.2932	-1.8857
Milton End	Cotswold	a	51.7091	-1.7897
Millfields	City of Wolverhampton	a	52.5622	-2.0894
Moxley	Walsall	a	52.557	-2.0475
Mushroom Green	Dudley	a	52.4788	-2.094
Mesty Croft	Sandwell	a	52.5512	-2.0095
March End	City of Wolverhampton	a	52.5972	-2.0793
Moseley Village	City of Wolverhampton	a	52.5842	-2.0865
Merry Hill	City of Wolverhampton	a	52.572	-2.1737
Monmore Green	City of Wolverhampton	a	52.5792	-2.1028
Merridale	City of Wolverhampton	a	52.5814	-2.1531
Montpellier	Cheltenham	a	51.8941	-2.0824
Marle Hill	Cheltenham	a	51.9152	-2.0765
Moor End	Cheltenham	a	51.8833	-2.061
Mitton	Tewkesbury	a	52.0019	-2.1466
Matson	Gloucester	a	51.8342	-2.221
Mount Pleasant	Stroud	a	51.7416	-2.2034
Malvern Link	Malvern Hills	a	52.127	-2.3144
Merrivale	County of Herefordshire	a	51.9088	-2.5795
Mount Pleasant	Forest of Dean	a	51.8192	-2.4969
Moorfields	County of Herefordshire	a	52.0597	-2.7202
Moor Park	County of Herefordshire	a	52.0658	-2.7356
May Hill	Sir Fynwy - Monmouthshire	a	51.8153	-2.7016
Mardy	Sir Fynwy - Monmouthshire	a	51.8366	-3.0046
Middle Coedcae	Torfaen - Torfaen	a	51.7711	-3.0741
Mount Pleasant	Torfaen - Torfaen	a	51.7117	-3.0567
Mochdre	Powys - Powys	a	52.5012	-3.3355
Milford	Powys - Powys	a	52.5121	-3.3348
Maesyrhandir	Powys - Powys	a	52.5056	-3.3333
Morgan Town	Merthyr Tudful - Merthyr Tydfil	a	51.7503	-3.3796
Mountain Hare	Merthyr Tudful - Merthyr Tydfil	a	51.7462	-3.3596
Mountain Air	Blaenau Gwent - Blaenau Gwent	a	51.7808	-3.2227
Morfa Glas	Castell-nedd Port Talbot - Neath Port Talbot	a	51.7445	-3.6351
Morfa Borth	Sir Ceredigion - Ceredigion	a	52.4932	-4.0516
Mount Pleasant	Abertawe - Swansea	a	51.6954	-3.895
Mount Pleasant	Sir Gaerfyrddin - Carmarthenshire	a	51.6866	-4.1575
Monkton	Sir Benfro - Pembrokeshire	a	51.6739	-4.9285
Merlin's Cross	Sir Benfro - Pembrokeshire	a	51.6709	-4.9017
Morton	West Lindsey	a	53.4183	-0.7854
Manthorpe	South Kesteven	a	52.9287	-0.632
Mosborough	Sheffield	a	53.3261	-1.3642
Masbrough	Rotherham	a	53.4333	-1.3746
Moorgate	Rotherham	a	53.4098	-1.3276
Middlecroft	Chesterfield	a	53.2559	-1.3695
Manton	Bassetlaw	a	53.3023	-1.1056
Mastin Moor	Chesterfield	a	53.2769	-1.3201
Mapperley	City of Nottingham	a	52.9802	-1.132
Mapperley Park	City of Nottingham	a	52.9706	-1.152
Marlpool	Amber Valley	a	53.0058	-1.3497
Moorgreen	Broxtowe	a	53.023	-1.278
Meadows	City of Nottingham	a	52.9418	-1.1495
Mowmacre Hill	City of Leicester	a	52.6683	-1.1443
Mortomley	Sheffield	a	53.4738	-1.4852
Meadow Head	Sheffield	a	53.3345	-1.4848
Manor Park	Sheffield	a	53.3759	-1.4347
Malinbridge	Sheffield	a	53.3994	-1.5128
Middlewood	Sheffield	a	53.4166	-1.525
Meersbrook	Sheffield	a	53.3534	-1.4642
Meersbrook Bank	Sheffield	a	53.3518	-1.4769
Millhouses	Sheffield	a	53.3467	-1.5038
Manor Estate	Sheffield	a	53.3724	-1.4165
Matlock Bank	Derbyshire Dales	a	53.1422	-1.5507
Matlock Bridge	Derbyshire Dales	a	53.1383	-1.5555
Marehay	Amber Valley	a	53.0353	-1.4074
Matlock Green	Derbyshire Dales	a	53.1347	-1.5484
Mount Pleasant	Amber Valley	a	53.0357	-1.4922
Matlock Dale	Derbyshire Dales	a	53.1276	-1.5596
Mickleover	City of Derby	a	52.906	-1.5436
Mount Pleasant	South Derbyshire	a	52.8247	-1.4355
Mackworth	City of Derby	a	52.9256	-1.521
Markeaton	City of Derby	a	52.9359	-1.5083
Mount Pleasant	East Staffordshire	a	52.898	-1.8703
Mile Oak	Lichfield	a	52.6208	-1.732
Moorend	Stockport	a	53.3936	-2.0163
Mudd	Tameside	a	53.4536	-2.0109
Mid Reddish	Stockport	a	53.4351	-2.1637
Mottram Rise	Tameside	a	53.4714	-2.0279
Miles Platting	Manchester	a	53.4911	-2.2133
Midway	Cheshire East	a	53.3448	-2.1217
Moss Nook	Manchester	a	53.3673	-2.242
Moss Side	Manchester	a	53.459	-2.244
Millbrook	Tameside	a	53.4942	-2.0318
Mile End	Stockport	a	53.3945	-2.1397
Moss Lane	Cheshire East	a	53.2424	-2.1319
Mossley	Cheshire East	a	53.1541	-2.1927
Meir Hay	City of Stoke-on-Trent	a	52.9858	-2.1176
Meir	City of Stoke-on-Trent	a	52.974	-2.0882
May Bank	Newcastle-under-Lyme	a	53.0246	-2.2148
Middleport	City of Stoke-on-Trent	a	53.0436	-2.2082
Meir Heath	Stafford	a	52.9577	-2.1096
Milton	City of Stoke-on-Trent	a	53.0491	-2.1453
Moss Pit	Stafford	a	52.7798	-2.1132
Mill Green	Cannock Chase	a	52.6862	-2.0187
Monton	Salford	a	53.492	-2.3558
Martinscroft	Warrington	a	53.3965	-2.5162
Marsland Green	Wigan	a	53.4919	-2.4834
Manor Park	Cheshire East	a	53.1862	-2.4518
Madeley Heath	Newcastle-under-Lyme	a	53.0107	-2.3178
Marshfield Bank	Cheshire East	a	53.0945	-2.4849
Middle Madeley	Newcastle-under-Lyme	a	53.0026	-2.3394
Maw Green	Cheshire East	a	53.1118	-2.4298
Malinslee	Telford and Wrekin	a	52.6739	-2.4568
Muxton	Telford and Wrekin	a	52.722	-2.4219
Madeley	Telford and Wrekin	a	52.6356	-2.4549
Moss Bank	Halton	a	53.3636	-2.7091
Murdishaw	Halton	a	53.3252	-2.6662
Moss Nook	St. Helens	a	53.4421	-2.7009
Mill Yard	Liverpool	a	53.4208	-2.8894
Marshall's Cross	St. Helens	a	53.4257	-2.7248
Manor Park	Halton	a	53.3494	-2.6714
Moss Bank	St. Helens	a	53.478	-2.7344
Marsh Green	Cheshire West and Chester	a	53.2944	-2.7328
Meole Brace	Shropshire	a	52.6909	-2.7637
Monkmoor	Shropshire	a	52.7174	-2.7236
Mount Pleasant	Shropshire	a	52.7279	-2.7411
Mossley Hill	Liverpool	a	53.3784	-2.917
Moreton	Wirral	a	53.4013	-3.1116
Mount Pleasant	Sir y Fflint - Flintshire	a	53.2429	-3.136
Maes-y-Dre	Sir y Fflint - Flintshire	a	53.1751	-3.1494
Moorside	Cheshire West and Chester	a	53.2884	-3.0741
Moss	Wrecsam - Wrexham	a	53.0758	-3.0391
Marford	Wrecsam - Wrexham	a	53.0984	-2.9575
Maes-y-Dre	Wrecsam - Wrexham	a	53.0511	-2.9835
Moors Bank	Shropshire	a	52.9179	-3.0192
Maes Pennant	Sir y Fflint - Flintshire	a	53.3075	-3.2563
Milwr	Sir y Fflint - Flintshire	a	53.263	-3.2141
Myddleton Park	Sir Ddinbych - Denbighshire	a	53.1836	-3.3962
Mochdre	Conwy - Conwy	a	53.2909	-3.7625
Mount Pleasant	Conwy - Conwy	a	53.2789	-3.8439
Maen-Offeren	Gwynedd - Gwynedd	a	52.9929	-3.9342
Manod	Gwynedd - Gwynedd	a	52.9818	-3.93
Maesgeirchen	Gwynedd - Gwynedd	a	53.2252	-4.1142
MÃ´rawelon	Sir Ynys Mon - Isle of Anglesey	a	53.3054	-4.6214
Marian-y-mor	Gwynedd - Gwynedd	a	52.8811	-4.4232
Miry Hole	Hambleton	a	54.2494	-1.3443
Micklethwaite Village	Leeds	a	53.9251	-1.3858
Mount Pleasant	Leeds	a	53.7653	-1.3646
Moor Gate	Leeds	a	53.7726	-1.3728
Marl Pits	Wakefield	a	53.693	-1.3195
Moor Garforth	Leeds	a	53.797	-1.3882
Monkhill	Wakefield	a	53.6984	-1.3027
Manvers	Rotherham	a	53.5089	-1.3359
Moorthorpe	Wakefield	a	53.5939	-1.2986
Mount Pleasant	Wakefield	a	53.6449	-1.3382
Minsthorpe	Wakefield	a	53.6029	-1.2877
Moorside	Harrogate	a	53.9776	-1.4906
Moke Hill	Harrogate	a	54.0298	-1.6792
Monkswood	Leeds	a	53.834	-1.4707
Moorside	Leeds	a	53.8202	-1.6283
Morley Hole	Leeds	a	53.7513	-1.6098
Meanwood	Leeds	a	53.8325	-1.5611
Moor Head	Leeds	a	53.7643	-1.6405
Middleton	Leeds	a	53.7513	-1.541
Moor Allerton	Leeds	a	53.8458	-1.5491
Mill Bridge	Kirklees	a	53.7094	-1.6893
Manston	Leeds	a	53.8104	-1.4391
Moortown	Leeds	a	53.8424	-1.5363
Mabgate	Leeds	a	53.8004	-1.533
Mount Pleasant	Kirklees	a	53.7091	-1.6372
Mill Shaw	Leeds	a	53.7659	-1.5751
Milton	Barnsley	a	53.4971	-1.4376
Monk Bretton	Barnsley	a	53.5666	-1.4533
Milnthorpe	Wakefield	a	53.654	-1.4865
Measborough Dike	Barnsley	a	53.547	-1.4591
Mapplewell	Barnsley	a	53.585	-1.5042
Moorside	Bradford	a	53.81	-1.7213
Moor End	Bradford	a	53.8269	-1.7374
Marsh	Kirklees	a	53.7217	-1.7122
Marsh Top	Bradford	a	53.8189	-1.9558
Manningham	Bradford	a	53.8088	-1.7736
Marsh	Bradford	a	53.8171	-1.9617
Moorbottom	Kirklees	a	53.721	-1.7289
Moor Side	Bradford	a	53.8155	-1.9686
Moorend	Kirklees	a	53.732	-1.7197
Moorhead	Bradford	a	53.8318	-1.7972
Moor Top	Bradford	a	53.7555	-1.7776
Mixenden	Calderdale	a	53.7511	-1.9081
Marshfields	Bradford	a	53.7738	-1.7663
Mount	Kirklees	a	53.66	-1.853
Milnsbridge	Kirklees	a	53.6404	-1.8299
Mag Dale	Kirklees	a	53.6104	-1.7907
Moldgreen	Kirklees	a	53.645	-1.7616
Marsh	Kirklees	a	53.6498	-1.8094
Middle Town	Craven	a	53.9609	-2.0109
Middleton	Craven	a	53.8857	-2.052
Mill Fields	Craven	a	53.9645	-2.0202
Mereclough	Burnley	a	53.7702	-2.1917
Mytholm	Calderdale	a	53.7441	-2.0264
Millwood	Calderdale	a	53.7142	-2.0872
Machpelah	Calderdale	a	53.7392	-2.0088
Marslands	Oldham	a	53.5603	-2.0032
Mitchell Hey	Rochdale	a	53.6148	-2.1625
Middle Healey	Rochdale	a	53.6369	-2.1719
Mumps	Oldham	a	53.5465	-2.1041
Moorhey	Oldham	a	53.5369	-2.0926
Moorside	Oldham	a	53.5629	-2.0744
Moss Grove	Oldham	a	53.52	-2.1235
Moorclose	Rochdale	a	53.5433	-2.1776
Moss Hey	Oldham	a	53.5763	-2.094
Moston	Manchester	a	53.5137	-2.1863
Mills Hill	Oldham	a	53.5516	-2.1685
Mossley Cross	Tameside	a	53.515	-2.0509
Marland	Rochdale	a	53.6017	-2.1836
Middleton Junction	Oldham	a	53.5402	-2.1702
Mossley Brow	Tameside	a	53.5176	-2.044
Mayfield	Rochdale	a	53.6221	-2.1356
Micklehurst	Tameside	a	53.5131	-2.0319
Mill Hill	Blackburn with Darwen	a	53.7337	-2.5059
Miller Fold	Hyndburn	a	53.7406	-2.3726
Moss Bridge	Blackburn with Darwen	a	53.7139	-2.4815
Milnshaw	Hyndburn	a	53.7588	-2.3724
Moorgate	Blackburn with Darwen	a	53.7278	-2.4981
Moses Gate	Bolton	a	53.5553	-2.4024
Mosley Common	Wigan	a	53.5072	-2.4314
Mill Hill	Bolton	a	53.5815	-2.4164
Markland Hill	Bolton	a	53.5834	-2.4776
Moorside	Salford	a	53.5077	-2.3542
Mintsfeet	South Lakeland	a	54.3373	-2.7425
Millhead	Lancaster	a	54.1361	-2.7721
Marsh	Lancaster	a	54.0495	-2.8143
Moorlands	Lancaster	a	54.047	-2.7913
Moss Side	South Ribble	a	53.6928	-2.7324
Much Hoole Town	South Ribble	a	53.6955	-2.8014
Middleforth Green	South Ribble	a	53.7431	-2.7102
Maudlands	Preston	a	53.7661	-2.7179
Marylebone	Wigan	a	53.56	-2.6275
Martland Mill	Wigan	a	53.5566	-2.6653
Marsh Green	Wigan	a	53.5485	-2.6718
Moor End	Wyre	a	53.8959	-2.9501
Mereside	Blackpool	a	53.7972	-3.0018
Marton Fold	Fylde	a	53.7805	-3.0339
Moor Park	Sefton	a	53.4974	-3.0151
Marshside	Sefton	a	53.6691	-2.9723
Middleton	Hartlepool	a	54.6934	-1.1963
Mount Pleasant	Stockton-on-Tees	a	54.58	-1.3067
Marton	Middlesbrough	a	54.5298	-1.199
Marton Grove	Middlesbrough	a	54.5559	-1.2288
Malvin's Close	Northumberland	a	55.1274	-1.5296
Marden	North Tyneside	a	55.0292	-1.4498
Monkton	South Tyneside	a	54.9677	-1.4977
Mayfield Dale	Northumberland	a	55.0844	-1.5759
Mayfield Grange	Northumberland	a	55.0841	-1.5688
Mill Dam	South Tyneside	a	54.9919	-1.4408
Melton Park	Newcastle upon Tyne	a	55.0244	-1.6173
Mount Pleasant	Gateshead	a	54.9511	-1.5891
Monkseaton	North Tyneside	a	55.0411	-1.4639
Mayfield Glade	Northumberland	a	55.0844	-1.5774
Millfield	Sunderland	a	54.9077	-1.4043
Marley Pots	Sunderland	a	54.9256	-1.4123
Mount Pleasant	Sunderland	a	54.8784	-1.5134
Monkwearmouth	Sunderland	a	54.9189	-1.3792
Middle Herrington	Sunderland	a	54.873	-1.4446
Moorside	Sunderland	a	54.8662	-1.424
Merryoaks	County Durham	a	54.7654	-1.593
Mount Pleasant	County Durham	a	54.7018	-1.5813
Merrington Lane	County Durham	a	54.6923	-1.5931
Middlestone Moor	County Durham	a	54.6862	-1.6265
Mowden	Darlington	a	54.5296	-1.5929
Moorside	County Durham	a	54.8406	-1.8685
Market Brough	Eden	a	54.5269	-2.3197
Morton	Carlisle	a	54.8878	-2.9625
Marjoriebanks	Dumfries and Galloway	a	55.1363	-3.4413
Moorclose	Allerdale	a	54.6292	-3.5441
Maxwelltown	Dumfries and Galloway	a	55.0624	-3.6217
Marchmount	Dumfries and Galloway	a	55.0763	-3.5983
Milldamhead	Dumfries and Galloway	a	55.0695	-3.5921
Mossbay	Allerdale	a	54.6371	-3.5604
Mirehouse West	Copeland	a	54.5255	-3.5788
Mirehouse East	Copeland	a	54.5269	-3.5716
Minnigaff	Dumfries and Galloway	a	54.9673	-4.4832
Maxwellheugh	Scottish Borders	a	55.5929	-2.4311
Methilhill	Fife	a	56.1861	-3.0369
Muiredge	Fife	a	56.1773	-3.0399
Monktonhall	East Lothian	a	55.9303	-3.0609
Muirhouse	City of Edinburgh	a	55.972	-3.2583
Murrayfield	City of Edinburgh	a	55.9476	-3.247
Moredun	City of Edinburgh	a	55.9137	-3.1362
Merchiston	City of Edinburgh	a	55.9317	-3.2212
Marchmont	City of Edinburgh	a	55.9364	-3.1944
Morningside	City of Edinburgh	a	55.923	-3.2145
Meadowbank	City of Edinburgh	a	55.9553	-3.1556
Monkswood	Midlothian	a	55.8652	-3.0614
Mortonhall	City of Edinburgh	a	55.8997	-3.1758
Mauricewood	Midlothian	a	55.8398	-3.2189
Mossgreen	Fife	a	56.0835	-3.3606
Milesmark	Fife	a	56.0846	-3.4993
Muirhouses	Falkirk	a	56.0078	-3.5765
Mingle	Falkirk	a	56.0077	-3.6007
Mid Calder	West Lothian	a	55.8924	-3.4812
Malleny Mills	City of Edinburgh	a	55.879	-3.3336
Murieston	West Lothian	a	55.8675	-3.5011
Merchiston	Falkirk	a	56.0085	-3.7968
Mungal	Falkirk	a	56.0139	-3.7961
Middlefield	Falkirk	a	56.008	-3.7673
Maidenpark	Falkirk	a	56.0085	-3.6187
Mayfield	West Lothian	a	55.893	-3.6939
Milton	South Lanarkshire	a	55.6437	-3.8837
Millerston	North Lanarkshire	a	55.8867	-4.1641
Mossend	North Lanarkshire	a	55.8195	-4.0065
Mount Vernon	Glasgow City	a	55.8448	-4.1432
Maes-glas	Glasgow City	a	55.8581	-4.1699
Millersneuk	East Dunbartonshire	a	55.9228	-4.1417
Merkland	East Dunbartonshire	a	55.9426	-4.1343
Machan	South Lanarkshire	a	55.7332	-3.9688
Millheugh	South Lanarkshire	a	55.7348	-3.9881
Meadowhill	South Lanarkshire	a	55.7418	-3.9675
Mossneuk	South Lanarkshire	a	55.7516	-4.2282
Milnwood	North Lanarkshire	a	55.8164	-4.0009
Muirhouse	North Lanarkshire	a	55.7737	-3.9642
Meikle Earnock	South Lanarkshire	a	55.757	-4.0572
Mill of Haldane	West Dunbartonshire	a	56.0016	-4.5642
Meikleriggs	Renfrewshire	a	55.8348	-4.4482
Mount Florida	Glasgow City	a	55.8255	-4.2571
Mosspark	Glasgow City	a	55.8412	-4.3183
Mountblow	West Dunbartonshire	a	55.9219	-4.4334
Merchant City	Glasgow City	a	55.8596	-4.246
Moorpark	Renfrewshire	a	55.8679	-4.3976
Mansewood	Glasgow City	a	55.8151	-4.3042
Millarston	Renfrewshire	a	55.8395	-4.4658
Millikenpark	Renfrewshire	a	55.83	-4.5377
Milton	Glasgow City	a	55.897	-4.2467
Moorpark	Glasgow City	a	55.8561	-4.3108
Maryhill	Glasgow City	a	55.894	-4.298
Merrylee	East Renfrewshire	a	55.8107	-4.281
Mearns	East Renfrewshire	a	55.7681	-4.3218
Muirend	Glasgow City	a	55.8108	-4.2773
Maukinhill	Inverclyde	a	55.9343	-4.7404
Midton	Inverclyde	a	55.9504	-4.8275
Mid Auchinleck	Inverclyde	a	55.9212	-4.6631
Mayfield	North Ayrshire	a	55.641	-4.7643
Meadowfoot	North Ayrshire	a	55.6925	-4.8511
Muirhead	South Ayrshire	a	55.5548	-4.6411
Masonhill	South Ayrshire	a	55.4507	-4.6053
Montford	Argyll and Bute	a	55.8335	-5.0259
Mid Kiscadale	North Ayrshire	a	55.4903	-5.0974
Margnaheglish	North Ayrshire	a	55.543	-5.1193
Margnaheglish	North Ayrshire	a	55.7031	-5.2897
Millhill	North Ayrshire	a	55.6991	-5.2772
Mill Knowe	Argyll and Bute	a	55.4277	-5.6103
Maryfield	Dundee City	a	56.4775	-2.9558
Menzieshill	Dundee City	a	56.4668	-3.0373
Macedonia	Fife	a	56.196	-3.2048
Mount Frost	Fife	a	56.203	-3.1504
Moncreiffe	Perth and Kinross	a	56.3819	-3.4357
Muirton	Perth and Kinross	a	56.4163	-3.4492
Middlebridge	Perth and Kinross	a	56.7776	-3.8363
Moulin	Perth and Kinross	a	56.7133	-3.7271
Muirton	Perth and Kinross	a	56.2873	-3.7396
Milton	Perth and Kinross	a	56.2974	-3.6951
Milton	Stirling	a	56.1814	-4.4125
Malaig Bheag	Highland	a	57.0117	-5.8112
Middle Grange	Aberdeenshire	a	57.5064	-1.8093
Meethill	Aberdeenshire	a	57.4992	-1.8048
Meiklemill	Aberdeenshire	a	57.3615	-2.0883
Mastrick	Aberdeen City	a	57.1558	-2.1626
Mannofield	Aberdeen City	a	57.1313	-2.1395
Middleton Park	Aberdeen City	a	57.1931	-2.1248
Middlefield	Aberdeen City	a	57.1705	-2.1474
Milnafua	Highland	a	57.7009	-4.2277
Millburn	Highland	a	57.4821	-4.2113
Merkinch	Highland	a	57.4849	-4.2369
Morefield	Highland	a	57.9058	-5.162
Mial	Highland	a	57.7378	-5.7022
Malacleit	Na h-Eileanan an Iar	a	57.6375	-7.3759
Milton	Highland	a	58.4411	-3.1182
Mountvernon	Highland	a	58.5863	-3.5225
Millbank	Highland	a	58.5893	-3.5158
Mountpleasant	Highland	a	58.5922	-3.5101
Modsary	Highland	a	58.527	-4.3189
Midtown	Highland	a	58.5135	-4.4387
Mealabost Bhuirgh	Na h-Eileanan an Iar	a	58.43	-6.4338
Mail	Shetland Islands	a	60.0345	-1.2265
ME11	Swale		51.4162	0.7412
ME10	Swale		51.342	0.7528
ME12	Swale		51.4054	0.8595
ME9	Swale		51.2875	0.8105
ME13	Swale		51.2724	0.8064
ME3	Medway		51.4546	0.5658
ME4	Medway		51.3554	0.511
ME5	Medway		51.3432	0.5244
ME1	Medway		51.3886	0.5025
ME8	Medway		51.3747	0.5837
ME2	Medway		51.3855	0.4759
ME7	Medway		51.3782	0.5465
ME6	Tonbridge and Malling		51.2743	0.3917
ME99	Maidstone		51.2783	0.5191
ME18	Tonbridge and Malling		51.2667	0.4317
ME17	Maidstone		51.2388	0.5324
ME16	Maidstone		51.2648	0.4777
ME19	Tonbridge and Malling		51.2957	0.3992
ME14	Maidstone		51.2977	0.5133
ME20	Tonbridge and Malling		51.3104	0.4323
ME15	Maidstone		51.2408	0.555
MK40	Bedford		52.1349	-0.4767
MK41	Bedford		52.1645	-0.4543
MK42	Bedford		52.1086	-0.4219
MK45	Central Bedfordshire		52.0051	-0.4282
MK44	Bedford		52.225	-0.5551
MK46	Milton Keynes		52.178	-0.716
MK16	Milton Keynes		52.0509	-0.6922
MK43	Central Bedfordshire		52.0129	-0.5813
MK7	Milton Keynes		52.0254	-0.686
MK1	Milton Keynes		52.005	-0.7182
MK15	Milton Keynes		52.0497	-0.7118
MK13	Milton Keynes		52.0451	-0.7761
MK9	Milton Keynes		52.0449	-0.7582
MK5	Milton Keynes		52.0193	-0.773
MK3	Milton Keynes		51.9917	-0.7511
MK77	Milton Keynes		52.0421	-0.8189
MK2	Milton Keynes		51.9969	-0.7174
MK14	Milton Keynes		52.0503	-0.7506
MK10	Milton Keynes		52.0449	-0.6967
MK4	Milton Keynes		51.9995	-0.7806
MK6	Milton Keynes		52.0342	-0.7434
MK8	Milton Keynes		52.0374	-0.8088
MK12	Milton Keynes		52.0612	-0.8393
MK17	Buckinghamshire		51.9397	-0.839
MK11	Milton Keynes		52.052	-0.8463
MK19	West Northamptonshire		52.0528	-0.886
MK18	Buckinghamshire		52.0105	-0.981
M99	Manchester		53.483	-2.2323
M90	Manchester		53.3607	-2.2826
M2	Manchester		53.4796	-2.2463
M61	Manchester		53.4793	-2.2446
M12	Manchester		53.4694	-2.222
M13	Manchester		53.455	-2.1985
M15	Manchester		53.4651	-2.2407
M1	Manchester		53.4804	-2.2335
M4	Manchester		53.4887	-2.2381
M60	Manchester		53.4874	-2.2272
M20	Manchester		53.4391	-2.2361
M18	Manchester		53.4686	-2.1626
M19	Manchester		53.437	-2.186
M11	Manchester		53.4759	-2.1645
M14	Manchester		53.4501	-2.228
M3	Manchester		53.4806	-2.2511
M22	Manchester		53.3858	-2.2723
M21	Manchester		53.4396	-2.2743
M34	Tameside		53.4391	-2.1071
M16	Trafford		53.4352	-2.3169
M50	Salford		53.4821	-2.3102
M31	Trafford		53.414	-2.4357
M17	Trafford		53.4697	-2.3332
M23	Manchester		53.4012	-2.3072
M5	Salford		53.4878	-2.3072
M41	Trafford		53.4511	-2.3543
M33	Trafford		53.4144	-2.3326
M44	Salford		53.4265	-2.4395
M32	Trafford		53.4481	-2.3226
M43	Tameside		53.4968	-2.1272
M8	Manchester		53.5069	-2.2433
M25	Bury		53.5284	-2.2495
M40	Manchester		53.5185	-2.1788
M9	Manchester		53.5166	-2.212
M24	Rochdale		53.5517	-2.185
M7	Salford		53.5065	-2.2526
M35	Oldham		53.5111	-2.1394
M30	Salford		53.4963	-2.3484
M6	Salford		53.5032	-2.3051
M45	Bury		53.5548	-2.3059
M38	Salford		53.5381	-2.4211
M26	Bolton		53.5424	-2.3547
M29	Wigan		53.5113	-2.4568
M28	Salford		53.5252	-2.4139
M46	Bolton		53.5333	-2.4709
M27	Salford		53.5108	-2.3061
ML7	North Lanarkshire		55.8193	-3.7733
ML8	South Lanarkshire		55.7361	-3.8541
ML12	South Lanarkshire		55.441	-3.6564
ML6	North Lanarkshire		55.8657	-3.9632
ML5	North Lanarkshire		55.8544	-4.0272
ML1	North Lanarkshire		55.7975	-3.9956
ML2	North Lanarkshire		55.7693	-3.9481
ML4	North Lanarkshire		55.8139	-4.031
ML9	South Lanarkshire		55.7342	-3.9468
ML3	South Lanarkshire		55.7537	-4.0476
ML11	South Lanarkshire		55.6151	-3.9173
ML10	South Lanarkshire		55.6337	-4.0738
Monkton	Thanet	v	51.3393	1.2797
Maypole	Canterbury	v	51.3394	1.1624
Manston	Thanet	v	51.3461	1.3697
Mount Pleasant	Thanet	v	51.345	1.3174
Minster	Thanet	v	51.3346	1.3145
Martin	Dover	v	51.1745	1.3444
Marshborough	Dover	v	51.2683	1.3032
Martin Mill	Dover	v	51.17	1.3489
Molash	Ashford	v	51.2283	0.9011
Mersham	Ashford	v	51.1212	0.9321
Moor Street	Medway	v	51.3605	0.628
Middle Stoke	Medway	v	51.4484	0.6328
Mundy Bois	Ashford	v	51.1779	0.7272
Milstead	Swale	v	51.2962	0.7294
Mill Corner	Rother	v	50.9814	0.5958
Mountnessing	Brentwood	v	51.6535	0.3531
Meopham	Gravesham	v	51.3695	0.3602
Matfield	Tunbridge Wells	v	51.1524	0.3691
Mereworth	Tonbridge and Malling	v	51.2586	0.3763
Marden	Maidstone	v	51.1736	0.4969
Mountfield	Rother	v	50.9522	0.48
Magham Down	Wealden	v	50.8816	0.2864
Maypole	Bromley	v	51.3546	0.1408
Marsh Green	Sevenoaks	v	51.1783	0.0557
Markbeech	Sevenoaks	v	51.1655	0.1088
Marlpit Hill	Sevenoaks	v	51.2106	0.0605
Mayfield	Wealden	v	51.0202	0.259
Marden's Hill	Wealden	v	51.0706	0.14
Mark Cross	Wealden	v	51.0591	0.2567
Maresfield	Wealden	v	50.9972	0.0878
Maynard's Green	Wealden	v	50.9482	0.25
Milton Street	Wealden	v	50.8162	0.1772
Mount Pleasant	Lewes	v	50.9321	0.025
Muddles Green	Wealden	v	50.8995	0.1986
Mogador	Reigate and Banstead	v	51.2632	-0.2229
Merstham	Reigate and Banstead	v	51.2689	-0.151
Margery	Reigate and Banstead	v	51.2602	-0.2064
Monk's Gate	Horsham	v	51.035	-0.2864
Mannings Heath	Horsham	v	51.0449	-0.2831
Maple Cross	Three Rivers	v	51.6244	-0.5091
Malden Rushett	Kingston upon Thames	v	51.3405	-0.32
Mickleham	Mole Valley	v	51.2689	-0.3235
Mid Holmwood	Mole Valley	v	51.2035	-0.3302
Maplehurst	Horsham	v	51.0085	-0.3062
Marehill	Horsham	v	50.9535	-0.4845
Maypole Green	South Norfolk	v	52.5042	1.5603
Mutford	East Suffolk	v	52.4355	1.6588
Mill Common	East Suffolk	v	52.3804	1.5379
Middleton	East Suffolk	v	52.2533	1.5564
Mendham	Mid Suffolk	v	52.3974	1.3374
Metfield	Mid Suffolk	v	52.3727	1.3695
Mettingham	East Suffolk	v	52.457	1.4744
Melton	East Suffolk	v	52.1052	1.33
Marlesford	East Suffolk	v	52.1733	1.3973
Martlesham Heath	East Suffolk	v	52.06	1.2746
Martlesham	East Suffolk	v	52.07	1.2729
Morley St Botolph	South Norfolk	v	52.5564	1.0582
Mickfield	Mid Suffolk	v	52.2117	1.1246
Mendlesham Green	Mid Suffolk	v	52.2276	1.0662
Mellis	Mid Suffolk	v	52.3268	1.0744
Mendlesham	Mid Suffolk	v	52.2498	1.0797
Moats Tye	Mid Suffolk	v	52.1552	0.9826
Mistley	Tendring	v	51.9449	1.079
Mundford	Breckland	v	52.5129	0.654
Market Weston	West Suffolk	v	52.3603	0.915
Mill Green	Mid Suffolk	v	52.1813	0.9175
Mill Green	Babergh	v	52.0465	0.8456
Monks Eleigh	Babergh	v	52.093	0.8685
Mount Bures	Colchester	v	51.9599	0.7732
Middleton	Braintree	v	52.0225	0.7269
Marks Tey	Colchester	v	51.8782	0.7739
Malting Green	Colchester	v	51.8444	0.8663
Mundon	Maldon	v	51.6898	0.7044
Mill End	Maldon	v	51.7159	0.8807
Mayland	Maldon	v	51.6792	0.7675
Maylandsea	Maldon	v	51.687	0.7532
Messing	Colchester	v	51.8362	0.7497
Methwold Hythe	King's Lynn and West Norfolk	v	52.525	0.5216
Methwold	King's Lynn and West Norfolk	v	52.5233	0.5529
Moulton	West Suffolk	v	52.2521	0.4826
Mill End	Uttlesford	v	51.8907	0.3451
Monk Street	Uttlesford	v	51.9335	0.3437
Margaret Roding	Uttlesford	v	51.78	0.3214
Mill Green	Brentwood	v	51.685	0.3694
Margaretting	Chelmsford	v	51.6895	0.4167
Manea	Fenland	v	52.4822	0.1756
Mepal	East Cambridgeshire	v	52.4062	0.1178
Milton	South Cambridgeshire	v	52.2434	0.1615
Molehill Green	Uttlesford	v	51.8994	0.2724
Manuden	Uttlesford	v	51.9176	0.1665
Meesden	East Hertfordshire	v	51.9764	0.0922
Moreton	Epping Forest	v	51.7406	0.2202
Much Hadham	East Hertfordshire	v	51.8584	0.0728
Matching Tye	Epping Forest	v	51.7794	0.1944
Matching Green	Epping Forest	v	51.7779	0.2259
Madingley	South Cambridgeshire	v	52.2257	0.0429
Meldreth	South Cambridgeshire	v	52.0994	0.0064
Melbourn	South Cambridgeshire	v	52.0829	0.0151
Melchbourne	Bedford	v	52.2804	-0.4936
Molesworth	Huntingdonshire	v	52.3719	-0.4261
Milton Ernest	Bedford	v	52.1934	-0.512
Moggerhanger	Central Bedfordshire	v	52.1307	-0.3332
Meppershall	Central Bedfordshire	v	52.0171	-0.3398
Maulden	Central Bedfordshire	v	52.0292	-0.461
Mangrove Green	North Hertfordshire	v	51.9002	-0.3673
Millbrook	Central Bedfordshire	v	52.0389	-0.5245
Markyate	Dacorum	v	51.836	-0.4605
Martham	Great Yarmouth	v	52.7036	1.6342
Meeting House Hill	North Norfolk	v	52.8034	1.4181
Mundesley	North Norfolk	v	52.8768	1.4339
Moulton St Mary	Broadland	v	52.6148	1.538
Morston	North Norfolk	v	52.9515	0.9882
Matlaske	North Norfolk	v	52.868	1.192
Marsham	Broadland	v	52.7695	1.2502
Melton Constable	North Norfolk	v	52.8566	1.0378
Marlingford	South Norfolk	v	52.6384	1.1485
Mattishall	Breckland	v	52.6587	1.0341
Mulbarton	South Norfolk	v	52.5601	1.2337
Mileham	Breckland	v	52.7376	0.8333
Middleton	King's Lynn and West Norfolk	v	52.7158	0.4606
Marham	King's Lynn and West Norfolk	v	52.6602	0.525
Maltby le Marsh	East Lindsey	v	53.3156	0.2033
Mumby	East Lindsey	v	53.2462	0.274
Marshland St James	King's Lynn and West Norfolk	v	52.6656	0.252
Manby	East Lindsey	v	53.3629	0.0966
Marshchapel	East Lindsey	v	53.4717	0.0478
Mareham le Fen	East Lindsey	v	53.1336	-0.0901
Mareham on the Hill	East Lindsey	v	53.1938	-0.0782
Moulton Seas End	South Holland	v	52.8258	-0.0401
Moulton	South Holland	v	52.7989	-0.0633
Moulton Chapel	South Holland	v	52.7463	-0.0844
Murrow	Fenland	v	52.6427	0.0277
Middle Rasen	West Lindsey	v	53.3872	-0.3624
Moortown	West Lindsey	v	53.478	-0.3863
Minting	East Lindsey	v	53.2514	-0.2272
Martin Dales	North Kesteven	v	53.1397	-0.2557
Metheringham	North Kesteven	v	53.1394	-0.4035
Martin	North Kesteven	v	53.1271	-0.3276
Morton	South Kesteven	v	52.8025	-0.3737
Manthorpe	South Kesteven	v	52.7314	-0.4142
Marholm	City of Peterborough	v	52.6047	-0.3083
Milking Nook	City of Peterborough	v	52.636	-0.2511
Maxey	City of Peterborough	v	52.6584	-0.3376
Mappleton	East Riding of Yorkshire	v	53.8777	-0.137
Muston	Scarborough	v	54.1978	-0.3226
Melton Ross	North Lincolnshire	v	53.5789	-0.3803
Merstone	Isle of Wight	v	50.6629	-1.255
Milford on Sea	New Forest	v	50.7256	-1.5901
Merley	"Bournemouth, Christchurch and Poole"	v	50.7844	-1.9723
Milborne St Andrew	Dorset	v	50.7779	-2.282
Moreton	Dorset	v	50.7044	-2.2984
Martinstown	Dorset	v	50.6993	-2.5021
Maiden Newton	Dorset	v	50.7775	-2.5728
Morcombelake	Dorset	v	50.7439	-2.8483
Melplash	Dorset	v	50.7788	-2.728
Musbury	East Devon	v	50.7467	-3.0307
Metcombe	East Devon	v	50.7187	-3.2928
Marldon	South Hams	v	50.4588	-3.5953
Manaton	Teignbridge	v	50.6168	-3.7682
Moorhaven Village	South Hams	v	50.4002	-3.8733
Moreleigh	South Hams	v	50.362	-3.7358
Modbury	South Hams	v	50.3491	-3.8869
Malborough	South Hams	v	50.2442	-3.8127
Milton Combe	West Devon	v	50.4722	-4.1316
Metherell	Cornwall	v	50.5051	-4.2438
Mary Tavy	West Devon	v	50.5952	-4.1172
Milton Abbot	West Devon	v	50.5918	-4.2521
Meavy	West Devon	v	50.4864	-4.0582
Millbrook	Cornwall	v	50.3479	-4.2176
Membland	South Hams	v	50.3154	-4.0124
Minions	Cornwall	v	50.5155	-4.4521
Merrymeet	Cornwall	v	50.47	-4.4265
Menheniot	Cornwall	v	50.4405	-4.412
Marshgate	Cornwall	v	50.6971	-4.6181
Middle Crackington	Cornwall	v	50.7323	-4.6181
Millpool	Cornwall	v	50.504	-4.6532
Mount	Cornwall	v	50.4827	-4.6196
Mevagissey	Cornwall	v	50.2621	-4.786
Mawgan Porth	Cornwall	v	50.4665	-5.0264
Malpas	Cornwall	v	50.2435	-5.0271
Mitchell	Cornwall	v	50.3526	-5.0074
Mylor Bridge	Cornwall	v	50.186	-5.0764
Mount Hawke	Cornwall	v	50.2835	-5.2077
Mithian	Cornwall	v	50.3119	-5.1695
Maenporth	Cornwall	v	50.1224	-5.0931
Manaccan	Cornwall	v	50.0839	-5.1277
Mawnan Smith	Cornwall	v	50.1169	-5.1095
Mawgan	Cornwall	v	50.0787	-5.2075
Mabe Burnthouse	Cornwall	v	50.1644	-5.1321
Mullion Cove	Cornwall	v	50.0165	-5.2527
Mullion	Cornwall	v	50.028	-5.2405
Madron	Cornwall	v	50.1332	-5.5676
Mousehole	Cornwall	v	50.082	-5.5396
Mayon	Cornwall	v	50.0743	-5.6925
Moor Common	Buckinghamshire	v	51.6114	-0.8419
Medmenham	Buckinghamshire	v	51.5491	-0.8394
Marlow Bottom	Buckinghamshire	v	51.5868	-0.7752
Mimbridge	Surrey Heath	v	51.341	-0.58
Myrke	Slough	v	51.4999	-0.5906
Moneyrow Green	Windsor and Maidenhead	v	51.4858	-0.7181
Maiden's Green	Bracknell Forest	v	51.444	-0.7122
Mytchett	Surrey Heath	v	51.2882	-0.7256
Millbridge	Waverley	v	51.1745	-0.7871
Mousehill	Waverley	v	51.1676	-0.6534
Milford	Waverley	v	51.1728	-0.6476
Milland	Chichester	v	51.036	-0.8059
Maudlin	Chichester	v	50.8513	-0.7415
Mid Lavant	Chichester	v	50.8706	-0.7861
Middle Assendon	South Oxfordshire	v	51.5652	-0.9352
Mill End	Buckinghamshire	v	51.5619	-0.8682
Mongewell	South Oxfordshire	v	51.5858	-1.1196
Mortimer	West Berkshire	v	51.3769	-1.063
Mortimer West End	Basingstoke and Deane	v	51.3692	-1.0913
Monk Sherborne	Basingstoke and Deane	v	51.3057	-1.1288
Mattingley	Hart	v	51.315	-0.9488
Mapledurwell	Basingstoke and Deane	v	51.2566	-1.0159
Mill Lane	Hart	v	51.2466	-0.8758
Monkwood	East Hampshire	v	51.0737	-1.0468
Meonstoke	Winchester	v	50.9773	-1.1254
Milton Heights	Vale of White Horse	v	51.618	-1.3064
Moulsford	South Oxfordshire	v	51.5493	-1.151
Milton	Vale of White Horse	v	51.6277	-1.2992
Marcham	Vale of White Horse	v	51.6675	-1.3441
Marsh Baldon	South Oxfordshire	v	51.6911	-1.1876
Midgham	West Berkshire	v	51.4018	-1.2031
Middleton	Test Valley	v	51.1946	-1.3886
Martyr Worthy	Winchester	v	51.0934	-1.2569
Micheldever	Winchester	v	51.1486	-1.2645
Mildenhall	Wiltshire	v	51.4256	-1.7001
Monxton	Test Valley	v	51.1989	-1.5566
Mottisfont	Test Valley	v	51.0396	-1.5368
Middle Winterslow	Wiltshire	v	51.0953	-1.6619
Middle Wallop	Test Valley	v	51.1362	-1.5809
Michelmersh	Test Valley	v	51.0323	-1.5051
Minstead	New Forest	v	50.8982	-1.601
Marchwood	New Forest	v	50.8903	-1.4504
Marston Meysey	Wiltshire	v	51.6763	-1.8141
Minety	Wiltshire	v	51.6154	-1.9646
Milton Lilbourne	Wiltshire	v	51.3448	-1.7288
Manton	Wiltshire	v	51.4143	-1.7573
Market Lavington	Wiltshire	v	51.2864	-1.9792
Milston	Wiltshire	v	51.2116	-1.7679
Manningford Bohune	Wiltshire	v	51.3195	-1.8041
Marden	Wiltshire	v	51.3209	-1.8757
Manningford Abbots	Wiltshire	v	51.3288	-1.8057
Morgan's Vale	Wiltshire	v	50.9893	-1.7171
Middle Woodford	Wiltshire	v	51.1236	-1.83
Mockbeggar	New Forest	v	50.8864	-1.7719
Mannington	Dorset	v	50.8507	-1.9122
Martin	New Forest	v	50.9785	-1.9087
Milbourne	Wiltshire	v	51.5889	-2.0774
Monkton Farleigh	Wiltshire	v	51.388	-2.2821
Marston	Wiltshire	v	51.311	-2.0504
Maiden Bradley	Wiltshire	v	51.1501	-2.2858
Monkton Deverill	Wiltshire	v	51.1365	-2.2079
Milton	Wiltshire	v	51.0799	-2.1748
Motcombe	Dorset	v	51.03	-2.217
Manston	Dorset	v	50.9389	-2.2651
Milton Abbas	Dorset	v	50.818	-2.2697
Manswood	Dorset	v	50.8716	-2.0324
Melbury Abbas	Dorset	v	50.9791	-2.1693
Milbury Heath	South Gloucestershire	v	51.6094	-2.486
Marksbury	Bath and North East Somerset	v	51.3597	-2.4815
Marshfield	South Gloucestershire	v	51.4622	-2.3202
Midford	Bath and North East Somerset	v	51.3458	-2.3465
Monkton Combe	Bath and North East Somerset	v	51.358	-2.3248
Mells	Mendip	v	51.237	-2.3945
Milton on Stour	Dorset	v	51.0543	-2.2889
Milborne Port	South Somerset	v	50.9663	-2.4606
Mappowder	Dorset	v	50.8538	-2.3749
Marnhull	Dorset	v	50.9707	-2.3134
Magor	Sir Fynwy - Monmouthshire	v	51.5797	-2.8313
Marsh Common	South Gloucestershire	v	51.5478	-2.6289
Mynydd-bach	Sir Fynwy - Monmouthshire	v	51.6434	-2.7526
Merthyr Tewdrig	Sir Fynwy - Monmouthshire	v	51.6222	-2.6981
Mudgley	Sedgemoor	v	51.2088	-2.7981
Meare	Mendip	v	51.1715	-2.7812
Marston Magna	South Somerset	v	50.9994	-2.5791
Muchelney	South Somerset	v	51.0181	-2.8138
Merriott	South Somerset	v	50.9096	-2.7945
Mudford	South Somerset	v	50.9729	-2.6077
Mosterton	Dorset	v	50.8466	-2.7696
Martock	South Somerset	v	50.9706	-2.7661
Montacute	South Somerset	v	50.9501	-2.7181
Misterton	South Somerset	v	50.8701	-2.7747
Melbury Osmond	Dorset	v	50.869	-2.6069
Marshfield	Casnewydd - Newport	v	51.5333	-3.0659
Machen	Caerffili - Caerphilly	v	51.5961	-3.142
Mark	Sedgemoor	v	51.2274	-2.8945
Mark Causeway	Sedgemoor	v	51.2244	-2.9115
Middlezoy	Sedgemoor	v	51.0916	-2.892
Monkton Heathfield	Somerset West and Taunton	v	51.0368	-3.0638
Moorlinch	Sedgemoor	v	51.1261	-2.859
Meare Green	Somerset West and Taunton	v	51.0344	-2.9493
Moorland	Sedgemoor	v	51.0844	-2.9485
Membury	East Devon	v	50.8236	-3.0243
Marshalsea	Dorset	v	50.7976	-2.8679
Maesycwmmer	Caerffili - Caerphilly	v	51.6452	-3.2218
Miskin	Rhondda Cynon Taf - Rhondda Cynon Taf	v	51.5197	-3.3743
Michaelston-le-Pit	Bro Morgannwg - the Vale of Glamorgan	v	51.4499	-3.2226
Milverton	Somerset West and Taunton	v	51.0248	-3.2553
Monksilver	Somerset West and Taunton	v	51.1296	-3.3262
Millhayes	Mid Devon	v	50.9192	-3.2258
Monkton	East Devon	v	50.823	-3.1517
Mawdlam	Pen-y-bont ar Ogwr - Bridgend	v	51.5224	-3.726
Maerdy	Rhondda Cynon Taf - Rhondda Cynon Taf	v	51.6745	-3.4849
Marcroes	Bro Morgannwg - the Vale of Glamorgan	v	51.4125	-3.5471
Molland	North Devon	v	51.0425	-3.7076
Morebath	Mid Devon	v	51.0134	-3.4906
Morchard Road	Mid Devon	v	50.83	-3.7744
Meshaw	North Devon	v	50.9626	-3.7697
Morchard Bishop	Mid Devon	v	50.8541	-3.7491
Manselfield	Abertawe - Swansea	v	51.5801	-4.0331
Machynys	Sir Gaerfyrddin - Carmarthenshire	v	51.6612	-4.1581
Murton	Abertawe - Swansea	v	51.5827	-4.042
Middleton	Abertawe - Swansea	v	51.5671	-4.2784
Mortehoe	North Devon	v	51.1853	-4.2088
Muddiford	North Devon	v	51.1256	-4.0553
Monkleigh	Torridge	v	50.9655	-4.2011
Milltown	North Devon	v	51.1311	-4.0672
Monkokehampton	West Devon	v	50.8311	-4.0144
Meeth	West Devon	v	50.8554	-4.0639
Merton	Torridge	v	50.8896	-4.096
Marhamchurch	Cornwall	v	50.8055	-4.5222
Milton Damerel	Torridge	v	50.873	-4.2983
Maenorbyr	Sir Benfro - Pembrokeshire	v	51.6477	-4.791
Maiden Wells	Sir Benfro - Pembrokeshire	v	51.6581	-4.9342
Medbourne	Harborough	v	52.5303	-0.8217
Middleton	North Northamptonshire	v	52.5006	-0.7655
Mawsley Village	North Northamptonshire	v	52.3741	-0.8162
Mears Ashby	North Northamptonshire	v	52.2934	-0.7721
Moulsoe	Milton Keynes	v	52.0688	-0.6724
Marston Moretaine	Central Bedfordshire	v	52.063	-0.5482
Mursley	Buckinghamshire	v	51.9498	-0.8119
Milton Bryan	Central Bedfordshire	v	51.9623	-0.586
Marsworth	Buckinghamshire	v	51.8225	-0.6661
Mentmore	Buckinghamshire	v	51.8694	-0.6852
Marston Trussell	West Northamptonshire	v	52.4663	-0.9841
Mowsley	Harborough	v	52.4954	-1.0489
Maidwell	West Northamptonshire	v	52.3877	-0.8999
Moulton	West Northamptonshire	v	52.2896	-0.8552
Milton Malsor	West Northamptonshire	v	52.193	-0.9237
Maidford	West Northamptonshire	v	52.1675	-1.1108
Maids Moreton	Buckinghamshire	v	52.0132	-0.9742
Mixbury	Cherwell	v	52.0015	-1.1143
Marsh Gibbon	Buckinghamshire	v	51.9038	-1.0596
Milton Common	South Oxfordshire	v	51.7284	-1.063
Moreton	South Oxfordshire	v	51.7364	-0.9949
Monks Kirby	Rugby	v	52.4439	-1.3192
Marton	Rugby	v	52.317	-1.3996
Middleton Cheney	West Northamptonshire	v	52.0731	-1.2738
Moreton Pinkney	West Northamptonshire	v	52.1382	-1.1632
Marston St Lawrence	West Northamptonshire	v	52.0776	-1.2186
Milthorpe	West Northamptonshire	v	52.1172	-1.1267
Mollington	Cherwell	v	52.1232	-1.3585
Milcombe	Cherwell	v	52.0089	-1.4004
Middle Aston	Cherwell	v	51.9394	-1.3106
Middle Barton	West Oxfordshire	v	51.9287	-1.3691
Milton	Cherwell	v	52.0114	-1.3455
Middleton Stoney	Cherwell	v	51.9075	-1.2248
Murcott	Cherwell	v	51.8379	-1.153
Merton	Cherwell	v	51.8547	-1.1646
Marston	North Warwickshire	v	52.5522	-1.6938
Millison's Wood	Coventry	v	52.4332	-1.6072
Mancetter	North Warwickshire	v	52.5687	-1.5294
Meriden	Solihull	v	52.4364	-1.6464
Meer End	Solihull	v	52.3647	-1.6447
Middle Tysoe	Stratford-on-Avon	v	52.0947	-1.5063
Moreton Morrell	Stratford-on-Avon	v	52.1999	-1.5459
Moreton Paddox	Stratford-on-Avon	v	52.1907	-1.5528
Minster Lovell	West Oxfordshire	v	51.7937	-1.5471
Milton-under-Wychwood	West Oxfordshire	v	51.8629	-1.6169
Middleton	North Warwickshire	v	52.5824	-1.7375
Major's Green	Bromsgrove	v	52.3972	-1.853
Mappleborough Green	Stratford-on-Avon	v	52.2906	-1.8837
Middletown	Stratford-on-Avon	v	52.2601	-1.9044
Mickleton	Cotswold	v	52.0894	-1.7678
Meon Vale	Stratford-on-Avon	v	52.1199	-1.7599
Middle Littleton	Wychavon	v	52.1209	-1.8912
Marlcliff	Stratford-on-Avon	v	52.1525	-1.8596
Maugersbury	Cotswold	v	51.9249	-1.7108
Meysey Hampton	Cotswold	v	51.6987	-1.8276
Monkwood Green	Malvern Hills	v	52.2387	-2.2921
Martin Hussingtree	Wychavon	v	52.2374	-2.1784
Madresfield	Malvern Hills	v	52.1275	-2.2895
Maisemore	Tewkesbury	v	51.8893	-2.2761
Miserden	Stroud	v	51.7784	-2.0923
Middleyard	Stroud	v	51.7263	-2.2615
Monkhopton	Shropshire	v	52.5396	-2.5516
Morville	Shropshire	v	52.5441	-2.4897
Mamble	Malvern Hills	v	52.3407	-2.4534
Menithwood	Malvern Hills	v	52.3202	-2.4287
Much Cowarne	County of Herefordshire	v	52.122	-2.5545
Malvern Wells	Malvern Hills	v	52.0784	-2.3323
Martley	Malvern Hills	v	52.2371	-2.3588
Meadow Green	County of Herefordshire	v	52.2086	-2.4129
Much Marcle	County of Herefordshire	v	51.9926	-2.4993
May Hill Village	Forest of Dean	v	51.8836	-2.4319
Moreton Valence	Stroud	v	51.7805	-2.3156
Minsterworth	Tewkesbury	v	51.8522	-2.3289
Munslow	Shropshire	v	52.4847	-2.7054
Middleton	Shropshire	v	52.3893	-2.6767
Mortimer's Cross	County of Herefordshire	v	52.2634	-2.843
Monkland	County of Herefordshire	v	52.2132	-2.7997
Moreton on Lugg	County of Herefordshire	v	52.1074	-2.7227
Mansel Lacy	County of Herefordshire	v	52.1057	-2.8403
Marden	County of Herefordshire	v	52.1251	-2.6949
Munstone	County of Herefordshire	v	52.0804	-2.7087
Madley	County of Herefordshire	v	52.0425	-2.8492
Mordiford	County of Herefordshire	v	52.0328	-2.6257
Much Birch	County of Herefordshire	v	51.9736	-2.7265
Much Dewchurch	County of Herefordshire	v	51.9765	-2.7573
Mitcheltroy Common	Sir Fynwy - Monmouthshire	v	51.7803	-2.7367
Manson	Sir Fynwy - Monmouthshire	v	51.8323	-2.7162
Marsh Lane	Forest of Dean	v	51.7695	-2.5999
Mile End	Forest of Dean	v	51.8035	-2.6
Milkwall	Forest of Dean	v	51.7802	-2.6074
Mitchel Troy	Sir Fynwy - Monmouthshire	v	51.7895	-2.7374
Maesyfed	Powys - Powys	v	52.2402	-3.1542
Monkswood	Sir Fynwy - Monmouthshire	v	51.7184	-2.9553
Maesygwartha	Sir Fynwy - Monmouthshire	v	51.8208	-3.1112
Markham	Caerffili - Caerphilly	v	51.7044	-3.2043
Melincourt	Castell-nedd Port Talbot - Neath Port Talbot	v	51.703	-3.7108
Maes-bangor	Sir Ceredigion - Ceredigion	v	52.4038	-3.9646
Myddfai	Sir Gaerfyrddin - Carmarthenshire	v	51.9568	-3.7869
Manordeilo	Sir Gaerfyrddin - Carmarthenshire	v	51.9254	-3.9297
Mydroilyn	Sir Ceredigion - Ceredigion	v	52.175	-4.2584
Mynyddygarreg	Sir Gaerfyrddin - Carmarthenshire	v	51.7495	-4.2797
Mynydd Cerrig	Sir Gaerfyrddin - Carmarthenshire	v	51.801	-4.1617
Meinciau	Sir Gaerfyrddin - Carmarthenshire	v	51.7735	-4.2321
Milo	Sir Gaerfyrddin - Carmarthenshire	v	51.8387	-4.038
Morfa	Sir Gaerfyrddin - Carmarthenshire	v	51.7957	-4.0644
Maen-y-groes	Sir Ceredigion - Ceredigion	v	52.2018	-4.3663
Meidrim	Sir Gaerfyrddin - Carmarthenshire	v	51.8607	-4.4859
Mynachlog-ddu	Sir Benfro - Pembrokeshire	v	51.9424	-4.7016
Maenclochog	Sir Benfro - Pembrokeshire	v	51.9129	-4.789
Martletwy	Sir Benfro - Pembrokeshire	v	51.7606	-4.8479
Milton	Sir Benfro - Pembrokeshire	v	51.6928	-4.838
Mathri	Sir Benfro - Pembrokeshire	v	51.9454	-5.087
Merlin's Bridge	Sir Benfro - Pembrokeshire	v	51.7888	-4.9756
Mascle Bridge	Sir Benfro - Pembrokeshire	v	51.7116	-4.9638
Marloes	Sir Benfro - Pembrokeshire	v	51.7307	-5.1961
Marton	West Lindsey	v	53.3261	-0.7429
Marston	South Kesteven	v	52.9813	-0.671
Muston	Melton	v	52.9319	-0.7685
Manton	Rutland	v	52.6312	-0.7001
Morcott	Rutland	v	52.5956	-0.6352
Market Overton	Rutland	v	52.7388	-0.6841
Mattersey Thorpe	Bassetlaw	v	53.402	-0.9765
Misterton	Bassetlaw	v	53.4426	-0.8448
Misson	Bassetlaw	v	53.4477	-0.965
Mattersey	Bassetlaw	v	53.3964	-0.9647
Markham Moor	Bassetlaw	v	53.2544	-0.9247
Milton	Bassetlaw	v	53.2499	-0.9343
Maplebeck	Newark and Sherwood	v	53.1388	-0.9387
Maythorne	Newark and Sherwood	v	53.0891	-0.9676
Morton	Newark and Sherwood	v	53.0543	-0.92
Micklebring	Doncaster	v	53.4459	-1.2247
Middle Handley	North East Derbyshire	v	53.2959	-1.3947
Meden Vale	Mansfield	v	53.221	-1.1298
Marsh Lane	North East Derbyshire	v	53.3081	-1.3919
Morton	North East Derbyshire	v	53.1367	-1.3879
Mapperley	Amber Valley	v	52.983	-1.3587
Markfield	Hinckley and Bosworth	v	52.6868	-1.2779
Mountsorrel	Charnwood	v	52.7271	-1.1372
Midhopestones	Sheffield	v	53.4923	-1.6438
Milltown	North East Derbyshire	v	53.148	-1.4695
Millthorpe	North East Derbyshire	v	53.2838	-1.5255
Middleton	Derbyshire Dales	v	53.0981	-1.5862
Makeney	Amber Valley	v	52.9952	-1.4762
Mugginton	Amber Valley	v	52.9832	-1.5786
Milford	Amber Valley	v	53.0022	-1.478
Matlock Bath	Derbyshire Dales	v	53.1205	-1.5634
Morley Smithy	Erewash	v	52.9703	-1.4165
Morley	Amber Valley	v	52.9844	-1.4113
Milton	South Derbyshire	v	52.8326	-1.5249
Melbourne	South Derbyshire	v	52.823	-1.4284
Mackworth	Amber Valley	v	52.9364	-1.5337
Moira	North West Leicestershire	v	52.7379	-1.5321
Measham	North West Leicestershire	v	52.7063	-1.5067
Mount Pleasant	South Derbyshire	v	52.7502	-1.5744
Middleton	Derbyshire Dales	v	53.1652	-1.7087
Monyash	Derbyshire Dales	v	53.1956	-1.7751
Mapleton	Derbyshire Dales	v	53.0299	-1.7545
Mayfield	East Staffordshire	v	53.0066	-1.7685
Marchington	East Staffordshire	v	52.8752	-1.8015
Marston Montgomery	Derbyshire Dales	v	52.9392	-1.8006
Mill Green	Walsall	v	52.6074	-1.8907
Muckley Corner	Lichfield	v	52.6566	-1.8821
Mottram in Longdendale	Tameside	v	53.456	-2.0115
Marpleridge	Stockport	v	53.3804	-2.0509
Marple Bridge	Stockport	v	53.4018	-2.0539
Mill Brow	Stockport	v	53.4038	-2.0344
Mellor	Stockport	v	53.3934	-2.0406
Middlewood	Cheshire East	v	53.3561	-2.0858
Morley	Cheshire East	v	53.3391	-2.2688
Marton	Cheshire East	v	53.2116	-2.2238
Mottram St Andrew	Cheshire East	v	53.3027	-2.1941
Miles Green	Newcastle-under-Lyme	v	53.0443	-2.2967
Mow Cop	Cheshire East	v	53.1126	-2.2158
Mossgate	Stafford	v	52.9311	-2.0792
Milwich	Stafford	v	52.8882	-2.0437
Moddershall	Stafford	v	52.9282	-2.1111
Milford	Stafford	v	52.7881	-2.0383
Meaford	Stafford	v	52.9159	-2.1697
Marston	Stafford	v	52.8455	-2.1173
Mere	Cheshire East	v	53.3295	-2.3971
Mobberley	Cheshire East	v	53.3134	-2.3277
Marston	Cheshire West and Chester	v	53.2722	-2.4923
Moston	Cheshire East	v	53.1455	-2.4053
Mere Heath	Cheshire West and Chester	v	53.2276	-2.5078
Marton	Cheshire West and Chester	v	53.2083	-2.57
Meadowbank	Cheshire West and Chester	v	53.2104	-2.5218
Moulton	Cheshire West and Chester	v	53.2231	-2.5187
Malkin's Bank	Cheshire East	v	53.1296	-2.3559
Madeley Park	Newcastle-under-Lyme	v	52.9688	-2.3259
Maer	Newcastle-under-Lyme	v	52.94	-2.311
Moreton	Stafford	v	52.7528	-2.3138
Moore	Halton	v	53.3545	-2.6347
Mouldsworth	Cheshire West and Chester	v	53.233	-2.7411
Moston	Cheshire West and Chester	v	53.2249	-2.8947
Manley	Cheshire West and Chester	v	53.2398	-2.7369
Mickle Trafford	Cheshire West and Chester	v	53.223	-2.8302
Milton Green	Cheshire West and Chester	v	53.1233	-2.8066
Marbury	Cheshire East	v	53.007	-2.6554
Malpas	Cheshire West and Chester	v	53.0211	-2.7664
Marchamley	Shropshire	v	52.8616	-2.601
Myddle	Shropshire	v	52.8106	-2.7881
Montford Bridge	Shropshire	v	52.7334	-2.8438
Meols	Wirral	v	53.4008	-3.1633
Mancot Royal	Sir y Fflint - Flintshire	v	53.1981	-3.0132
Mynydd y Fflint	Sir y Fflint - Flintshire	v	53.2223	-3.1458
Mynydd Isa	Sir y Fflint - Flintshire	v	53.1697	-3.1099
Maeshafn	Sir Ddinbych - Denbighshire	v	53.14	-3.1947
Mollington	Cheshire West and Chester	v	53.2279	-2.9257
Marchwiel	Wrecsam - Wrexham	v	53.0226	-2.9598
Minera	Wrecsam - Wrexham	v	53.0584	-3.0883
Maesbury	Shropshire	v	52.828	-3.03
Maesbrook	Shropshire	v	52.784	-3.0427
Maesbury Marsh	Shropshire	v	52.8195	-3.0216
Morda	Shropshire	v	52.8428	-3.0585
Morton	Shropshire	v	52.8145	-3.0515
Middletown	Powys - Powys	v	52.7048	-3.0335
Marton	Shropshire	v	52.6149	-3.0551
Minsterley	Shropshire	v	52.6397	-2.9255
Meliden	Sir Ddinbych - Denbighshire	v	53.3167	-3.4093
Mostyn	Sir y Fflint - Flintshire	v	53.3133	-3.2626
Marian	Sir y Fflint - Flintshire	v	53.3051	-3.3556
Maerdy	Conwy - Conwy	v	52.9893	-3.4684
Meifod	Powys - Powys	v	52.713	-3.2572
Manafon	Powys - Powys	v	52.6113	-3.3146
Mynydd Marian	Conwy - Conwy	v	53.2824	-3.6612
Melin-y-coed	Conwy - Conwy	v	53.1281	-3.7725
Minllyn	Gwynedd - Gwynedd	v	52.7109	-3.6912
Mynydd Llandegai	Gwynedd - Gwynedd	v	53.1688	-4.0897
Maentwrog	Gwynedd - Gwynedd	v	52.9434	-3.9868
Moelfre	Sir Ynys Mon - Isle of Anglesey	v	53.3541	-4.2349
Marian-glas	Sir Ynys Mon - Isle of Anglesey	v	53.3351	-4.2478
Malltraeth	Sir Ynys Mon - Isle of Anglesey	v	53.1927	-4.3838
Morfa Bychan	Gwynedd - Gwynedd	v	52.9143	-4.1627
Minffordd	Gwynedd - Gwynedd	v	52.9269	-4.0916
Mynydd Mechell	Sir Ynys Mon - Isle of Anglesey	v	53.379	-4.4702
Morfa Nefyn	Gwynedd - Gwynedd	v	52.9323	-4.5497
Mynytho	Gwynedd - Gwynedd	v	52.8515	-4.5149
Machroes	Gwynedd - Gwynedd	v	52.8071	-4.4977
Millington	East Riding of Yorkshire	v	53.956	-0.7366
Middleton-on-the-Wolds	East Riding of Yorkshire	v	53.9335	-0.5606
Moor End	East Riding of Yorkshire	v	53.8281	-0.7639
Melton	East Riding of Yorkshire	v	53.7219	-0.5311
Messingham	North Lincolnshire	v	53.5291	-0.6541
Marton	Ryedale	v	54.2392	-0.8771
Middleton	Ryedale	v	54.2588	-0.8036
Murton	York	v	53.9658	-1.0105
Melbourne	East Riding of Yorkshire	v	53.8876	-0.859
Moorends	Doncaster	v	53.6286	-0.9515
Marton	Harrogate	v	54.0599	-1.3641
Myton-on-Swale	Hambleton	v	54.0941	-1.328
Moor Monkton	Harrogate	v	54.0053	-1.2274
Micklefield	Leeds	v	53.7975	-1.3315
Monk Fryston	Selby	v	53.7614	-1.2322
Moss	Doncaster	v	53.6219	-1.0992
Middlecliffe	Barnsley	v	53.5402	-1.3507
Marr	Doncaster	v	53.543	-1.2254
Maunby	Hambleton	v	54.2734	-1.4587
Morton-on-Swale	Hambleton	v	54.3239	-1.498
Marton-le-Moor	Harrogate	v	54.1302	-1.4337
Mickley	Harrogate	v	54.1881	-1.6062
Minskip	Harrogate	v	54.0796	-1.4042
Markington	Harrogate	v	54.0817	-1.5569
Melmerby	Harrogate	v	54.1805	-1.4811
Moor Side	Leeds	v	53.8705	-1.647
Mickletown	Leeds	v	53.7403	-1.3971
Methley	Leeds	v	53.735	-1.4084
Midgley	Wakefield	v	53.6301	-1.5889
Millhouse Green	Barnsley	v	53.5249	-1.6716
Middlestown	Wakefield	v	53.6509	-1.5975
Middlesmoor	Harrogate	v	54.1635	-1.8603
Middleton	Bradford	v	53.9387	-1.8119
Micklethwaite	Bradford	v	53.8699	-1.8438
Menston	Bradford	v	53.8913	-1.7458
Mount Tabor	Calderdale	v	53.7405	-1.9195
Midgley	Calderdale	v	53.7342	-1.9528
Mill Bank	Calderdale	v	53.6888	-1.9472
Mountain	Bradford	v	53.7746	-1.8609
Mytholmroyd	Calderdale	v	53.7307	-1.9825
Marsden	Kirklees	v	53.6002	-1.9288
Muker	Richmondshire	v	54.3763	-2.1408
Malham	Craven	v	54.0614	-2.1528
Mankinholes	Calderdale	v	53.7133	-2.0578
Millthrop	South Lakeland	v	54.3148	-2.5241
Mellor	Ribble Valley	v	53.7722	-2.5311
Mellor Brook	Ribble Valley	v	53.7758	-2.5471
Middle Hulton	Bolton	v	53.5498	-2.455
Mill Side	South Lakeland	v	54.2506	-2.848
Milnthorpe	South Lakeland	v	54.2268	-2.7731
Meathop	South Lakeland	v	54.2189	-2.8643
Meal Bank	South Lakeland	v	54.3537	-2.711
Melling	Lancaster	v	54.1352	-2.6152
Middleton	Lancaster	v	54.0206	-2.8836
Midge Hall	South Ribble	v	53.7009	-2.7409
Much Hoole	South Ribble	v	53.7008	-2.8015
Mere Brow	West Lancashire	v	53.662	-2.8821
Melling Mount	Sefton	v	53.5037	-2.8998
Mawdesley	Chorley	v	53.626	-2.7708
Mossy Lea	West Lancashire	v	53.6094	-2.7033
Marton	Barrow-in-Furness	v	54.184	-3.165
Moss Side	Fylde	v	53.7669	-2.9324
Melling	Sefton	v	53.4966	-2.9174
Mickleby	Scarborough	v	54.5055	-0.7605
Moorsholm	Redcar and Cleveland	v	54.5193	-0.9366
Maltby	Stockton-on-Tees	v	54.5134	-1.2809
Murton	North Tyneside	v	55.0314	-1.4864
Marley Hill	Gateshead	v	54.9176	-1.6846
Murton	County Durham	v	54.8169	-1.3973
Meadowfield	County Durham	v	54.7532	-1.6162
Mordon	County Durham	v	54.6327	-1.4897
Middridge	County Durham	v	54.6299	-1.6122
Mainsforth	County Durham	v	54.677	-1.5122
Middleton St George	Darlington	v	54.5162	-1.4683
Merrybent	Darlington	v	54.5242	-1.6173
Manfield	Richmondshire	v	54.5159	-1.6607
Middleton Tyas	Richmondshire	v	54.4464	-1.6526
Moulton	Richmondshire	v	54.4286	-1.6365
Mitford	Northumberland	v	55.1669	-1.7344
Medburn	Northumberland	v	55.0274	-1.796
Matfen	Northumberland	v	55.0414	-1.9548
Mickley Square	Northumberland	v	54.9537	-1.8838
Medomsley	County Durham	v	54.8834	-1.8159
Medomsley Edge	County Durham	v	54.8796	-1.8296
Maiden Law	County Durham	v	54.8421	-1.7316
Melsonby	Richmondshire	v	54.4708	-1.6951
Marske	Richmondshire	v	54.4006	-1.8392
Middleton-in-Teesdale	County Durham	v	54.624	-2.083
Mickleton	County Durham	v	54.6086	-2.0494
Melkridge	Northumberland	v	54.9691	-2.4119
Murton	Eden	v	54.5899	-2.4228
Milburn	Eden	v	54.6563	-2.5365
Melmerby	Eden	v	54.7299	-2.6019
Maulds Meaburn	Eden	v	54.54	-2.5807
Milton	Carlisle	v	54.9376	-2.696
Motherby	Eden	v	54.6475	-2.8872
Morland	Eden	v	54.5956	-2.6233
Monkhill	Carlisle	v	54.9177	-3.0261
Mealsgate	Allerdale	v	54.7676	-3.2311
Moorhouse	Carlisle	v	54.9015	-3.0421
Millbeck	Allerdale	v	54.6247	-3.1537
Mawbray	Allerdale	v	54.8061	-3.4213
Mockerkin	Allerdale	v	54.596	-3.4109
Moor Row	Copeland	v	54.5145	-3.5374
Moresby Parks	Copeland	v	54.5591	-3.5515
Moniaive	Dumfries and Galloway	v	55.1974	-3.9204
Mochrum	Dumfries and Galloway	v	54.7848	-4.5726
Monreith	Dumfries and Galloway	v	54.7378	-4.5498
Milfield	Northumberland	v	55.598	-2.105
Maxton	Scottish Borders	v	55.5641	-2.6158
Morebattle	Scottish Borders	v	55.5176	-2.3667
Macmerry	East Lothian	v	55.9406	-2.9079
Minto	Scottish Borders	v	55.4747	-2.6891
Midlem	Scottish Borders	v	55.5383	-2.7499
Mayfield	Midlothian	v	55.8712	-3.0434
Millerhill	Midlothian	v	55.9149	-3.0801
Mossend	West Lothian	v	55.8536	-3.5751
Menstrie	Clackmannanshire	v	56.1514	-3.8524
Maddiston	Falkirk	v	55.9731	-3.7016
Morningside	North Lanarkshire	v	55.7771	-3.8654
Milton of Campsie	East Dunbartonshire	v	55.9648	-4.1611
Moffat Mills	North Lanarkshire	v	55.8623	-3.9364
Marnoch	North Lanarkshire	v	55.8947	-4.0567
Mollinsburn	North Lanarkshire	v	55.9212	-4.0514
Moodiesburn	North Lanarkshire	v	55.9133	-4.0843
Muirhead	North Lanarkshire	v	55.8977	-4.105
Muirkirk	East Ayrshire	v	55.5234	-4.0642
Mansfield	East Ayrshire	v	55.4032	-4.1799
Milton of Buchanan	Stirling	v	56.0808	-4.497
Milton	West Dunbartonshire	v	55.9383	-4.5183
Mugdock	Stirling	v	55.963	-4.3109
Moscow	East Ayrshire	v	55.6324	-4.4056
Mossblown	South Ayrshire	v	55.491	-4.5296
Mauchline	East Ayrshire	v	55.516	-4.3793
Monkton	South Ayrshire	v	55.5166	-4.6029
Minishant	South Ayrshire	v	55.3891	-4.645
Maidens	South Ayrshire	v	55.3362	-4.8137
Minard	Argyll and Bute	v	56.118	-5.2524
Muasdale	Argyll and Bute	v	55.5993	-5.6846
Machrihanish	Argyll and Bute	v	55.4232	-5.7385
Marywell	Aberdeenshire	v	57.0845	-2.1146
Muchalls	Aberdeenshire	v	57.0194	-2.1627
Marykirk	Aberdeenshire	v	56.7826	-2.5122
Monikie	Angus	v	56.5335	-2.8134
Muirdrum	Angus	v	56.526	-2.7111
Mount Melville	Fife	v	56.3262	-2.8382
Meigle	Perth and Kinross	v	56.5858	-3.1603
Maryton	Angus	v	56.6667	-2.9891
Muirhead	Angus	v	56.4969	-3.0665
Milton of Balgonie	Fife	v	56.1929	-3.1019
Meikleour	Perth and Kinross	v	56.5403	-3.3715
Methven	Perth and Kinross	v	56.4153	-3.5815
Murthly	Perth and Kinross	v	56.5285	-3.4665
Milnathort	Perth and Kinross	v	56.2268	-3.42
Muthill	Perth and Kinross	v	56.3321	-3.8325
Malaig	Highland	v	57.0061	-5.8295
Morar	Highland	v	56.9689	-5.8225
Mintlaw	Aberdeenshire	v	57.525	-2.0009
Memsie	Aberdeenshire	v	57.649	-2.0406
Maud	Aberdeenshire	v	57.5219	-2.1257
Methlick	Aberdeenshire	v	57.4257	-2.2398
Milltimber	Aberdeen City	v	57.1043	-2.2358
Meikle Wartle	Aberdeenshire	v	57.3619	-2.4677
Monymusk	Aberdeenshire	v	57.2281	-2.5245
Milltown of Rothiemay	Moray	v	57.5256	-2.7567
Muir of Fowlis	Aberdeenshire	v	57.1987	-2.7127
Montgarrie	Aberdeenshire	v	57.2494	-2.7056
Mosstodloch	Moray	v	57.6244	-3.126
Miltonduff	Moray	v	57.6264	-3.3742
Moor of Granary	Moray	v	57.5798	-3.5589
Marypark	Moray	v	57.4294	-3.3427
Milton	Highland	v	57.7397	-4.0782
Munlochy	Highland	v	57.5523	-4.2672
Moy	Highland	v	57.384	-4.0543
Maryburgh	Highland	v	57.5749	-4.4427
Marybank	Highland	v	57.5465	-4.54
Muir of Ord	Highland	v	57.5176	-4.4584
Milton	Highland	v	57.3392	-4.5056
Mellon Charles	Highland	v	57.8607	-5.6309
Mileabhaig	Highland	v	57.445	-6.7426
Murkle	Highland	v	58.5913	-3.4391
Melvich	Highland	v	58.5567	-3.9278
Mid Altass	Highland	v	57.968	-4.544
Melbost	Na h-Eileanan an Iar	v	58.2095	-6.3232
Marvig	Na h-Eileanan an Iar	v	58.0837	-6.3886
Mid Yell	Shetland Islands	v	60.5977	-1.0616
Mossbank	Shetland Islands	v	60.4574	-1.1821
Marshside	Canterbury	h	51.3546	1.1936
Millbank	Canterbury	h	51.344	1.1628
Marley	Dover	h	51.2338	1.3418
Mud Row	Swale	h	51.4128	0.8828
Mystole	Canterbury	h	51.2463	1.0032
Mountain Street	Ashford	h	51.2363	0.9621
Maxted Street	Folkestone and Hythe	h	51.1615	1.0392
Marley	Canterbury	h	51.2091	1.1297
Moorstock	Folkestone and Hythe	h	51.1104	1.0012
Meresborough	Medway	h	51.3484	0.6125
Monk's Hill	Ashford	h	51.1401	0.6689
Maltman's Hill	Ashford	h	51.155	0.7201
Middle Quarter	Ashford	h	51.1115	0.7046
Mucking	Thurrock	h	51.5034	0.4296
Mockbeggar	Gravesham	h	51.422	0.4899
Mockbeggar	Maidstone	h	51.1956	0.4532
Marden Beech	Maidstone	h	51.1619	0.4843
Marlpit	Maidstone	h	51.2282	0.5519
Marden Thorn	Maidstone	h	51.1598	0.5148
Milebush	Maidstone	h	51.1858	0.5095
Mile Oak	Tunbridge Wells	h	51.1678	0.4026
Maplescombe	Sevenoaks	h	51.3567	0.239
Modest Corner	Tunbridge Wells	h	51.1583	0.2474
Moorhouse Bank	Tandridge	h	51.2604	0.0482
Merle Common	Tandridge	h	51.2253	0.0119
Mowshurst	Sevenoaks	h	51.2088	0.0743
Millbrook	Wealden	h	51.0404	0.0565
Mark Street	Wealden	h	51.026	0.0375
Mott's Mill	Wealden	h	51.0967	0.1726
Marsh Green	Wealden	h	51.0813	0.091
Mount Ephraim	Wealden	h	50.9521	0.118
Mark Cross	Wealden	h	50.8778	0.1306
Marle Green	Wealden	h	50.9288	0.2561
Mugswell	Reigate and Banstead	h	51.2783	-0.1966
Micklefield Green	Three Rivers	h	51.6754	-0.4862
May's Green	Guildford	h	51.3031	-0.4288
Mackerel's Common	Chichester	h	51.0418	-0.5518
Mayes Green	Mole Valley	h	51.142	-0.3983
Mells	East Suffolk	h	52.3368	1.5296
Middleton Moor	East Suffolk	h	52.2553	1.5384
Morningthorpe	South Norfolk	h	52.4881	1.2664
Misery Corner	South Norfolk	h	52.4596	1.3389
Mundham Common	South Norfolk	h	52.5354	1.4368
Mundham	South Norfolk	h	52.5278	1.4402
Monk Soham Green	Mid Suffolk	h	52.2511	1.232
Metfield Common	Mid Suffolk	h	52.3598	1.3814
Monk Soham	Mid Suffolk	h	52.2414	1.2415
Mill Green	East Suffolk	h	52.2025	1.3845
Maypole Green	East Suffolk	h	52.2554	1.3266
Monewden	East Suffolk	h	52.1791	1.274
Methersgate	East Suffolk	h	52.0709	1.3325
Mill Green	South Norfolk	h	52.4133	1.1369
Morley St Peter	South Norfolk	h	52.5397	1.0423
Middlewood Green	Mid Suffolk	h	52.2113	1.067
Magpie Green	Mid Suffolk	h	52.3658	1.044
Mill Green	Mid Suffolk	h	52.1989	1.1281
Mace Green	Babergh	h	52.0292	1.0677
Mistley Heath	Tendring	h	51.9344	1.0942
Monkey Street	Tendring	h	51.8886	1.0634
Mill Green	Tendring	h	51.8894	1.0809
Merton	Breckland	h	52.5543	0.8121
Middle Harling	Breckland	h	52.4324	0.9184
Mount Pleasant	Breckland	h	52.5155	0.9358
Mill Common	Breckland	h	52.473	0.9239
Monks Eleigh Tye	Babergh	h	52.1	0.8525
Mickley Green	West Suffolk	h	52.1883	0.6903
Mile End	Babergh	h	52.1413	0.6608
Melon Green	West Suffolk	h	52.184	0.6911
Milden	Babergh	h	52.0802	0.8465
Maypole Green	West Suffolk	h	52.1962	0.801
Mulberry Green	Colchester	h	51.8607	0.7919
Mill Street	Babergh	h	51.9992	0.8952
Mile End	East Cambridgeshire	h	52.4214	0.3574
Mount Pleasant	West Suffolk	h	52.1021	0.5348
Mill Green	South Cambridgeshire	h	52.0834	0.3686
Man's Cross	Braintree	h	52.0215	0.5518
Mill End	Braintree	h	51.9744	0.447
Morris Green	Braintree	h	51.9721	0.5402
Molehill Green	Uttlesford	h	51.8553	0.4843
Minnow End	Chelmsford	h	51.7896	0.4655
Mowden	Braintree	h	51.7613	0.5765
Margaretting Tye	Chelmsford	h	51.6833	0.4347
Mallows Green	Uttlesford	h	51.9191	0.1381
Maggots End	Uttlesford	h	51.9275	0.1516
Maple End	Uttlesford	h	52.0113	0.3269
Magdalen Laver	Epping Forest	h	51.7554	0.1867
Manwood Green	Uttlesford	h	51.7887	0.2413
Mount End	Epping Forest	h	51.688	0.1516
Matching	Epping Forest	h	51.7858	0.2019
Morden Green	South Cambridgeshire	h	52.0652	-0.1145
Millow	Central Bedfordshire	h	52.0779	-0.2054
Moor Green	East Hertfordshire	h	51.9226	-0.0755
Mill End	North Hertfordshire	h	51.9684	-0.1049
Mill End	North Hertfordshire	h	51.9776	-0.0637
Monks Green	East Hertfordshire	h	51.7598	-0.069
Morborne	Huntingdonshire	h	52.5099	-0.3205
Mackerye End	St. Albans	h	51.8282	-0.3226
Munden	Hertsmere	h	51.6903	-0.3586
Metton	North Norfolk	h	52.8884	1.2671
Morton	Broadland	h	52.709	1.1423
Mill Street	Breckland	h	52.7185	1.0353
Muckleton	King's Lynn and West Norfolk	h	52.9193	0.7006
Mawthorpe	East Lindsey	h	53.2347	0.1845
Muckton Bottom	East Lindsey	h	53.3198	0.05
Market Stainton	East Lindsey	h	53.3022	-0.1593
Martin	East Lindsey	h	53.1837	-0.1427
Maidenwell	East Lindsey	h	53.2951	-0.0176
Mid Thorpe	East Lindsey	h	53.2393	-0.1071
Midville	East Lindsey	h	53.1021	0.0681
Moor Side	East Lindsey	h	53.1067	-0.142
Moorhouses	East Lindsey	h	53.0999	-0.0941
Millthorpe	South Kesteven	h	52.8644	-0.3464
Marton	East Riding of Yorkshire	h	53.8359	-0.2089
Meaux	East Riding of Yorkshire	h	53.8364	-0.3362
Mottistone	Isle of Wight	h	50.652	-1.4279
Marsh Green	Isle of Wight	h	50.6368	-1.3963
Mark's Corner	Isle of Wight	h	50.7254	-1.3378
Mead End	New Forest	h	50.7841	-1.6317
Mount Pleasant	New Forest	h	50.7772	-1.5746
Middle Bockhampton	"Bournemouth, Christchurch and Poole"	h	50.7726	-1.7475
Merritown	"Bournemouth, Christchurch and Poole"	h	50.7736	-1.8425
Mapperton	Dorset	h	50.7873	-2.1338
Muckleford	Dorset	h	50.7408	-2.5116
Mangerton	Dorset	h	50.7596	-2.7261
Merriott	Dorset	h	50.7607	-2.6891
Miles Cross	Dorset	h	50.7341	-2.7842
Mapperton	Dorset	h	50.7962	-2.7062
Moorbath	Dorset	h	50.7553	-2.8018
Marshwood	Dorset	h	50.7932	-2.8861
Maidenhayne	East Devon	h	50.7516	-3.0272
Marsh Green	East Devon	h	50.7346	-3.359
Middle Rocombe	Teignbridge	h	50.5142	-3.54
Millcombe	South Hams	h	50.3364	-3.6838
Murchington	West Devon	h	50.6794	-3.8616
Michelcombe	South Hams	h	50.5059	-3.8394
Meadwell	West Devon	h	50.6126	-4.2539
Meldon	West Devon	h	50.7134	-4.0412
Marystow	West Devon	h	50.6235	-4.2145
Morwellham Quay	West Devon	h	50.5071	-4.1923
Merrivale	West Devon	h	50.5583	-4.0504
Middlemoor	West Devon	h	50.5365	-4.1215
Maryfield	Cornwall	h	50.3838	-4.2183
Maxworthy	Cornwall	h	50.7075	-4.4795
Maders	Cornwall	h	50.5197	-4.3356
Middlewood	Cornwall	h	50.5517	-4.438
Mornick	Cornwall	h	50.5271	-4.3715
Moorswater	Cornwall	h	50.451	-4.4863
Morval	Cornwall	h	50.3868	-4.4483
Muchlarnick	Cornwall	h	50.382	-4.5095
Markwell	Cornwall	h	50.403	-4.2958
Middle Taphouse	Cornwall	h	50.4418	-4.5761
Michaelstow	Cornwall	h	50.578	-4.7135
Mixtow	Cornwall	h	50.3472	-4.6306
Manely	Cornwall	h	50.3714	-4.6264
Milltown	Cornwall	h	50.3894	-4.6683
Mountjoy	Cornwall	h	50.4043	-4.9958
Menna	Cornwall	h	50.352	-4.9346
Mylor Churchtown	Cornwall	h	50.177	-5.0553
Menagissey	Cornwall	h	50.2752	-5.2124
Mount	Cornwall	h	50.365	-5.1205
Mawla	Cornwall	h	50.2678	-5.2257
Mawnan	Cornwall	h	50.1057	-5.0955
Meudon	Cornwall	h	50.1165	-5.0989
Morvah	Cornwall	h	50.1613	-5.6399
Millpool	Cornwall	h	50.1236	-5.397
Mulfra	Cornwall	h	50.1575	-5.5656
Middle Town	Isles of Scilly	h	49.9659	-6.2953
Maypole	Isles of Scilly	h	49.9244	-6.2927
Moor End	Buckinghamshire	h	51.6037	-0.8427
Mundaydean Bottom	Buckinghamshire	h	51.5856	-0.8075
Mop End	Buckinghamshire	h	51.6653	-0.6652
Moss End	Bracknell Forest	h	51.4464	-0.7507
Munstead Heath	Waverley	h	51.1749	-0.5921
Minsted	Chichester	h	50.9828	-0.7804
Merston	Chichester	h	50.8213	-0.7316
Madehurst	Arun	h	50.8845	-0.6008
Maidensgrove	South Oxfordshire	h	51.5932	-0.9591
Mapledurham	South Oxfordshire	h	51.4874	-1.035
Mackney	South Oxfordshire	h	51.6053	-1.16
Mill Green	Basingstoke and Deane	h	51.3644	-1.2424
Midgham Green	West Berkshire	h	51.4118	-1.1925
Marsh Benham	West Berkshire	h	51.4052	-1.3803
Malshanger	Basingstoke and Deane	h	51.2716	-1.1925
Morestead	Winchester	h	51.0279	-1.276
Mislingford	Winchester	h	50.9254	-1.1655
Meon	Fareham	h	50.8278	-1.2488
Mellishes Bottom	Winchester	h	50.894	-1.1577
Mile End	West Berkshire	h	51.5266	-1.5235
Medbourne	Swindon	h	51.5279	-1.7124
Marten	Wiltshire	h	51.3394	-1.5937
Membury	Wiltshire	h	51.4665	-1.5606
Mullenspond	Test Valley	h	51.2098	-1.5779
Minety Common	Wiltshire	h	51.6047	-1.9493
Milkhouse Water	Wiltshire	h	51.3532	-1.75
Manningford Bruce	Wiltshire	h	51.3249	-1.8015
Mead End	Wiltshire	h	51.0134	-1.967
Misselfore	Wiltshire	h	51.0027	-1.9818
Martin Drove End	New Forest	h	50.9888	-1.9286
Monkton Up Wimborne	Dorset	h	50.9225	-1.9827
Murcott	Wiltshire	h	51.626	-2.0675
Martinslade	Wiltshire	h	51.3555	-2.0646
Middlehill	Wiltshire	h	51.4197	-2.2629
Mountain Bower	Wiltshire	h	51.4781	-2.2811
Mile Elm	Wiltshire	h	51.4213	-2.0124
Middle Coombe	Wiltshire	h	51.0043	-2.1519
Madjeston	Dorset	h	51.0246	-2.2745
Milkwell	Wiltshire	h	51.0129	-2.1204
Mere Down	Wiltshire	h	51.1118	-2.2457
Margaret Marsh	Dorset	h	50.969	-2.2519
Moor Crichel	Dorset	h	50.8771	-2.0123
Minchington	Dorset	h	50.9336	-2.0562
Moorslade	South Gloucestershire	h	51.6455	-2.4666
Middle Wick	Stroud	h	51.664	-2.411
Mayshill	South Gloucestershire	h	51.5365	-2.4569
Milbury Heath	South Gloucestershire	h	51.6035	-2.4948
Moorend	South Gloucestershire	h	51.5085	-2.5028
Meadgate East	Bath and North East Somerset	h	51.3263	-2.4597
Meadgate West	Bath and North East Somerset	h	51.3248	-2.4618
Mearns	Bath and North East Somerset	h	51.3276	-2.5014
Maperton	South Somerset	h	51.0333	-2.4714
Milton Clevedon	Mendip	h	51.136	-2.4827
Moorside	Dorset	h	50.9706	-2.2907
Minterne Magna	Dorset	h	50.8369	-2.4855
Melcombe Bingham	Dorset	h	50.822	-2.3392
Mounton	Sir Fynwy - Monmouthshire	h	51.6348	-2.7055
Maiden Head	North Somerset	h	51.3947	-2.6264
Middle Stoughton	Sedgemoor	h	51.2426	-2.8312
Midelney	South Somerset	h	51.0023	-2.8412
Milton	South Somerset	h	50.9934	-2.7586
Muchelney Ham	South Somerset	h	51.0115	-2.8028
Mudford Sock	South Somerset	h	50.9693	-2.6211
Moor	South Somerset	h	50.9426	-2.8135
Middle Chinnock	South Somerset	h	50.9143	-2.7521
Melbury Bubb	Dorset	h	50.8567	-2.5745
Melbury Sampford	Dorset	h	50.853	-2.6051
Mid Lambrook	South Somerset	h	50.9634	-2.8231
Meerhay	Dorset	h	50.8207	-2.7351
Michaelstone Bridge	Casnewydd - Newport	h	51.5628	-3.094
Michaelston-y-Fedw	Casnewydd - Newport	h	51.5545	-3.0953
Meare Green	Somerset West and Taunton	h	50.9956	-3.0028
Merridge	Sedgemoor	h	51.1044	-3.1307
Mattock's Tree Green	Somerset West and Taunton	h	51.0007	-3.0164
Millhayes	East Devon	h	50.8272	-3.0878
Marsh	East Devon	h	50.8913	-3.0599
Moolham	South Somerset	h	50.9166	-2.909
Mwyndy	Rhondda Cynon Taf - Rhondda Cynon Taf	h	51.5267	-3.3664
Maendy	Bro Morgannwg - the Vale of Glamorgan	h	51.4785	-3.4256
Moulton	Bro Morgannwg - the Vale of Glamorgan	h	51.4225	-3.3332
Maundown	Somerset West and Taunton	h	51.052	-3.3419
Mutterton	Mid Devon	h	50.8364	-3.3806
Mount Pleasant	East Devon	h	50.797	-3.1551
Madford	Mid Devon	h	50.8929	-3.2158
Merthyr Mawr	Pen-y-bont ar Ogwr - Bridgend	h	51.4859	-3.6082
Malmsmead	North Devon	h	51.2161	-3.7318
Martinhoe	North Devon	h	51.2213	-3.9095
Mariansleigh	North Devon	h	50.9845	-3.7903
Mullacott Cross	North Devon	h	51.1784	-4.1234
Marwood	North Devon	h	51.1187	-4.0808
Middle Marwood	North Devon	h	51.1307	-4.0918
Middle Winsham	North Devon	h	51.1294	-4.1471
Muddlebridge	North Devon	h	51.0727	-4.1105
Milford	Torridge	h	50.9751	-4.5204
Morwenstow	Cornwall	h	50.9074	-4.5501
Meddon	Torridge	h	50.9341	-4.4532
Mead	Torridge	h	50.9326	-4.5327
Marsh	Buckinghamshire	h	51.7753	-0.8193
Meadle	Buckinghamshire	h	51.7454	-0.8363
Murcott	West Northamptonshire	h	52.3039	-1.0952
Moor End	West Northamptonshire	h	52.0951	-0.8978
Middle Claydon	Buckinghamshire	h	51.927	-0.9569
Misterton	Harborough	h	52.4501	-1.182
Marston	Rugby	h	52.381	-1.3851
Marston Doles	Stratford-on-Avon	h	52.221	-1.3198
Moreton	West Oxfordshire	h	51.7106	-1.4058
Monwode Lea	North Warwickshire	h	52.5203	-1.6061
Maxstoke	North Warwickshire	h	52.4795	-1.6537
Marston Jabbett	Nuneaton and Bedworth	h	52.4923	-1.4468
Merevale	North Warwickshire	h	52.5769	-1.5735
Morton Bagot	Stratford-on-Avon	h	52.2835	-1.8308
Murcot	Wychavon	h	52.0595	-1.9085
Morton under Hill	Wychavon	h	52.2312	-1.9819
Mount Pleasant	Wychavon	h	52.0557	-1.9369
Madeley Heath	Bromsgrove	h	52.3912	-2.0747
Mere Green	Wychavon	h	52.2601	-2.0722
Mustow Green	Wyre Forest	h	52.3652	-2.194
Moor End	Wychavon	h	52.2071	-2.1331
Moseley	Malvern Hills	h	52.2331	-2.2689
Mill End	Wychavon	h	52.0353	-2.1151
Middle Duntisbourne	Cotswold	h	51.7569	-2.0266
Mose	Shropshire	h	52.5091	-2.3595
Meadowley	Shropshire	h	52.5293	-2.4911
Muckley	Shropshire	h	52.5591	-2.5294
Middleton Scriven	Shropshire	h	52.4853	-2.4716
Morville Heath	Shropshire	h	52.5406	-2.4716
Muckley Cross	Shropshire	h	52.5608	-2.5217
Middleton Priors	Shropshire	h	52.5094	-2.5559
Milson	Shropshire	h	52.3555	-2.5313
Mathon	County of Herefordshire	h	52.1106	-2.3919
Moorend Cross	County of Herefordshire	h	52.1057	-2.3978
Monkhide	County of Herefordshire	h	52.0926	-2.5705
Munderfield Stocks	County of Herefordshire	h	52.1518	-2.5119
Munderfield Row	County of Herefordshire	h	52.158	-2.5149
Moreton Jeffries	County of Herefordshire	h	52.1315	-2.577
Munsley	County of Herefordshire	h	52.0643	-2.492
Moor End	Forest of Dean	h	51.9072	-2.2995
Middlehope	Shropshire	h	52.4916	-2.7413
Minton	Shropshire	h	52.5109	-2.8409
Marshbrook	Shropshire	h	52.5036	-2.8236
Mitnell	Shropshire	h	52.3262	-2.7371
Moreton	County of Herefordshire	h	52.2732	-2.7297
Middleton	County of Herefordshire	h	52.3208	-2.6661
Middleton on the Hill	County of Herefordshire	h	52.2772	-2.6755
Marlbrook	County of Herefordshire	h	52.1887	-2.7182
Michaelchurch	County of Herefordshire	h	51.9265	-2.7017
Marlas	County of Herefordshire	h	51.9622	-2.8176
Maryland	Sir Fynwy - Monmouthshire	h	51.7509	-2.7002
Marstow	County of Herefordshire	h	51.8696	-2.6506
Manorside	Sir Fynwy - Monmouthshire	h	51.75	-2.6909
Mork	Forest of Dean	h	51.7457	-2.6513
Maypole	Sir Fynwy - Monmouthshire	h	51.8446	-2.7706
Mainstone	Shropshire	h	52.4799	-3.0697
Middleton	Shropshire	h	52.5836	-3.0398
Mardu	Shropshire	h	52.4515	-3.0844
More	Shropshire	h	52.5213	-2.9757
Milebrook	Powys - Powys	h	52.3476	-3.0093
Marlow	County of Herefordshire	h	52.3831	-2.8851
Merbach	County of Herefordshire	h	52.1029	-3.0171
Monnington on Wye	County of Herefordshire	h	52.0869	-2.9174
Mansell Gamage	County of Herefordshire	h	52.0983	-2.8866
Marston	County of Herefordshire	h	52.2114	-2.9304
Meer Common	County of Herefordshire	h	52.1675	-2.9341
Moccas	County of Herefordshire	h	52.0772	-2.9442
Moorhampton	County of Herefordshire	h	52.1182	-2.8932
Millhalf	County of Herefordshire	h	52.1269	-3.0556
Moorcot	County of Herefordshire	h	52.1968	-2.9385
Milton	Powys - Powys	h	52.1506	-3.1111
Michaelchurch Escley	County of Herefordshire	h	52.0013	-2.9968
Monmouth Cap	Sir Fynwy - Monmouthshire	h	51.9309	-2.8834
Mamhilad	Sir Fynwy - Monmouthshire	h	51.7251	-3.0076
Mochdre	Powys - Powys	h	52.4881	-3.3686
Moity	Powys - Powys	h	52.0716	-3.1921
Maesmynis	Powys - Powys	h	52.1174	-3.4387
Morlais Castle	Merthyr Tudful - Merthyr Tydfil	h	51.7753	-3.3828
Manmoel	Caerffili - Caerphilly	h	51.7247	-3.189
Melinbyrhedyn	Powys - Powys	h	52.5743	-3.7483
Merthyr Cynog	Powys - Powys	h	52.0259	-3.4806
Maesymeillion	Sir Ceredigion - Ceredigion	h	52.09	-4.3083
Maesybont	Sir Gaerfyrddin - Carmarthenshire	h	51.8291	-4.0809
Maes Ilyn	Sir Ceredigion - Ceredigion	h	52.0747	-4.3817
Maenllegwaun	Sir Gaerfyrddin - Carmarthenshire	h	52.0078	-4.3972
Marros	Sir Gaerfyrddin - Carmarthenshire	h	51.7504	-4.5986
Moreton	Sir Benfro - Pembrokeshire	h	51.7146	-4.7346
Melinau	Sir Benfro - Pembrokeshire	h	51.7873	-4.6585
Manorbier Newton	Sir Benfro - Pembrokeshire	h	51.6649	-4.8269
Martletwy Cross	Sir Benfro - Pembrokeshire	h	51.7636	-4.8401
Mount Pleasant	Sir Benfro - Pembrokeshire	h	51.7137	-4.8775
Middle Mill	Sir Benfro - Pembrokeshire	h	51.8881	-5.1895
Mesur-y-dorth	Sir Benfro - Pembrokeshire	h	51.9335	-5.1419
Millin Cross	Sir Benfro - Pembrokeshire	h	51.7884	-4.9096
Morton Hall	North Kesteven	h	53.168	-0.6905
Morton	North Kesteven	h	53.1646	-0.6784
Morton	Bassetlaw	h	53.3122	-0.9891
Marefield	Harborough	h	52.6641	-0.8981
Morthen	Rotherham	h	53.3982	-1.2851
Milehill	North East Derbyshire	h	53.2116	-1.3908
Merry Lees	Hinckley and Bosworth	h	52.6479	-1.3076
Mickley	North East Derbyshire	h	53.3091	-1.5103
Moorhall	North East Derbyshire	h	53.2691	-1.5378
Millers Green	Derbyshire Dales	h	53.0688	-1.5819
Morleymoor	Erewash	h	52.9679	-1.4272
Millington Green	Derbyshire Dales	h	53.0263	-1.6059
Mercaston	Derbyshire Dales	h	52.9846	-1.6044
Muggintonlane End	Amber Valley	h	53.0003	-1.5784
Moorend	Derbyshire Dales	h	53.008	-1.6757
Mill Green	Amber Valley	h	53.0751	-1.4642
Marston on Dove	South Derbyshire	h	52.8639	-1.6524
Malcoff	High Peak	h	53.3418	-1.8943
Monsal Head	Derbyshire Dales	h	53.2406	-1.724
Millers Dale	Derbyshire Dales	h	53.2567	-1.7896
Mixon	Staffordshire Moorlands	h	53.1129	-1.9371
Milldale	Staffordshire Moorlands	h	53.0894	-1.7939
Moorend	Staffordshire Moorlands	h	53.0355	-1.9034
Mobberley	Staffordshire Moorlands	h	52.9696	-1.9891
Moneystone	Staffordshire Moorlands	h	53.0147	-1.9243
Moorside	Staffordshire Moorlands	h	53.0257	-1.8967
Moreton	East Staffordshire	h	52.8656	-1.7774
Mavesyn Ridware	Lichfield	h	52.7495	-1.8808
Morrey	East Staffordshire	h	52.766	-1.8093
Matley	Tameside	h	53.4646	-2.0369
Meerbrook	Staffordshire Moorlands	h	53.1447	-2.0198
Monk's Heath	Cheshire East	h	53.2637	-2.2312
Mossend	Cheshire East	h	53.1564	-2.2965
Moss Houses	Cheshire East	h	53.233	-2.1561
Merelake	Cheshire East	h	53.0805	-2.2831
Morrilow Heath	East Staffordshire	h	52.9152	-2.0278
Millmeece	Stafford	h	52.8945	-2.2456
Middleton Green	East Staffordshire	h	52.9155	-2.0074
Mosslane	Stafford	h	52.9275	-2.0742
Marston	Stafford	h	52.7236	-2.2443
Middle Hill	South Staffordshire	h	52.6676	-2.0543
Moseley	City of Wolverhampton	h	52.6346	-2.1044
Mitton	South Staffordshire	h	52.7334	-2.1722
Mossbrow	Trafford	h	53.3999	-2.4382
Marthall	Cheshire East	h	53.2768	-2.3039
Minshull Vernon	Cheshire East	h	53.1421	-2.4837
Moss End	Cheshire East	h	53.3027	-2.4868
Martin's Moss	Cheshire East	h	53.144	-2.3024
Moblake	Cheshire East	h	52.9883	-2.4837
Millend	Newcastle-under-Lyme	h	53.068	-2.3104
Mickley	Shropshire	h	52.8877	-2.5697
Mucklestone	Newcastle-under-Lyme	h	52.9326	-2.4099
Moreton Say	Shropshire	h	52.9057	-2.5518
Meeson	Telford and Wrekin	h	52.7807	-2.5146
Meeson Heath	Telford and Wrekin	h	52.7781	-2.5105
Meretown	Stafford	h	52.7817	-2.3629
Mill Green	Shropshire	h	52.8534	-2.4688
Marsh Green	Telford and Wrekin	h	52.7254	-2.5832
Manley Common	Cheshire West and Chester	h	53.2427	-2.7182
Marley Green	Cheshire East	h	53.0063	-2.6248
Muckleton	Shropshire	h	52.7854	-2.6047
Moreton Corbet	Shropshire	h	52.8036	-2.6531
Moston	Shropshire	h	52.8344	-2.6534
Marton	Shropshire	h	52.81	-2.8276
Milford	Shropshire	h	52.7833	-2.8618
Montford	Shropshire	h	52.7293	-2.8619
Mytton	Shropshire	h	52.7471	-2.8379
Mount Sion	Wrecsam - Wrexham	h	53.0783	-3.065
Maes Maelor	Sir y Fflint - Flintshire	h	53.074	-3.1277
Middleton	Shropshire	h	52.8534	-3.0134
Melverley	Shropshire	h	52.743	-2.9882
Meadowtown	Shropshire	h	52.6042	-3.0186
Malehurst	Shropshire	h	52.6504	-2.9116
Mondaytown	Shropshire	h	52.6572	-2.9718
Marche	Shropshire	h	52.6907	-2.9855
Melverley Green	Shropshire	h	52.7571	-2.9959
Moel-y-crio	Sir y Fflint - Flintshire	h	53.2189	-3.2037
Marian Cwm	Sir Ddinbych - Denbighshire	h	53.2873	-3.39
Mynydd-llan	Sir y Fflint - Flintshire	h	53.2425	-3.2738
Mynydd-llÃªch	Sir Ddinbych - Denbighshire	h	53.1438	-3.372
Melin-y-Wig	Sir Ddinbych - Denbighshire	h	53.0273	-3.4331
Moelfre	Powys - Powys	h	52.8469	-3.2169
Moel y Garth	Powys - Powys	h	52.6796	-3.1879
Melin-y-ddÃ´l	Powys - Powys	h	52.6539	-3.347
Main	Powys - Powys	h	52.7302	-3.2227
Moelfre	Conwy - Conwy	h	53.2558	-3.5683
Mallwyd	Gwynedd - Gwynedd	h	52.6975	-3.6817
Maenan	Conwy - Conwy	h	53.1821	-3.8051
Maenaddwyn	Sir Ynys Mon - Isle of Anglesey	h	53.331	-4.3152
Minffordd	Gwynedd - Gwynedd	h	53.2166	-4.1317
Morfa	Gwynedd - Gwynedd	h	52.8717	-4.6804
Medieval Village of Towthorpe (site of)	East Riding of Yorkshire	h	54.0547	-0.6285
Manton	North Lincolnshire	h	53.5112	-0.5957
Muscoates	Ryedale	h	54.2135	-0.9445
Mowthorpe	Ryedale	h	54.1149	-0.9579
Meltonby	East Riding of Yorkshire	h	53.9624	-0.7889
Milby	Harrogate	h	54.1049	-1.3852
Marton-in-the-Forest	Hambleton	h	54.1081	-1.0866
Moor Monkton Moor	Harrogate	h	53.9913	-1.2185
Middleton Quernhow	Harrogate	h	54.2012	-1.4871
Methley Lanes	Wakefield	h	53.7246	-1.4396
Marrick	Richmondshire	h	54.379	-1.8829
Melmerby	Richmondshire	h	54.2633	-1.8829
Middle Skyreholme	Craven	h	54.0425	-1.897
Moor Top	Kirklees	h	53.6924	-1.7107
Moor Side	Kirklees	h	53.6086	-1.7346
Marsett	Richmondshire	h	54.2715	-2.1501
Mearbeck	Craven	h	54.0407	-2.2789
Monkroyd	Pendle	h	53.867	-2.1025
Midgehole	Calderdale	h	53.7566	-2.0131
Mansergh	South Lakeland	h	54.2393	-2.6129
Mewith Head	Craven	h	54.0992	-2.4558
Masongill	Craven	h	54.172	-2.5152
Montcliffe	Bolton	h	53.6067	-2.5269
Middleshaw	South Lakeland	h	54.2957	-2.6845
Millholme	South Lakeland	h	54.3077	-2.6684
Millness	South Lakeland	h	54.2405	-2.7145
Milton	South Lakeland	h	54.2405	-2.722
Moss Edge	Wyre	h	53.8818	-2.8816
Matshead	Wyre	h	53.8628	-2.7269
Moss Side	Wyre	h	53.924	-2.8877
Marshaw	Lancaster	h	53.9753	-2.626
Moor Side	Fylde	h	53.8009	-2.8575
Moor Side	Preston	h	53.8155	-2.7681
Medlar	Fylde	h	53.8134	-2.8862
Monk Moors	Copeland	h	54.3205	-3.3991
Monk Hesleden	County Durham	h	54.7284	-1.2951
Middleton-on-Leven	Hambleton	h	54.4827	-1.2801
Metal Bridge	County Durham	h	54.7085	-1.5391
Middlestone	County Durham	h	54.6752	-1.6076
Meldon	Northumberland	h	55.1479	-1.8139
Middleton	Northumberland	h	55.1607	-1.9072
Molesden	Northumberland	h	55.1518	-1.7686
Milbourne	Northumberland	h	55.0718	-1.8175
Mickley	Northumberland	h	54.9485	-1.883
Mountsett	County Durham	h	54.89	-1.7407
Malton	County Durham	h	54.8099	-1.721
Muggleswick	County Durham	h	54.844	-1.9369
Morton Tinmouth	County Durham	h	54.586	-1.7092
Morley	County Durham	h	54.6427	-1.8024
Middle Side	County Durham	h	54.6334	-2.102
Midgeholme	Carlisle	h	54.9238	-2.5636
Mossedge	Carlisle	h	55.0049	-2.8176
Moat	Carlisle	h	55.0573	-2.9229
Middlesceugh	Eden	h	54.7686	-2.9303
Mellguards	Eden	h	54.8043	-2.8641
Melkinthorpe	Eden	h	54.6218	-2.6932
Morton	Eden	h	54.7449	-2.8461
Martindale	Eden	h	54.5624	-2.8767
Milltown	Dumfries and Galloway	h	55.0681	-3.045
Middlebie	Dumfries and Galloway	h	55.0734	-3.2331
Metal Bridge	Carlisle	h	54.9738	-3.0087
Micklethwaite	Allerdale	h	54.8429	-3.1148
Moorend	Allerdale	h	54.848	-3.0651
Moorhouse	Allerdale	h	54.85	-3.1553
Moor Row	Allerdale	h	54.8316	-3.2321
Mungrisdale	Eden	h	54.6637	-2.99
Millhouse	Eden	h	54.7294	-2.9913
Mosedale	Eden	h	54.6802	-2.9989
Matterdale End	Eden	h	54.6024	-2.9381
Millhousebridge	Dumfries and Galloway	h	55.1558	-3.4057
Mouswald	Dumfries and Galloway	h	55.0396	-3.4638
Middleshaw	Dumfries and Galloway	h	55.0663	-3.3356
Mealrigg	Allerdale	h	54.7973	-3.3596
Moss Side	Allerdale	h	54.861	-3.2588
Moss Side	Copeland	h	54.4442	-3.4886
Mansegate	Dumfries and Galloway	h	55.1356	-3.7682
Milton	Dumfries and Galloway	h	55.1353	-3.8104
Milton	Dumfries and Galloway	h	55.0159	-3.8024
Mainsriddle	Dumfries and Galloway	h	54.8952	-3.6407
Middletown	Copeland	h	54.4642	-3.5565
Mossdale	Dumfries and Galloway	h	55.012	-4.0921
Mid Kelton	Dumfries and Galloway	h	54.9202	-3.9369
Millhall	Dumfries and Galloway	h	54.8131	-4.0931
Mutehill	Dumfries and Galloway	h	54.8151	-4.045
Middleton	Northumberland	h	55.6136	-1.841
Mindrum	Northumberland	h	55.5901	-2.2528
Mardon	Northumberland	h	55.6342	-2.1552
Makerstoun	Scottish Borders	h	55.5853	-2.5249
Mossburnford	Scottish Borders	h	55.4402	-2.5288
Middleton	Midlothian	h	55.8116	-3.0197
Maryburgh	Perth and Kinross	h	56.1496	-3.3907
Mountain Cross	Scottish Borders	h	55.7088	-3.3553
Mennock	Dumfries and Galloway	h	55.3523	-3.8863
Millerston	East Renfrewshire	h	55.7736	-4.2806
Mambeg	Argyll and Bute	h	56.0634	-4.841
Munnoch	North Ayrshire	h	55.6971	-4.7832
Meigle	North Ayrshire	h	55.8523	-4.8838
Mount Stuart	Argyll and Bute	h	55.7921	-5.0212
Millhouse	Argyll and Bute	h	55.8845	-5.2694
Melldalloch	Argyll and Bute	h	55.9202	-5.3213
Machrie	North Ayrshire	h	55.5503	-5.3404
Marywell	Angus	h	56.5876	-2.5708
Maryton	Angus	h	56.6965	-2.5166
Marywell	Aberdeenshire	h	57.0505	-2.6903
Milldens	Angus	h	56.6436	-2.7388
Memus	Angus	h	56.7199	-2.939
Melgund	Angus	h	56.6989	-2.7465
Middleton	Angus	h	56.5013	-2.9309
Murroes	Angus	h	56.5041	-2.8742
Milton of Ogilvie	Angus	h	56.5829	-3.0062
Markethill	Perth and Kinross	h	56.5381	-3.2555
Muirhead	Fife	h	56.2363	-3.1493
Moonzie	Fife	h	56.3423	-3.0547
Monimail	Fife	h	56.3146	-3.1344
Middleton	Perth and Kinross	h	56.5443	-3.4945
Milltown of Aberdalgie	Perth and Kinross	h	56.3681	-3.4975
Middleton	Perth and Kinross	h	56.2454	-3.4147
Milton of Edradour	Perth and Kinross	h	56.7035	-3.7017
Milton of Tulliemet	Perth and Kinross	h	56.6546	-3.6368
Madderty	Perth and Kinross	h	56.3801	-3.6971
Milton of Cultoquhey	Perth and Kinross	h	56.3838	-3.7915
Monzie	Perth and Kinross	h	56.4042	-3.8189
Milton	Perth and Kinross	h	56.5277	-3.7593
Muirshearlich	Highland	h	56.8792	-5.0551
Mingarrypark	Highland	h	56.7577	-5.791
Millton	Argyll and Bute	h	56.5283	-6.7374
Moss	Argyll and Bute	h	56.4917	-6.9414
Middleton	Argyll and Bute	h	56.4829	-6.9638
Mannal	Argyll and Bute	h	56.4597	-6.8927
Millbreck	Aberdeenshire	h	57.4969	-1.9964
Middlemuir	Aberdeenshire	h	57.2761	-2.111
Mosshead	Aberdeenshire	h	57.3519	-2.3263
Muirtack	Aberdeenshire	h	57.4264	-2.0118
Mill of Fintray	Aberdeenshire	h	57.2394	-2.2766
Muir of Kinellar	Aberdeenshire	h	57.2086	-2.3155
Mid Anguston	Aberdeen City	h	57.1091	-2.3144
Montcoffer Crofts	Aberdeenshire	h	57.6441	-2.5079
Monkshill	Aberdeenshire	h	57.458	-2.3416
Millbank	Aberdeenshire	h	57.1875	-2.5622
Moor of Balvack	Aberdeenshire	h	57.2119	-2.5496
Mid Beltie	Aberdeenshire	h	57.0952	-2.6231
Milton	Moray	h	57.6571	-2.8101
Migvie	Aberdeenshire	h	57.1473	-2.9298
Mossat	Aberdeenshire	h	57.2611	-2.8715
Muir of Alford	Aberdeenshire	h	57.2299	-2.7517
Milton of Cushnie	Aberdeenshire	h	57.1901	-2.7955
Muir of Lochs	Moray	h	57.6468	-3.1612
Muirton	Moray	h	57.6978	-3.3004
Mulben	Moray	h	57.5443	-3.0759
Milltown of Auchindoun	Moray	h	57.4459	-3.0783
Milltown of Edinvillie	Moray	h	57.4451	-3.223
Mundole	Moray	h	57.5935	-3.6445
Moss-side	Highland	h	57.5662	-3.9249
Moyness	Highland	h	57.5645	-3.7572
Milton	Highland	h	57.4943	-4.1571
Mountgerald	Highland	h	57.6207	-4.3996
Milton	Highland	h	57.5138	-4.3729
Milton	Highland	h	57.5557	-4.835
Morvich	Highland	h	57.2346	-5.3717
Melvaig	Highland	h	57.8108	-5.8019
Miltown	Highland	h	57.4267	-5.8204
Malagar	Highland	h	57.6044	-6.216
Marishader	Highland	h	57.5928	-6.2004
Merkadale	Highland	h	57.2951	-6.3339
Manish	Na h-Eileanan an Iar	h	57.7996	-6.8782
Miabhaig	Na h-Eileanan an Iar	h	57.8649	-6.7931
Melsetter	Orkney Islands	h	58.7852	-3.2655
Mavesy	Highland	h	58.308	-3.2634
Marrel	Highland	h	58.1314	-3.6674
MÃ raig	Na h-Eileanan an Iar	h	57.9558	-6.7318
Meavaig	Na h-Eileanan an Iar	h	58.2036	-6.9629
Miabhaig	Na h-Eileanan an Iar	h	57.9456	-6.9129
Mill Bay	Orkney Islands	h	59.2103	-2.7607
Marrister	Shetland Islands	h	60.3557	-1.0158
Melby	Shetland Islands	h	60.302	-1.654
Muness	Shetland Islands	h	60.6869	-0.8465
Midbrake	Shetland Islands	h	60.7198	-1.0289
Morden	Merton	o	51.4016	-0.1927
Mitcham	Merton	o	51.4025	-0.1705
Merton		o	51.4139	-0.1836
Moor Park	Three Rivers	o	51.6202	-0.4389
Martyr's Green	Guildford	o	51.3032	-0.4366
Marylands Park	Horsham	o	51.0394	-0.3862
Mashbury	Chelmsford	o	51.7839	0.3947
Mount Pleasant	Uttlesford	o	51.9218	0.1487
Miller's Green	Epping Forest	o	51.7465	0.3003
Mill End	Bedford	o	52.2037	-0.3744
Mautby	Great Yarmouth	o	52.6527	1.6637
Monksthorpe	East Lindsey	o	53.1623	0.1586
Markby	East Lindsey	o	53.2849	0.2298
Muckton	East Lindsey	o	53.3129	0.0608
Maltby	East Lindsey	o	53.3394	-0.0274
Moorby	East Lindsey	o	53.1576	-0.0682
Mavis Enderby	East Lindsey	o	53.1777	0.0328
Miningsby	East Lindsey	o	53.1603	-0.0278
Medlam	East Lindsey	o	53.086	-0.0348
Moulton Eaugate	South Holland	o	52.7376	-0.0743
Manor Farm	South Kesteven	o	52.858	-0.4712
Mount Charles	Cornwall	o	50.486	-4.7616
Milltown	Cornwall	o	50.4827	-4.6543
Merther	Cornwall	o	50.2641	-5.0009
Marlow Common	Buckinghamshire	o	51.5749	-0.8132
Minley	Hart	o	51.3175	-0.8172
Murrell Green	Hart	o	51.2893	-0.9351
Medstead	East Hampshire	o	51.1293	-1.064
Milton Hill	Vale of White Horse	o	51.6145	-1.3142
Mount Pleasant	West Berkshire	o	51.4153	-1.2299
Marridge Hill	Wiltshire	o	51.4678	-1.5881
Matchams	Dorset	o	50.8153	-1.8142
Mobley	Stroud	o	51.6901	-2.4451
Mangotsfield	South Gloucestershire	o	51.4884	-2.5034
Milborne Wick	South Somerset	o	50.9849	-2.4735
Middlemarsh	Dorset	o	50.8609	-2.4673
Minterne Parva	Dorset	o	50.8293	-2.4784
Marshall's Elm	Mendip	o	51.1071	-2.7376
Moortown	South Somerset	o	51.0079	-2.8895
Muckworthy	Torridge	o	50.7874	-4.2666
Merrion	Sir Benfro - Pembrokeshire	o	51.6338	-4.9815
Muscott	West Northamptonshire	o	52.2637	-1.0853
Munsley Green	County of Herefordshire	o	52.0656	-2.4733
Malswick	Forest of Dean	o	51.9268	-2.3809
Maund Bryan	County of Herefordshire	o	52.1487	-2.6442
Myndtown	Shropshire	o	52.4999	-2.9004
Mahollam	County of Herefordshire	o	52.1817	-3.0672
Michaelchurch-on-Arrow	Powys - Powys	o	52.149	-3.1009
Middle Maes-coed	County of Herefordshire	o	51.9995	-2.9675
Moelfre City	Powys - Powys	o	52.3699	-3.2943
Maesycrugiau	Sir Gaerfyrddin - Carmarthenshire	o	52.0462	-4.2268
Merthyr	Sir Gaerfyrddin - Carmarthenshire	o	51.8619	-4.3949
Minwear	Sir Benfro - Pembrokeshire	o	51.7813	-4.8427
Middle Hill	Sir Benfro - Pembrokeshire	o	51.7682	-4.9624
Moorhouse	Newark and Sherwood	o	53.1922	-0.876
Markham Vale	Chesterfield	o	53.2405	-1.3285
Mickley	North East Derbyshire	o	53.1372	-1.4166
Morley	Erewash	o	52.9635	-1.4117
Moorwood Moor	Amber Valley	o	53.1018	-1.4608
Morridge Side	Staffordshire Moorlands	o	53.0859	-1.9705
Mill Green	East Staffordshire	o	52.8091	-1.8765
Marchington Woodlands	East Staffordshire	o	52.8607	-1.831
Moretonwood	Shropshire	o	52.9183	-2.5719
Moss Side	Warrington	o	53.3642	-2.6502
Myddlewood	Shropshire	o	52.8096	-2.8176
Marchamley Wood	Shropshire	o	52.8781	-2.6023
Merrington	Shropshire	o	52.7828	-2.7857
Moel Ddolwen	Powys - Powys	o	52.6593	-3.489
Minffordd	Gwynedd - Gwynedd	o	52.6864	-3.8763
Mona	Sir Ynys Mon - Isle of Anglesey	o	53.2508	-4.3748
Mochras (Shell Island)	Gwynedd - Gwynedd	o	52.8186	-4.1434
Middleton Heights	Ryedale	o	54.2814	-0.7979
Menethorpe	Ryedale	o	54.0989	-0.8263
Middlethorpe	York	o	53.9308	-1.0905
Moor End	Harrogate	o	53.9213	-1.5323
Mill Stables	Kirklees	o	53.5924	-1.8392
Marthwaite	South Lakeland	o	54.3208	-2.5524
Middleton	South Lakeland	o	54.2754	-2.5745
Meal Bank	Lancaster	o	54.1054	-2.5984
Mere Syke	Ribble Valley	o	53.9871	-2.3104
Myerscough Smithy	Ribble Valley	o	53.7794	-2.5775
Myerscough	Wyre	o	53.8496	-2.7588
Mere Side	West Lancashire	o	53.6427	-2.8639
Mansriggs	South Lakeland	o	54.2163	-3.0882
Marsh Side Farm	Wyre	o	53.9372	-2.9559
Mythop	Fylde	o	53.805	-2.976
Market Place	Hambleton	o	54.4698	-1.1929
Mount View Terrace	Northumberland	o	54.9461	-1.9164
Mallsburn	Carlisle	o	55.0547	-2.8082
Moorthwaite	Carlisle	o	54.8493	-2.7662
Mountain View	Allerdale	o	54.514	-3.1573
Mosser	Allerdale	o	54.6127	-3.3719
Mull of Galloway	Dumfries and Galloway	o	54.6388	-4.8791
Marine Court	East Lothian	o	56.0051	-2.5259
Morham	East Lothian	o	55.9373	-2.7172
Monk's Muir Park	East Lothian	o	55.9771	-2.7087
Manor Powis	Stirling	o	56.135	-3.8862
Mulindry	Argyll and Bute	o	55.7592	-6.2042
Mondynes	Aberdeenshire	o	56.9055	-2.3643
Muir	Aberdeenshire	o	56.9881	-3.5455
Moneydie	Perth and Kinross	o	56.4473	-3.518
Melfort	Argyll and Bute	o	56.2703	-5.4938
Mid Broadleyhill	Aberdeenshire	o	57.3817	-1.9028
Millbrex	Aberdeenshire	o	57.4826	-2.2989
Millburn	Aberdeenshire	o	57.4209	-2.6277
Midmar	Aberdeenshire	o	57.1583	-2.5271
Marnoch	Aberdeenshire	o	57.5386	-2.6733
Maggieknockater	Moray	o	57.4976	-3.1409
Mosstowie	Moray	o	57.6274	-3.3878
Muir of Fairburn	Highland	o	57.5388	-4.5371
Meikle Phoineas	Highland	o	57.4634	-4.4528
Mellon Udrigle	Highland	o	57.9015	-5.5632
Mugeary	Highland	o	57.3696	-6.2515
Mol-chlach	Highland	o	57.1467	-6.2126
Milltown	Highland	o	58.561	-3.0784
Mey	Highland	o	58.6466	-3.2394
Mireland	Highland	o	58.5286	-3.178
Myrelandhorn	Highland	o	58.5081	-3.2249
Mid Clyth	Highland	o	58.3198	-3.21
Mybster	Highland	o	58.4565	-3.4259
Muie	Highland	o	58.0093	-4.2503
Melness	Highland	o	58.532	-4.4325
Mangarstadh	Na h-Eileanan an Iar	o	58.1707	-7.0863
Mealasta	Na h-Eileanan an Iar	o	58.1046	-7.1091
Midbea	Orkney Islands	o	59.2815	-2.9735
Mirbister	Orkney Islands	o	59.0627	-3.2048
Marwick	Orkney Islands	o	59.1025	-3.3401
Midland	Orkney Islands	o	58.9176	-3.1829
Mid Walls	Shetland Islands	o	60.2365	-1.6403
