Ely	East Cambridgeshire	c	52.3996	0.2625
Exeter		c	50.7226	-3.5326
Edinburgh	City of Edinburgh	c	55.9533	-3.1891
Eastbourne		t	50.7664	0.2782
Edenbridge	Sevenoaks	t	51.1965	0.065
Epsom	Epsom and Ewell	t	51.3332	-0.267
Ewell	Epsom and Ewell	t	51.3495	-0.2493
East Grinstead	Mid Sussex	t	51.1241	-0.0082
Esher	Elmbridge	t	51.3694	-0.3657
Egham	Runnymede	t	51.4314	-0.5495
Eye	Mid Suffolk	t	52.321	1.1464
Epping	Epping Forest	t	51.6983	0.1106
East Cowes	Isle of Wight	t	50.7577	-1.2882
Exmouth	East Devon	t	50.6187	-3.4124
Eton	Windsor and Maidenhead	t	51.4896	-0.6093
Emsworth	Havant	t	50.8481	-0.9371
Eastleigh		t	50.9694	-1.3533
Earl Shilton	Hinckley and Bosworth	t	52.5757	-1.3158
Evesham	Wychavon	t	52.0926	-1.9474
Eastwood	Broxtowe	t	53.0174	-1.3026
Eccleshall	Stafford	t	52.8596	-2.2531
Eccles	Salford	t	53.4829	-2.338
Ellesmere Port	Cheshire West and Chester	t	53.2778	-2.9034
Ellesmere	Shropshire	t	52.9073	-2.8938
Epworth	North Lincolnshire	t	53.5256	-0.8214
Easingwold	Hambleton	t	54.1201	-1.1944
Elland	Calderdale	t	53.6847	-1.8366
Earby	Pendle	t	53.9166	-2.1398
Egremont	Copeland	t	54.481	-3.5287
Eyemouth	Scottish Borders	t	55.8723	-2.0895
East Linton	East Lothian	t	55.9878	-2.657
East Kilbride	South Lanarkshire	t	55.7581	-4.166
Erskine	Renfrewshire	t	55.9079	-4.4641
Ellon	Aberdeenshire	t	57.3639	-2.0736
Elgin	Moray	t	57.6502	-3.315
Elms Vale	Dover	a	51.1241	1.2901
Eastwood	Southend-on-Sea	a	51.5683	0.6634
East End	Swale	a	51.4231	0.8276
Eversley	Basildon	a	51.571	0.5098
East Barming	Maidstone	a	51.2636	0.4705
Emerson Park	Havering	a	51.5742	0.2319
Elm Park	Havering	a	51.5485	0.2
East Hill	Sevenoaks	a	51.336	0.2365
Elmstead	Bromley	a	51.4185	0.0466
East Wickham	Bexley	a	51.4695	0.099
East Blatchington	Lewes	a	50.7825	0.1022
East Finchley	Barnet	a	51.585	-0.1663
Enfield Wash	Enfield	a	51.666	-0.0386
Enfield Highway	Enfield	a	51.6599	-0.0471
Elstree Park	Barnet	a	51.6424	-0.2569
Enfield Town	Enfield	a	51.6564	-0.0777
East Acton	Hammersmith and Fulham	a	51.5153	-0.2495
Enfield Lock	Enfield	a	51.6709	-0.0221
East Barnet	Barnet	a	51.6387	-0.1678
Enfield Island Village	Enfield	a	51.6703	-0.0161
East Dulwich	Southwark	a	51.4515	-0.0715
East Ewell	Epsom and Ewell	a	51.3452	-0.2364
Elmers End	Bromley	a	51.4054	-0.0535
Earlsfield	Wandsworth	a	51.4431	-0.1848
Earl's Court	Kensington and Chelsea	a	51.4929	-0.1958
East Sheen	Richmond upon Thames	a	51.4616	-0.2685
Eden Park	Bromley	a	51.3924	-0.0275
East Moulsecoomb	The City of Brighton and Hove	a	50.8522	-0.1031
Eastcote	Hillingdon	a	51.5821	-0.4009
East Bedfont	Hounslow	a	51.4493	-0.4409
Egham Hythe	Runnymede	a	51.4281	-0.5235
Effingham Common	Guildford	a	51.2813	-0.4071
East Worthing	Worthing	a	50.8171	-0.351
East End	East Cambridgeshire	a	52.3459	0.4227
Eddington	Cambridge	a	52.2187	0.0843
Eastend	Harlow	a	51.7724	0.0577
Eastfield	City of Peterborough	a	52.5838	-0.228
East End	Huntingdonshire	a	52.3556	0.0088
Ellenbrook	Welwyn Hatfield	a	51.7594	-0.251
Eastgate	City of Peterborough	a	52.5724	-0.2308
Eaton Ford	Huntingdonshire	a	52.2299	-0.2846
Eaton Socon	Huntingdonshire	a	52.2169	-0.2894
Elms Farm	Bedford	a	52.1516	-0.412
Eynesbury	Huntingdonshire	a	52.2168	-0.2668
Eastcotts	Bedford	a	52.1173	-0.4442
Eaton Rise	Norwich	a	52.6072	1.2751
Earlham Rise	Norwich	a	52.6313	1.2528
Eaton	Norwich	a	52.6149	1.2594
Earlham	Norwich	a	52.6278	1.2386
Emorsgate	King's Lynn and West Norfolk	a	52.7584	0.2749
East Marsh	North East Lincolnshire	a	53.5713	-0.0737
Eastfield	Scarborough	a	54.2385	-0.4047
Edgehill	Scarborough	a	54.2643	-0.4183
East End	East Riding of Yorkshire	a	53.7614	-0.19
East Ella	City of Kingston upon Hull	a	53.7447	-0.3999
East Beach	Chichester	a	50.7386	-0.7691
Elmfield	Isle of Wight	a	50.7159	-1.1503
Eastney	City of Portsmouth	a	50.7887	-1.0469
Eastoke	Havant	a	50.7818	-0.9652
Easton	Isle of Wight	a	50.6802	-1.5179
Ensbury	"Bournemouth, Christchurch and Poole"	a	50.7673	-1.8844
East Howe	"Bournemouth, Christchurch and Poole"	a	50.7587	-1.9002
Ensbury Park	"Bournemouth, Christchurch and Poole"	a	50.752	-1.8929
East Cliff	"Bournemouth, Christchurch and Poole"	a	50.7208	-1.858
East Brook	Dorset	a	50.7986	-1.9847
East End	Dorset	a	50.7849	-2.0092
East Burton	Dorset	a	50.6803	-2.2404
Eastern Town	East Devon	a	50.6794	-3.2359
Exwick	Exeter	a	50.7293	-3.5493
Edginswell	Torbay	a	50.4841	-3.5671
Ellacombe	Torbay	a	50.4713	-3.5229
Estover	City of Plymouth	a	50.4157	-4.0974
Efford	City of Plymouth	a	50.3893	-4.1076
Eggbuckland	City of Plymouth	a	50.3976	-4.1095
Ernesettle	City of Plymouth	a	50.4185	-4.1815
Elburton	City of Plymouth	a	50.3593	-4.0637
East Looe	Cornwall	a	50.3534	-4.4529
Eastheath	Wokingham	a	51.3975	-0.844
Englefield Green	Runnymede	a	51.4291	-0.5709
Easthampstead	Bracknell Forest	a	51.4034	-0.7565
Elmer	Arun	a	50.7917	-0.6032
Earley	Wokingham	a	51.4377	-0.9333
Emmer Green	Reading	a	51.4871	-0.9661
Emmbrook	Wokingham	a	51.4228	-0.8542
Eastrop	Basingstoke and Deane	a	51.2636	-1.0731
East Liss	East Hampshire	a	51.0439	-0.8796
East Hill	East Hampshire	a	51.038	-0.8855
Elson	Gosport	a	50.8177	-1.1488
East Fields	West Berkshire	a	51.3975	-1.3136
East Oakley	Basingstoke and Deane	a	51.2509	-1.1764
Eastrop	Swindon	a	51.6305	-1.7015
Eling	New Forest	a	50.913	-1.4822
Even Swindon	Swindon	a	51.5635	-1.7998
Eastleaze	Swindon	a	51.5618	-1.8299
Eldene	Swindon	a	51.5535	-1.7394
East Gomeldon	Wiltshire	a	51.1195	-1.7318
Ebblake	Dorset	a	50.8715	-1.8518
Easton Town	Wiltshire	a	51.5757	-2.2077
Egypt	Stroud	a	51.6976	-2.2196
Enmore Green	Dorset	a	51.0091	-2.2052
East Compton	Dorset	a	50.969	-2.1778
Everlands	Stroud	a	51.6943	-2.358
Eastville	City of Bristol	a	51.474	-2.5608
East Twerton	Bath and North East Somerset	a	51.3809	-2.3815
Easthill	Mendip	a	51.2305	-2.3061
Edford	Mendip	a	51.2392	-2.4739
East End	Mendip	a	51.2199	-2.4711
East Town	Mendip	a	51.1645	-2.5684
East Clevedon	North Somerset	a	51.4393	-2.8423
East End	North Somerset	a	51.4292	-2.7463
East End	North Somerset	a	51.3253	-2.712
East Stoke	South Somerset	a	50.9536	-2.7292
East Usk	Casnewydd - Newport	a	51.595	-2.987
Ebdon	North Somerset	a	51.379	-2.9156
East Moors	Caerdydd - Cardiff	a	51.4696	-3.1417
East Bower	Sedgemoor	a	51.1339	-2.9737
Eastbrook	Somerset West and Taunton	a	50.9927	-3.115
Eastover	Sedgemoor	a	51.1307	-2.9965
Energlyn	Caerffili - Caerphilly	a	51.5844	-3.2354
Edmondstown	Rhondda Cynon Taf - Rhondda Cynon Taf	a	51.6036	-3.4339
Edwardsville	Merthyr Tudful - Merthyr Tydfil	a	51.6626	-3.3201
Eastbrook	Bro Morgannwg - the Vale of Glamorgan	a	51.4364	-3.2135
Evanstown	Pen-y-bont ar Ogwr - Bridgend	a	51.5951	-3.4773
East Side	Pen-y-bont ar Ogwr - Bridgend	a	51.5663	-3.585
East Village	Bro Morgannwg - the Vale of Glamorgan	a	51.4587	-3.4453
East Town	Mid Devon	a	50.7911	-3.6495
East-the-Water	Torridge	a	51.0147	-4.1925
Ecton Brook	West Northamptonshire	a	52.2621	-0.8061
East End	Central Bedfordshire	a	52.075	-0.595
Emerson Valley	Milton Keynes	a	52.0013	-0.7806
Eaglestone	Milton Keynes	a	52.0287	-0.7339
Elfield Park	Milton Keynes	a	52.0169	-0.7537
Elmhurst	Buckinghamshire	a	51.8262	-0.8078
Eastfield	West Northamptonshire	a	52.2614	-0.8564
Eyres Monsell	City of Leicester	a	52.591	-1.151
Easington	Cherwell	a	52.0511	-1.3433
Edgwick	Coventry	a	52.4304	-1.4926
Exhall	Nuneaton and Bedworth	a	52.4658	-1.4824
Emscote	Warwick	a	52.2928	-1.5705
Earlsdon	Coventry	a	52.399	-1.5292
East End	Cherwell	a	51.9993	-1.4752
Eastend	West Oxfordshire	a	51.8963	-1.5157
Elmdon	Solihull	a	52.4466	-1.7533
Erdington	Birmingham	a	52.5274	-1.8323
Elmdon Heath	Solihull	a	52.429	-1.7639
Edgbaston	Birmingham	a	52.4577	-1.9297
Enfield	Redditch	a	52.3135	-1.947
East End	Cotswold	a	51.7066	-1.7743
Ettingshall Park	City of Wolverhampton	a	52.5562	-2.1169
Ettingshall	City of Wolverhampton	a	52.5604	-2.1021
Eve Hill	Dudley	a	52.5132	-2.0974
East End	Cheltenham	a	51.8825	-2.0407
Ebley	Stroud	a	51.741	-2.2539
Elmbridge	Gloucester	a	51.8733	-2.2121
Eign Hill	County of Herefordshire	a	52.0521	-2.6909
Elmdale	County of Herefordshire	a	51.9514	-2.8824
Elliot's Town	Caerffili - Caerphilly	a	51.718	-3.2366
Ermine	Lincoln	a	53.2498	-0.5358
Easthorpe	Melton	a	52.9384	-0.7948
Earlesfield	South Kesteven	a	52.9033	-0.6624
Easthorpe	Newark and Sherwood	a	53.0752	-0.9451
Evington	City of Leicester	a	52.6225	-1.08
East Herringthorpe	Rotherham	a	53.4391	-1.3233
East Dene	Rotherham	a	53.4351	-1.3277
Eastwood	Rotherham	a	53.4359	-1.3361
Egstow	North East Derbyshire	a	53.1712	-1.4025
Emmett Carr	North East Derbyshire	a	53.2914	-1.3237
Endcliffe Edge	Sheffield	a	53.3723	-1.5134
Ecclesall	Sheffield	a	53.3576	-1.5129
Endcliffe Crescent	Sheffield	a	53.374	-1.5069
East Whitwell	Sheffield	a	53.4755	-1.599
Elm Tree Hill	Sheffield	a	53.3602	-1.4276
Etchinghill	Cannock Chase	a	52.7644	-1.9611
Edgeley	Stockport	a	53.4013	-2.1729
East Didsbury	Manchester	a	53.4075	-2.2245
Eaves Knoll	High Peak	a	53.3682	-2.0069
Endon Bank	Staffordshire Moorlands	a	53.0836	-2.1052
Etruria	City of Stoke-on-Trent	a	53.0215	-2.1908
Elston Hall	City of Wolverhampton	a	52.615	-2.1232
Ellesmere Park	Salford	a	53.4885	-2.3357
Edgmond Marsh	Telford and Wrekin	a	52.7822	-2.4181
Eccleston Park	St. Helens	a	53.4306	-2.7874
Edge Green	Wigan	a	53.4856	-2.6061
Eccleston Lane Ends	St. Helens	a	53.4341	-2.7933
Earlestown	St. Helens	a	53.4504	-2.6481
Eccleston	St. Helens	a	53.456	-2.7765
Elton Green	Cheshire West and Chester	a	53.2694	-2.8197
Egerton Park	Wirral	a	53.3685	-3.0212
Everton	Liverpool	a	53.4253	-2.9644
Edge Hill	Liverpool	a	53.4037	-2.9527
Egremont	Wirral	a	53.4177	-3.0283
Eastham	Wirral	a	53.3174	-2.9626
Elm Park	Liverpool	a	53.4142	-2.9437
Eight and Forty	East Riding of Yorkshire	a	53.7573	-0.7198
East Common	Selby	a	53.7766	-1.0538
England Lane	Wakefield	a	53.7044	-1.2475
East Garforth	Leeds	a	53.7949	-1.3768
Eastbourne	Wakefield	a	53.6888	-1.2855
Elm Estate	Wakefield	a	53.5947	-1.2934
Ellentrees	Wakefield	a	53.7098	-1.4224
Eastborough	Kirklees	a	53.6938	-1.6275
East Moor	Wakefield	a	53.6882	-1.4818
Earlsheaton	Kirklees	a	53.6867	-1.6152
Eastwood	Bradford	a	53.8691	-1.8963
Eldwick Beck	Bradford	a	53.8616	-1.8101
Exley Head	Bradford	a	53.8584	-1.9303
Eldwick	Bradford	a	53.8592	-1.8165
East Bowling	Bradford	a	53.7714	-1.7325
East Bierley	Kirklees	a	53.7566	-1.7029
Eastbrook	Bradford	a	53.7958	-1.749
Exley	Calderdale	a	53.6979	-1.8519
Eccleshill	Bradford	a	53.8205	-1.727
Edgerton	Kirklees	a	53.6597	-1.8048
Edgeside	Rossendale	a	53.7013	-2.2445
Eastwood	Calderdale	a	53.7243	-2.0543
Ealees	Rochdale	a	53.6427	-2.0889
Edge End	Hyndburn	a	53.7867	-2.4154
Earcroft	Blackburn with Darwen	a	53.717	-2.4861
Enfield	Hyndburn	a	53.7673	-2.3768
Ewood	Blackburn with Darwen	a	53.7242	-2.4862
Egerton Park	Salford	a	53.5047	-2.368
Elton	Bury	a	53.5929	-2.3153
Eagley Bank	Bolton	a	53.6101	-2.4269
Ellenbrook	Salford	a	53.5091	-2.4092
Engine Fold	Salford	a	53.5216	-2.4129
Eagley	Bolton	a	53.6142	-2.4254
Edge Fold	Bolton	a	53.5497	-2.4536
Egerton	Bolton	a	53.6306	-2.4446
Elmslack	Lancaster	a	54.1745	-2.8249
Earnshaw Bridge	South Ribble	a	53.6999	-2.7147
Elmers Green	West Lancashire	a	53.5544	-2.7566
East Gillibrands	West Lancashire	a	53.5425	-2.7849
East Pimbo	West Lancashire	a	53.529	-2.745
Eastlea	County Durham	a	54.8358	-1.3639
Eaglescliffe	Stockton-on-Tees	a	54.5296	-1.3485
Elm Tree	Stockton-on-Tees	a	54.5732	-1.3485
Easterside	Middlesbrough	a	54.5431	-1.2177
East Denton	Newcastle upon Tyne	a	54.9881	-1.6809
Eastfield Dale	Northumberland	a	55.0924	-1.5771
Eastfield Green	Northumberland	a	55.0882	-1.5708
Eastfield Chase	Northumberland	a	55.0882	-1.5776
East Howdon	North Tyneside	a	54.9939	-1.4806
East Jarrow	South Tyneside	a	54.9772	-1.4714
East Gateshead	Gateshead	a	54.9637	-1.5837
Elswick	Newcastle upon Tyne	a	54.9658	-1.6479
East Cramlington	Northumberland	a	55.0792	-1.5543
East Stanley	County Durham	a	54.8739	-1.6798
East Herrington	Sunderland	a	54.8709	-1.4411
Eighton Banks	Gateshead	a	54.9188	-1.5767
Eastbourne	Darlington	a	54.5232	-1.5309
Edgewell	Northumberland	a	54.9553	-1.8669
Etherley Dene	County Durham	a	54.655	-1.7012
Etherley Moor	County Durham	a	54.6553	-1.7081
Etterby	Carlisle	a	54.9062	-2.9529
Eveninghill	Allerdale	a	54.8393	-3.0507
Edentown	Carlisle	a	54.9059	-2.9431
Ellenborough	Allerdale	a	54.7081	-3.4818
Ewanrigg	Allerdale	a	54.7055	-3.4873
East Ord	Northumberland	a	55.7572	-2.0325
Eastfield	Fife	a	56.185	-3.1474
Eskbank	Midlothian	a	55.8867	-3.0808
Eastfield	Midlothian	a	55.8362	-3.2168
Eldindean	Midlothian	a	55.8794	-3.1018
Eskhill	Midlothian	a	55.8312	-3.2183
Easter Aberdour	Fife	a	56.0545	-3.2931
East Craigs	City of Edinburgh	a	55.9462	-3.3069
Eliburn	West Lothian	a	55.8962	-3.553
Easter Shieldhill	Falkirk	a	55.9727	-3.7612
Eastside	East Dunbartonshire	a	55.9417	-4.1526
Easterhouse	Glasgow City	a	55.866	-4.1192
East Mains	South Lanarkshire	a	55.771	-4.1725
Eddlewood	South Lanarkshire	a	55.7582	-4.0451
Earnock	South Lanarkshire	a	55.7672	-4.0833
East Craigend	Renfrewshire	a	55.899	-4.4588
Erskine Harbour	Renfrewshire	a	55.9136	-4.46
East Freeland	Renfrewshire	a	55.8931	-4.4445
East Fulton	Renfrewshire	a	55.8518	-4.5161
Edenside	Fife	a	56.3581	-2.8785
East Laroch	Highland	a	56.6771	-5.1357
Elrick	Aberdeenshire	a	57.1506	-2.3028
Ellan	Highland	a	57.2811	-3.8292
Easter Muckovie	Highland	a	57.4705	-4.157
East Brora	Highland	a	58.0163	-3.8545
E12	Newham		51.5486	0.0639
E6	Newham		51.5122	0.0588
EC4R	City and County of the City of London		51.5094	-0.0877
EC4P	Islington		51.5246	-0.112
EC3P	Islington		51.5246	-0.112
EC4A	Islington		51.5211	-0.1059
E20	Newham		51.548	-0.0087
EC4Y	City and County of the City of London		51.5114	-0.1067
E18	Redbridge		51.5971	0.0145
EC3V	City and County of the City of London		51.5137	-0.0857
E13	Newham		51.5336	0.0157
EC3R	City and County of the City of London		51.511	-0.0804
EC4V	City and County of the City of London		51.5107	-0.0974
EC2N	City and County of the City of London		51.515	-0.0826
EC2R	City and County of the City of London		51.5141	-0.0851
EC1Y	Islington		51.5231	-0.0936
EC4M	City and County of the City of London		51.5145	-0.1042
EC3M	City and County of the City of London		51.5119	-0.0848
EC2P	Islington		51.5246	-0.112
EC1A	Islington		51.5246	-0.112
EC1N	Camden		51.5202	-0.1102
E7	Waltham Forest		51.5547	0.0132
EN4	Barnet		51.6506	-0.1707
EN3	Enfield		51.6719	-0.0424
EC3A	City and County of the City of London		51.5152	-0.0782
EC1M	City and County of the City of London		51.5204	-0.0988
EC3N	City and County of the City of London		51.5133	-0.0765
EC1P	Islington		51.5246	-0.112
EC2Y	City and County of the City of London		51.5187	-0.0905
EC1V	Islington		51.5292	-0.098
EC4N	City and County of the City of London		51.5131	-0.0926
E15	Waltham Forest		51.5517	0.0096
E2	Tower Hamlets		51.5309	-0.05
EC2M	City and County of the City of London		51.5169	-0.0871
E16	Newham		51.5083	0.0147
EC2A	Hackney		51.523	-0.0822
EC2V	City and County of the City of London		51.5148	-0.0974
E4	Waltham Forest		51.6061	-0.0001
E11	Waltham Forest		51.5654	0.0015
E10	Waltham Forest		51.5663	-0.0269
EN5	Barnet		51.6544	-0.1861
E8	Hackney		51.5422	-0.0555
E1	Tower Hamlets		51.5107	-0.0681
EC1R	Islington		51.5227	-0.105
EN1	Enfield		51.6379	-0.0778
E17	Waltham Forest		51.5967	-0.0187
E3	Tower Hamlets		51.5209	-0.0294
E9	Hackney		51.5485	-0.0352
E98	Tower Hamlets		51.508	-0.0644
E1W	Tower Hamlets		51.5029	-0.0609
E5	Sutton		51.3622	-0.194
E14	Tower Hamlets		51.496	-0.023
EN2	Enfield		51.6835	-0.1036
EN10	Broxbourne		51.7404	-0.0476
EN11	Broxbourne		51.7678	-0.005
EN9	Epping Forest		51.7458	0.0089
EN6	Hertsmere		51.6879	-0.1758
EN7	Broxbourne		51.7203	-0.0723
EN8	Broxbourne		51.6926	-0.0376
EX12	East Devon		50.6918	-3.1458
EX24	East Devon		50.7552	-3.1596
EX11	East Devon		50.7496	-3.2785
EX9	East Devon		50.6348	-3.3205
EX10	East Devon		50.6781	-3.2387
EX8	East Devon		50.6508	-3.426
EX3	Exeter		50.6799	-3.4633
EX1	Exeter		50.7237	-3.5227
EX4	Exeter		50.7368	-3.5076
EX2	Exeter		50.7154	-3.5025
EX7	Teignbridge		50.5796	-3.4694
EX6	West Devon		50.7033	-3.7921
EX13	East Devon		50.8342	-3.0365
EX14	East Devon		50.8022	-3.1921
EX5	Mid Devon		50.8465	-3.4563
EX15	Mid Devon		50.8499	-3.467
EX35	North Devon		51.2224	-3.8343
EX36	North Devon		50.9475	-3.7627
EX16	North Devon		50.9129	-3.713
EX17	Mid Devon		50.8534	-3.8512
EX34	North Devon		51.1852	-4.2092
EX32	North Devon		51.083	-4.0436
EX33	North Devon		51.1118	-4.1733
EX31	North Devon		51.0692	-4.0773
EX37	Torridge		50.9558	-3.9958
EX18	Torridge		50.9224	-4.0001
EX19	Torridge		50.8915	-4.0305
EX20	West Devon		50.8191	-4.0701
EX38	Torridge		50.9565	-4.1233
EX21	Torridge		50.7843	-4.292
EX22	Torridge		50.7948	-4.3176
EX39	Torridge		51.1659	-4.666
EX23	Cornwall		50.7929	-4.5556
EH42	East Lothian		56.0249	-2.6522
EH31	East Lothian		56.0376	-2.8331
EH36	East Lothian		55.8404	-2.866
EH39	East Lothian		55.9887	-2.7271
EH35	East Lothian		55.9134	-2.9484
EH34	East Lothian		55.899	-2.8658
EH41	East Lothian		55.955	-2.7743
EH40	East Lothian		55.9897	-2.6622
EH99	City of Edinburgh		55.9521	-3.1746
EH95	City of Edinburgh		55.9786	-3.2535
EH33	East Lothian		55.9227	-2.9743
EH24	Midlothian		55.8588	-3.1284
EH20	Midlothian		55.8801	-3.1594
EH1	City of Edinburgh		55.9476	-3.1933
EH18	Midlothian		55.8831	-3.1134
EH25	Midlothian		55.8699	-3.1776
EH2	City of Edinburgh		55.9538	-3.2032
EH19	Midlothian		55.8719	-3.0948
EH17	City of Edinburgh		55.9003	-3.1317
EH32	East Lothian		55.9675	-2.9648
EH9	City of Edinburgh		55.9372	-3.1845
EH3	City of Edinburgh		55.9424	-3.2046
EH8	City of Edinburgh		55.9436	-3.1821
EH6	City of Edinburgh		55.9763	-3.1781
EH5	City of Edinburgh		55.9707	-3.2173
EH22	Midlothian		55.8886	-3.0775
EH15	City of Edinburgh		55.9419	-3.1139
EH21	East Lothian		55.9305	-3.0191
EH7	City of Edinburgh		55.9613	-3.1525
EH10	City of Edinburgh		55.9233	-3.21
EH16	City of Edinburgh		55.9305	-3.1246
EH37	Scottish Borders		55.8094	-2.9647
EH38	Scottish Borders		55.7803	-2.9648
EH23	Midlothian		55.7614	-3.1527
EH43	Scottish Borders		55.6261	-2.9923
EH44	Scottish Borders		55.6084	-3.064
EH13	City of Edinburgh		55.9018	-3.2833
EH91	City of Edinburgh		55.9232	-3.3051
EH27	West Lothian		55.8921	-3.4361
EH29	City of Edinburgh		55.9561	-3.4007
EH53	West Lothian		55.8895	-3.463
EH30	City of Edinburgh		55.9823	-3.3919
EH11	City of Edinburgh		55.9283	-3.2839
EH14	City of Edinburgh		55.9109	-3.2959
EH12	City of Edinburgh		55.9345	-3.3012
EH4	City of Edinburgh		55.9577	-3.2977
EH54	West Lothian		55.8979	-3.5292
EH26	Midlothian		55.8053	-3.3146
EH46	Scottish Borders		55.7561	-3.3489
EH45	Scottish Borders		55.603	-3.3314
EH28	West Lothian		55.8847	-3.628
EH52	West Lothian		55.8847	-3.628
EH51	Falkirk		56.0018	-3.6228
EH48	West Lothian		55.8999	-3.7057
EH49	West Lothian		55.9746	-3.6137
EH55	West Lothian		55.8218	-3.6022
EH47	West Lothian		55.8204	-3.6994
East Dean	Wealden	v	50.7586	0.2077
Elmstone	Dover	v	51.2986	1.2373
East Stourmouth	Dover	v	51.3161	1.249
Ewell Minnis	Dover	v	51.1438	1.2308
Eythorne	Dover	v	51.1958	1.2666
Elvington	Dover	v	51.2077	1.2586
East Langdon	Dover	v	51.166	1.336
East Studdal	Dover	v	51.1989	1.3191
Eastry	Dover	v	51.247	1.3079
Eddington	Canterbury	v	51.3621	1.1234
Elham	Folkestone and Hythe	v	51.154	1.1115
Etchinghill	Folkestone and Hythe	v	51.1134	1.0949
Eastchurch	Swale	v	51.4067	0.8579
Eastling	Swale	v	51.2744	0.8126
Eyhorne Street	Maidstone	v	51.2612	0.6287
Egerton Forstal	Ashford	v	51.1859	0.7071
Egerton	Ashford	v	51.1942	0.7281
East End	Tunbridge Wells	v	51.0873	0.6172
Eccles	Tonbridge and Malling	v	51.3181	0.4789
East Tilbury	Thurrock	v	51.4807	0.4168
East Malling	Tonbridge and Malling	v	51.2876	0.439
East Farleigh	Maidstone	v	51.2516	0.4849
East Peckham	Tonbridge and Malling	v	51.2123	0.3862
Etchingham	Rother	v	51.0096	0.4394
Ewhurst Green	Rother	v	50.9921	0.5551
Eynsford	Sevenoaks	v	51.3687	0.2136
Eridge Green	Wealden	v	51.0957	0.2182
East Hoathly	Wealden	v	50.9259	0.1656
Epsom Downs	Epsom and Ewell	v	51.3204	-0.243
East Chiltington	Lewes	v	50.9206	-0.045
Elstree	Hertsmere	v	51.6439	-0.2988
East Molesey	Elmbridge	v	51.4003	-0.355
Effingham	Guildford	v	51.2704	-0.3993
Ewhurst	Waverley	v	51.1505	-0.4401
East Horsley	Guildford	v	51.2647	-0.4323
East Clandon	Guildford	v	51.2566	-0.4827
Elmbridge Village	Waverley	v	51.1408	-0.5171
Ewhurst Green	Waverley	v	51.142	-0.4348
Ellen's Green	Waverley	v	51.1081	-0.4313
East Preston	Arun	v	50.8107	-0.4842
Eastbridge	East Suffolk	v	52.2384	1.5884
Ellingham	South Norfolk	v	52.4797	1.4896
Earsham	South Norfolk	v	52.4505	1.4167
Earl Soham	East Suffolk	v	52.2198	1.2658
Eyke	East Suffolk	v	52.1172	1.3812
Easton	East Suffolk	v	52.1773	1.3416
Eccles Road	Breckland	v	52.4726	0.9702
Elmsett	Babergh	v	52.0788	0.9981
East End	Babergh	v	51.9721	1.0601
Elmstead Market	Tendring	v	51.8811	0.9949
East Bergholt	Babergh	v	51.9724	1.0123
East Mersea	Colchester	v	51.7924	0.98
East Harling	Breckland	v	52.4382	0.9331
Elveden	West Suffolk	v	52.3835	0.6675
Euston	West Suffolk	v	52.3796	0.786
Elmswell	Mid Suffolk	v	52.237	0.9126
Earls Colne	Braintree	v	51.9278	0.7
Easthorpe	Colchester	v	51.8591	0.7762
Eight Ash Green	Colchester	v	51.8963	0.8222
Exning	West Suffolk	v	52.2654	0.3697
Eriswell	West Suffolk	v	52.3747	0.5293
Edney Common	Chelmsford	v	51.7142	0.3886
East Hanningfield	Chelmsford	v	51.6828	0.559
Elmdon	Uttlesford	v	52.0358	0.1295
Elsenham	Uttlesford	v	51.9143	0.2294
Elder Street	Uttlesford	v	51.9872	0.2899
Epping Green	Epping Forest	v	51.7283	0.0776
Eastwick	East Hertfordshire	v	51.7862	0.0785
Eastrea	Fenland	v	52.5572	-0.0936
Earith	Huntingdonshire	v	52.3538	0.0312
Elsworth	South Cambridgeshire	v	52.2556	-0.0722
East Hatley	South Cambridgeshire	v	52.1397	-0.1186
Eltisley	South Cambridgeshire	v	52.2197	-0.1403
Everton	Central Bedfordshire	v	52.145	-0.247
Essendon	Welwyn Hatfield	v	51.7617	-0.1546
Epping Green	East Hertfordshire	v	51.743	-0.122
Elton	Huntingdonshire	v	52.531	-0.3952
East Perry	Huntingdonshire	v	52.2874	-0.3112
Ellington	Huntingdonshire	v	52.3319	-0.3006
Easton	Huntingdonshire	v	52.3309	-0.3284
Elstow	Bedford	v	52.1096	-0.4658
East Hyde	Central Bedfordshire	v	51.843	-0.364
Eccles on Sea	North Norfolk	v	52.8079	1.5662
Edingthorpe	North Norfolk	v	52.8432	1.4439
East Ruston	North Norfolk	v	52.7958	1.4806
East Runton	North Norfolk	v	52.9358	1.2707
Edgefield	North Norfolk	v	52.8716	1.1131
Eastgate	Broadland	v	52.7624	1.182
Erpingham	North Norfolk	v	52.8406	1.2525
Edgefield Street	North Norfolk	v	52.8554	1.1141
East Tuddenham	Breckland	v	52.6597	1.0743
Easton	South Norfolk	v	52.6526	1.1559
Etling Green	Breckland	v	52.6845	0.9809
Elsing	Breckland	v	52.7113	1.0378
East Carleton	South Norfolk	v	52.5727	1.2104
East Barsham	North Norfolk	v	52.8694	0.8479
East Rudham	King's Lynn and West Norfolk	v	52.8202	0.7115
East Bilney	Breckland	v	52.7372	0.8865
East Winch	King's Lynn and West Norfolk	v	52.7195	0.5047
Eastville	East Lindsey	v	53.0911	0.0919
Emneth	King's Lynn and West Norfolk	v	52.6424	0.2082
Elm	Fenland	v	52.6396	0.17
East Kirkby	East Lindsey	v	53.1404	-0.0068
East Keal	East Lindsey	v	53.1522	0.0586
East Heckington	North Kesteven	v	52.9779	-0.2084
Eye Green	City of Peterborough	v	52.613	-0.1861
Eye	City of Peterborough	v	52.6097	-0.1867
East Barkwith	East Lindsey	v	53.3171	-0.2469
Evedon	North Kesteven	v	53.0135	-0.3671
Ewerby	North Kesteven	v	53.0108	-0.3308
Edenham	South Kesteven	v	52.7854	-0.4258
Easton on the Hill	North Northamptonshire	v	52.6268	-0.5062
Etton	City of Peterborough	v	52.6429	-0.316
Essendine	Rutland	v	52.7019	-0.4538
Elstronwick	East Riding of Yorkshire	v	53.772	-0.1377
Easington	East Riding of Yorkshire	v	53.652	0.1143
Elsham	North Lincolnshire	v	53.5974	-0.4382
East Halton	North Lincolnshire	v	53.6573	-0.277
Earnley	Chichester	v	50.7663	-0.8454
East Wittering	Chichester	v	50.7694	-0.8737
Everton	New Forest	v	50.7473	-1.5899
East End	New Forest	v	50.7652	-1.4887
East Lulworth	Dorset	v	50.6398	-2.199
East Knighton	Dorset	v	50.666	-2.2622
East Morden	Dorset	v	50.7559	-2.1216
Easton	Dorset	v	50.5457	-2.4361
East Budleigh	East Devon	v	50.6537	-3.3216
Ebford	East Devon	v	50.6825	-3.4365
Exton	East Devon	v	50.6689	-3.4399
Exminster	Teignbridge	v	50.6794	-3.495
East Ogwell	Teignbridge	v	50.5188	-3.6381
Ermington	South Hams	v	50.3615	-3.917
East Allington	South Hams	v	50.3233	-3.7298
East Portlemouth	South Hams	v	50.235	-3.7575
East Prawle	South Hams	v	50.2157	-3.7104
Egloskerry	Cornwall	v	50.6537	-4.4456
Egloshayle	Cornwall	v	50.515	-4.8212
East Taphouse	Cornwall	v	50.4406	-4.5635
Edmonton	Cornwall	v	50.5186	-4.8717
Egypt	Buckinghamshire	v	51.5592	-0.6158
East Burnham	Buckinghamshire	v	51.5452	-0.6266
Eton Wick	Windsor and Maidenhead	v	51.4975	-0.6366
Elstead	Waverley	v	51.1797	-0.7091
Ewshot	Hart	v	51.2401	-0.8326
Enton Green	Waverley	v	51.1583	-0.6312
Easebourne	Chichester	v	50.9958	-0.7259
East Hampnett	Chichester	v	50.8525	-0.6944
Elsted	Chichester	v	50.97	-0.839
Eastergate	Arun	v	50.8393	-0.6526
East Lavant	Chichester	v	50.869	-0.7755
East Dean	Chichester	v	50.9088	-0.7158
East Ashling	Chichester	v	50.8643	-0.8355
Ewelme	South Oxfordshire	v	51.619	-1.0709
Eversley Cross	Hart	v	51.3487	-0.8589
Englefield	West Berkshire	v	51.4439	-1.1001
Eversley	Wokingham	v	51.3579	-0.8868
Eversley Centre	Hart	v	51.3482	-0.866
Ellisfield	Basingstoke and Deane	v	51.2114	-1.0897
Elvetham Heath	Hart	v	51.2929	-0.8552
Exton	Winchester	v	50.9844	-1.1312
Empshott	East Hampshire	v	51.0762	-0.9274
East Meon	East Hampshire	v	50.9945	-1.0335
East Worldham	East Hampshire	v	51.1365	-0.9295
East Tisted	East Hampshire	v	51.0856	-0.9934
East Harting	Chichester	v	50.9692	-0.8665
East Ilsley	West Berkshire	v	51.527	-1.29
East Hagbourne	South Oxfordshire	v	51.5927	-1.2353
East Lockinge	Vale of White Horse	v	51.5845	-1.3884
East Hendred	Vale of White Horse	v	51.5955	-1.3368
East Hanney	Vale of White Horse	v	51.633	-1.399
Ecchinswell	Basingstoke and Deane	v	51.3416	-1.2795
Enborne Row	West Berkshire	v	51.3685	-1.3603
East End	Basingstoke and Deane	v	51.3502	-1.4054
East Stratton	Winchester	v	51.1547	-1.2247
Easton	Winchester	v	51.0857	-1.2718
Exbury	New Forest	v	50.7993	-1.3957
East Challow	Vale of White Horse	v	51.5893	-1.4518
Easton Royal	Wiltshire	v	51.3461	-1.7029
East Garston	West Berkshire	v	51.4889	-1.4776
East Grafton	Wiltshire	v	51.3455	-1.6269
Eddington	West Berkshire	v	51.4209	-1.5078
Eastbury	West Berkshire	v	51.492	-1.5003
Everleigh	Wiltshire	v	51.2817	-1.7062
Enham Alamein	Test Valley	v	51.2397	-1.4747
East Cholderton	Test Valley	v	51.2085	-1.5761
East Tytherley	Test Valley	v	51.0629	-1.5829
East Grimstead	Wiltshire	v	51.0506	-1.6786
East Dean	Test Valley	v	51.0398	-1.6094
East Boldre	New Forest	v	50.8015	-1.4697
East Wellow	Test Valley	v	50.9728	-1.559
Emery Down	New Forest	v	50.8744	-1.5932
Ewen	Cotswold	v	51.6764	-1.9956
East Kennett	Wiltshire	v	51.4055	-1.8294
Etchilhampton	Wiltshire	v	51.3418	-1.9345
East Chisenbury	Wiltshire	v	51.2727	-1.8013
Easterton	Wiltshire	v	51.2957	-1.9709
Enford	Wiltshire	v	51.263	-1.8011
Edmondsham	Dorset	v	50.9025	-1.9129
Easton Grey	Wiltshire	v	51.5885	-2.1771
East Tytherton	Wiltshire	v	51.4732	-2.0507
Erlestoke	Wiltshire	v	51.2845	-2.052
Edington	Wiltshire	v	51.2795	-2.105
Ebbesbourne Wake	Wiltshire	v	51.0169	-2.0124
East Knoyle	Wiltshire	v	51.0731	-2.1699
East Stour	Dorset	v	51.0089	-2.2858
Engine Common	South Gloucestershire	v	51.5543	-2.4361
Englishcombe	Bath and North East Somerset	v	51.3636	-2.4057
Evercreech	Mendip	v	51.147	-2.5041
Elberton	South Gloucestershire	v	51.5948	-2.5827
Easter Compton	South Gloucestershire	v	51.5378	-2.6162
Easton-in-Gordano	North Somerset	v	51.4775	-2.7011
East Harptree	Bath and North East Somerset	v	51.3011	-2.6223
Easton	Mendip	v	51.227	-2.6986
East Horrington	Mendip	v	51.2184	-2.6009
East Lydford	Mendip	v	51.0808	-2.6089
East Chinnock	South Somerset	v	50.9157	-2.7195
East Coker	South Somerset	v	50.9084	-2.6545
Evershot	Dorset	v	50.8398	-2.6039
East Lambrook	South Somerset	v	50.9667	-2.8103
East Brent	Sedgemoor	v	51.2626	-2.933
Eastertown	Sedgemoor	v	51.286	-2.9413
Edithmead	Sedgemoor	v	51.2373	-2.9618
East Huntspill	Sedgemoor	v	51.2023	-2.9397
Elborough	North Somerset	v	51.3289	-2.9025
Edington	Sedgemoor	v	51.154	-2.8771
Enmore	Sedgemoor	v	51.1075	-3.0905
East Lyng	Sedgemoor	v	51.0559	-2.9518
Efail Isaf	Rhondda Cynon Taf - Rhondda Cynon Taf	v	51.552	-3.3217
East Aberthaw	Bro Morgannwg - the Vale of Glamorgan	v	51.3911	-3.3885
Eglwys-Brewis	Bro Morgannwg - the Vale of Glamorgan	v	51.4134	-3.4287
East Quantoxhead	Somerset West and Taunton	v	51.1837	-3.2353
Eglwys Nunydd	Castell-nedd Port Talbot - Neath Port Talbot	v	51.5472	-3.7275
Ewenni	Bro Morgannwg - the Vale of Glamorgan	v	51.483	-3.5756
Exford	Somerset West and Taunton	v	51.1337	-3.6402
Exebridge	Somerset West and Taunton	v	51.0103	-3.5273
East Anstey	North Devon	v	51.0267	-3.6178
Efail-fâch	Castell-nedd Port Talbot - Neath Port Talbot	v	51.6432	-3.7533
Exbourne	West Devon	v	50.7992	-3.9849
East Carlton	North Northamptonshire	v	52.493	-0.7758
Earls Barton	North Northamptonshire	v	52.265	-0.7529
Ecton	North Northamptonshire	v	52.2643	-0.7887
Easton Maudit	North Northamptonshire	v	52.2202	-0.7005
Emberton	Milton Keynes	v	52.1369	-0.7067
Eggington	Central Bedfordshire	v	51.9171	-0.6095
Eaton Bray	Central Bedfordshire	v	51.8759	-0.5886
Edlesborough	Buckinghamshire	v	51.8652	-0.5871
Ellesborough	Buckinghamshire	v	51.7546	-0.7879
East Langton	Harborough	v	52.5263	-0.9303
East Farndon	West Northamptonshire	v	52.4598	-0.9446
East Haddon	West Northamptonshire	v	52.3074	-1.0208
Eastcote	West Northamptonshire	v	52.1794	-1.0068
East Claydon	Buckinghamshire	v	51.9241	-0.928
Edgcott	Buckinghamshire	v	51.8947	-1.015
Emmington	South Oxfordshire	v	51.7141	-0.9328
Enderby	Blaby	v	52.5899	-1.2105
Elmesthorpe	Blaby	v	52.5644	-1.3242
Easenhall	Rugby	v	52.4127	-1.3207
Eydon	West Northamptonshire	v	52.149	-1.2098
Everdon	West Northamptonshire	v	52.2123	-1.1318
Evenley	West Northamptonshire	v	52.0096	-1.1498
Elsfield	South Oxfordshire	v	51.7888	-1.2185
Eynsham	West Oxfordshire	v	51.7808	-1.3745
Eaves Green	Solihull	v	52.4416	-1.6202
Eathorpe	Warwick	v	52.3189	-1.4241
Epwell	Cherwell	v	52.0617	-1.4856
Ettington	Stratford-on-Avon	v	52.1381	-1.6083
Evenlode	Cotswold	v	51.9572	-1.6752
Enstone	West Oxfordshire	v	51.9183	-1.4556
East End	West Oxfordshire	v	51.8287	-1.4232
Eastleach Martin	Cotswold	v	51.7458	-1.7077
Earlswood	Stratford-on-Avon	v	52.3632	-1.8297
Eastcote	Solihull	v	52.41	-1.7145
Exhall	Stratford-on-Avon	v	52.1962	-1.8481
Ebrington	Cotswold	v	52.0585	-1.7303
Eastleach Turville	Cotswold	v	51.7453	-1.7129
Enville	South Staffordshire	v	52.4799	-2.258
Elmley Castle	Wychavon	v	52.0687	-2.0273
Eckington	Wychavon	v	52.0717	-2.1156
Earl's Croome	Malvern Hills	v	52.0785	-2.1931
Elmstone Hardwicke	Tewkesbury	v	51.9338	-2.1178
Edgeworth	Cotswold	v	51.7554	-2.0813
Edge	Stroud	v	51.7869	-2.2226
Eastcombe	Stroud	v	51.7377	-2.1593
Elkstone	Cotswold	v	51.8127	-2.0466
Eardington	Shropshire	v	52.5126	-2.4103
Eardiston	Malvern Hills	v	52.312	-2.4475
Edwyn Ralph	County of Herefordshire	v	52.2219	-2.5239
Elton	Forest of Dean	v	51.8252	-2.4471
Eastington	Stroud	v	51.7461	-2.3275
Epney	Stroud	v	51.7972	-2.3445
Easthope	Shropshire	v	52.5531	-2.6407
Eardisland	County of Herefordshire	v	52.2204	-2.8527
Eaton Bishop	County of Herefordshire	v	52.0455	-2.8132
Edge End	Forest of Dean	v	51.8153	-2.5918
English Bicknor	Forest of Dean	v	51.834	-2.6113
Ellwood	Forest of Dean	v	51.7718	-2.5955
Einsiob	Powys - Powys	v	52.2549	-3.0783
Eardisley	County of Herefordshire	v	52.1409	-3.0124
Ewyas Harold	County of Herefordshire	v	51.9522	-2.891
Erwyd	Powys - Powys	v	52.0775	-3.3174
Elerch	Sir Ceredigion - Ceredigion	v	52.4601	-3.9392
Eglwys Fach	Sir Ceredigion - Ceredigion	v	52.5458	-3.9362
Efailwen	Sir Gaerfyrddin - Carmarthenshire	v	51.8958	-4.7106
Eglwyswrw	Sir Benfro - Pembrokeshire	v	52.0133	-4.7083
East Williamston	Sir Benfro - Pembrokeshire	v	51.7118	-4.7566
East Ferry	West Lindsey	v	53.4854	-0.7723
Eagle	North Kesteven	v	53.1936	-0.6891
Eagle Moor	North Kesteven	v	53.202	-0.6748
Exton	Rutland	v	52.6905	-0.6337
Empingham	Rutland	v	52.6673	-0.5971
Edmondthorpe	Melton	v	52.7493	-0.7334
Egleton	Rutland	v	52.6572	-0.7058
Edith Weston	Rutland	v	52.6375	-0.6315
East Stockwith	West Lindsey	v	53.4407	-0.8141
Everton	Bassetlaw	v	53.4127	-0.9631
East Lound	North Lincolnshire	v	53.4888	-0.8134
Elkesley	Bassetlaw	v	53.2729	-0.9701
Eaton	Bassetlaw	v	53.2943	-0.9354
East Drayton	Bassetlaw	v	53.2689	-0.8383
Eakring	Newark and Sherwood	v	53.1506	-0.9931
East Markham	Bassetlaw	v	53.2519	-0.8938
Edwinstowe	Newark and Sherwood	v	53.1952	-1.0646
Egmanton	Newark and Sherwood	v	53.2112	-0.9016
Epperstone	Newark and Sherwood	v	53.0316	-1.0288
Elston	Newark and Sherwood	v	53.0258	-0.8683
Edingley	Newark and Sherwood	v	53.0927	-1.0033
East Bridgford	Rushcliffe	v	52.9811	-0.9717
East Stoke	Newark and Sherwood	v	53.038	-0.8749
Eaton	Melton	v	52.8537	-0.8147
Eastwell	Melton	v	52.8494	-0.8502
Elton on the Hill	Rushcliffe	v	52.9394	-0.8602
East Goscote	Charnwood	v	52.7137	-1.0485
Elmton	Bolsover	v	53.2553	-1.248
Eckington	North East Derbyshire	v	53.3095	-1.3562
Elvaston	South Derbyshire	v	52.8901	-1.3882
Edwalton	Rushcliffe	v	52.9113	-1.118
East Leake	Rushcliffe	v	52.8315	-1.1794
Ellistown	North West Leicestershire	v	52.6943	-1.3641
Ecclesfield	Sheffield	v	53.4396	-1.465
Elsecar	Barnsley	v	53.4943	-1.4216
Elton	Derbyshire Dales	v	53.1451	-1.668
Edensor	Derbyshire Dales	v	53.2266	-1.6249
Eyam	Derbyshire Dales	v	53.2842	-1.6714
Ednaston	Derbyshire Dales	v	52.9705	-1.6455
Etwall	South Derbyshire	v	52.8841	-1.6017
Egginton	South Derbyshire	v	52.8511	-1.605
Edingale	Lichfield	v	52.7073	-1.6832
Edale	High Peak	v	53.3643	-1.8154
Earl Sterndale	Derbyshire Dales	v	53.2007	-1.8665
Ellastone	East Staffordshire	v	52.9874	-1.828
Edial	Lichfield	v	52.6757	-1.8823
Elford	Lichfield	v	52.6915	-1.7228
Eaton	Cheshire East	v	53.187	-2.1964
Endon	Staffordshire Moorlands	v	53.0769	-2.1126
Ellenhall	Stafford	v	52.8337	-2.2354
Essington	South Staffordshire	v	52.6275	-2.0591
Ettiley Heath	Cheshire East	v	53.14	-2.3899
Elworth	Cheshire East	v	53.1508	-2.3921
Eaton upon Tern	Shropshire	v	52.8057	-2.5149
Ellerdine Heath	Telford and Wrekin	v	52.7937	-2.5747
Edgmond	Telford and Wrekin	v	52.7721	-2.4119
Eaton Constantine	Shropshire	v	52.6541	-2.5918
Eaton	Cheshire West and Chester	v	53.1669	-2.6389
Eccleston	Cheshire West and Chester	v	53.1566	-2.8811
Elton	Cheshire West and Chester	v	53.2745	-2.8147
Edgebolton	Shropshire	v	52.7937	-2.6314
Exfords Green	Shropshire	v	52.6503	-2.7987
Ewloe	Sir y Fflint - Flintshire	v	53.1911	-3.0499
Ewloe Green	Sir y Fflint - Flintshire	v	53.1898	-3.0674
Eryrys	Sir Ddinbych - Denbighshire	v	53.1125	-3.1912
Erbistock	Wrecsam - Wrexham	v	52.9691	-2.9634
Elson	Shropshire	v	52.9167	-2.9162
Edgerley	Shropshire	v	52.7622	-2.9608
Eglwysbach	Conwy - Conwy	v	53.2172	-3.7932
Esgairgeiliog	Powys - Powys	v	52.6375	-3.8372
Edern	Gwynedd - Gwynedd	v	52.9236	-4.5617
Efailnewydd	Gwynedd - Gwynedd	v	52.8959	-4.4527
East Ayton	Scarborough	v	54.2505	-0.4795
Ebberston	Ryedale	v	54.2298	-0.6227
East Heslerton	Ryedale	v	54.1791	-0.5874
Etton	East Riding of Yorkshire	v	53.8785	-0.5114
Everingham	East Riding of Yorkshire	v	53.8731	-0.7794
Elloughton	East Riding of Yorkshire	v	53.7401	-0.5688
Ellerker	East Riding of Yorkshire	v	53.7536	-0.598
Eastoft	North Lincolnshire	v	53.6363	-0.7842
East Butterwick	North Lincolnshire	v	53.5479	-0.7373
Escrick	Selby	v	53.8784	-1.0444
Earswick	York	v	54.0093	-1.0542
East Cottingwith	East Riding of Yorkshire	v	53.8722	-0.9306
Elvington	York	v	53.9203	-0.9349
Eastrington	East Riding of Yorkshire	v	53.7594	-0.7941
East Cowick	East Riding of Yorkshire	v	53.6844	-0.9958
Ellerton	East Riding of Yorkshire	v	53.8505	-0.9249
Ealand	North Lincolnshire	v	53.5918	-0.8185
Edenthorpe	Doncaster	v	53.5536	-1.0659
East Harlsey	Hambleton	v	54.3912	-1.3521
Eggborough	Selby	v	53.7052	-1.1486
East Hardwick	Wakefield	v	53.6584	-1.3024
Exelby	Hambleton	v	54.2769	-1.5517
East Keswick	Leeds	v	53.8954	-1.4531
East Carlton	Leeds	v	53.8835	-1.6662
Emley	Kirklees	v	53.6154	-1.6311
East Witton	Richmondshire	v	54.2694	-1.7795
Eastby	Craven	v	53.986	-1.9745
Esholt	Bradford	v	53.8584	-1.7249
Embsay	Craven	v	53.9802	-1.9879
East Morton	Bradford	v	53.8734	-1.8541
Eastburn	Bradford	v	53.8964	-1.9706
Elland Lower Edge	Calderdale	v	53.6892	-1.8093
Elland Upper Edge	Calderdale	v	53.6833	-1.8141
East Marton	Craven	v	53.9543	-2.1413
Ewood Bridge	Rossendale	v	53.6849	-2.3123
Eccleshill	Blackburn with Darwen	v	53.712	-2.4484
Edgworth	Blackburn with Darwen	v	53.6474	-2.3927
Edenfield	Rossendale	v	53.6746	-2.3059
Endmoor	South Lakeland	v	54.2593	-2.7062
Ellel	Lancaster	v	53.9989	-2.7854
Esprick	Fylde	v	53.8136	-2.8929
Elswick	Fylde	v	53.8385	-2.8795
Euxton	Chorley	v	53.6704	-2.6763
Eccleston	Chorley	v	53.651	-2.7331
Egton	Scarborough	v	54.446	-0.7551
Egton Bridge	Scarborough	v	54.436	-0.7615
Eskdaleside	Scarborough	v	54.4489	-0.6678
Easington	Redcar and Cleveland	v	54.5521	-0.8509
Easington	County Durham	v	54.7854	-1.3523
Elwick	Hartlepool	v	54.6838	-1.295
Elton	Stockton-on-Tees	v	54.5493	-1.3831
Eston	Redcar and Cleveland	v	54.5595	-1.1437
Egglescliffe	Stockton-on-Tees	v	54.5183	-1.3599
East Sleekburn	Northumberland	v	55.1447	-1.5499
Eshott	Northumberland	v	55.2731	-1.6794
Ellington	Northumberland	v	55.2211	-1.5684
Earsdon	North Tyneside	v	55.0456	-1.4989
East Boldon	South Tyneside	v	54.9442	-1.4316
East Hartford	Northumberland	v	55.1068	-1.5809
East Rainton	Sunderland	v	54.8243	-1.4799
Edmondsley	County Durham	v	54.8362	-1.6324
Easington Lane	Sunderland	v	54.8087	-1.4374
Eldon	County Durham	v	54.6442	-1.6401
Eldon Lane	County Durham	v	54.6444	-1.6488
East Cowton	Hambleton	v	54.423	-1.5234
East Hedleyhope	County Durham	v	54.7573	-1.7576
Ebchester	County Durham	v	54.894	-1.8403
Esh	County Durham	v	54.791	-1.6969
East Law	County Durham	v	54.8841	-1.8455
Esh Winning	County Durham	v	54.7697	-1.7043
Edmondbyers	County Durham	v	54.8436	-1.9781
Evenwood	County Durham	v	54.6211	-1.7614
Evenwood Gate	County Durham	v	54.6133	-1.7494
Escomb	County Durham	v	54.6648	-1.7088
East Layton	Richmondshire	v	54.4843	-1.7505
Eppleby	Richmondshire	v	54.5143	-1.7266
Elsdon	Northumberland	v	55.2329	-2.1027
Eggleston	County Durham	v	54.6105	-2.0022
Eamont Bridge	Eden	v	54.6513	-2.749
Edenhall	Eden	v	54.685	-2.6756
Eskdalemuir	Dumfries and Galloway	v	55.2743	-3.1822
Eaglesfield	Dumfries and Galloway	v	55.0596	-3.1964
Eastriggs	Dumfries and Galloway	v	54.9851	-3.1855
Elterwater	South Lakeland	v	54.4336	-3.0383
Ecclefechan	Dumfries and Galloway	v	55.0597	-3.2649
Eaglesfield	Allerdale	v	54.6386	-3.4055
Embleton	Allerdale	v	54.6629	-3.283
Eskdale Green	Copeland	v	54.3896	-3.3242
Ennerdale Bridge	Copeland	v	54.5293	-3.4385
Embleton	Northumberland	v	55.4973	-1.6362
Ellingham	Northumberland	v	55.5251	-1.7307
Eglingham	Northumberland	v	55.4697	-1.8346
Edrom	Scottish Borders	v	55.7933	-2.2735
Eccles	Scottish Borders	v	55.6659	-2.3777
Ednam	Scottish Borders	v	55.6279	-2.4158
Eckford	Scottish Borders	v	55.5286	-2.4621
Earlsferry	Fife	v	56.188	-2.838
East Fortune	East Lothian	v	56.0068	-2.7118
East Saltoun	East Lothian	v	55.9007	-2.841
Easter Pencaitland	East Lothian	v	55.9114	-2.8888
Earlston	Scottish Borders	v	55.6384	-2.6766
East Wemyss	Fife	v	56.1606	-3.0659
Easthouses	Midlothian	v	55.8803	-3.0486
Edgehead	Midlothian	v	55.8754	-3.0027
Elphinstone	East Lothian	v	55.9229	-2.9662
Eddleston	Scottish Borders	v	55.7119	-3.2085
Ettrickbridge	Scottish Borders	v	55.5085	-2.9719
East Calder	West Lothian	v	55.8961	-3.4621
Ecclesmachan	West Lothian	v	55.947	-3.5091
Elsrickle	South Lanarkshire	v	55.6733	-3.4977
East Whitburn	West Lothian	v	55.8688	-3.6615
Eastfield	North Lanarkshire	v	55.858	-3.7648
Elderslie	Renfrewshire	v	55.8331	-4.4844
Eaglesham	East Renfrewshire	v	55.7414	-4.2745
Edzell Woods	Aberdeenshire	v	56.814	-2.6259
Edzell	Angus	v	56.8097	-2.6557
East Haven	Angus	v	56.5161	-2.6683
Elie	Fife	v	56.1904	-2.8215
Errol	Perth and Kinross	v	56.3924	-3.2126
Easdale	Argyll and Bute	v	56.2917	-5.6552
Ellenabeich	Argyll and Bute	v	56.291	-5.633
Echt	Aberdeenshire	v	57.14	-2.4326
Embo	Highland	v	57.9099	-4.0039
Edderton	Highland	v	57.8341	-4.1757
Easter Kinkell	Highland	v	57.5667	-4.382
Eilean Iarmain	Highland	v	57.1444	-5.8008
Ealaghol	Highland	v	57.1458	-6.1033
Earlais	Highland	v	57.5649	-6.3741
Eochar	Na h-Eileanan an Iar	v	57.3874	-7.4073
Eòlaigearraidh	Na h-Eileanan an Iar	v	57.0437	-7.4378
East Helmsdale	Highland	v	58.117	-3.6539
Eòropaidh	Na h-Eileanan an Iar	v	58.502	-6.2625
Easter Quarff	Shetland Islands	v	60.1004	-1.2275
Easter Skeld	Shetland Islands	v	60.1875	-1.4405
East Street	Dover	h	51.2817	1.3038
Each End	Dover	h	51.2782	1.3082
Elvington	Folkestone and Hythe	h	51.1028	1.1454
Elmsted	Folkestone and Hythe	h	51.1642	1.0266
Exted	Folkestone and Hythe	h	51.1571	1.101
Eastwood	Maidstone	h	51.2055	0.6573
Erriottwood	Swale	h	51.2991	0.7815
East Guldeford	Rother	h	50.9609	0.7545
East Horndon	Brentwood	h	51.578	0.3567
Earl's Down	Rother	h	50.9515	0.3424
Etchingwood	Wealden	h	50.9804	0.1449
Ely Grange	Wealden	h	51.1014	0.2779
Eason's Green	Wealden	h	50.9426	0.1487
Edburton	Horsham	h	50.889	-0.2478
Edgware Bury	Barnet	h	51.6335	-0.2815
East Shalford	Guildford	h	51.2165	-0.5518
Elm Corner	Guildford	h	51.3105	-0.4609
East Kingston	Arun	h	50.8078	-0.4591
Ellough	East Suffolk	h	52.4267	1.5916
Easton Bavents	East Suffolk	h	52.3402	1.6859
East Green	East Suffolk	h	52.2338	1.5204
Earsham Street	Mid Suffolk	h	52.3558	1.2815
Erwarton	Babergh	h	51.9653	1.224
Earl's Green	Mid Suffolk	h	52.26	0.9874
East End	Mid Suffolk	h	52.193	1.1424
Earl Stonham	Mid Suffolk	h	52.1862	1.0719
East Wretham	Breckland	h	52.4785	0.821
East Barton	West Suffolk	h	52.2527	0.7836
Edwardstone	Babergh	h	52.0442	0.8322
East Gores	Colchester	h	51.8821	0.7293
East Green	West Suffolk	h	52.1554	0.4616
East End	East Hertfordshire	h	51.9298	0.1085
Epping Upland	Epping Forest	h	51.7211	0.0894
Eldernell	Fenland	h	52.5689	-0.0557
Edworth	Central Bedfordshire	h	52.0539	-0.2181
Eyeworth	Central Bedfordshire	h	52.0963	-0.1763
East End Green	East Hertfordshire	h	51.7811	-0.1215
Elmington	North Northamptonshire	h	52.4948	-0.4504
Ellington Thorpe	Huntingdonshire	h	52.3215	-0.2996
East End	Bedford	h	52.1844	-0.3883
East Somerton	Great Yarmouth	h	52.7185	1.6726
Edingthorpe Green	North Norfolk	h	52.8351	1.4305
East Beckham	North Norfolk	h	52.9137	1.2107
East Raynham	North Norfolk	h	52.794	0.7994
East Lexham	Breckland	h	52.7179	0.752
Eastmoor	King's Lynn and West Norfolk	h	52.5997	0.5551
Emneth Hungate	King's Lynn and West Norfolk	h	52.6435	0.2378
East Ravendale	North East Lincolnshire	h	53.4793	-0.137
Eskham	East Lindsey	h	53.4667	0.0575
East Torrington	West Lindsey	h	53.3337	-0.2786
Ewerby Thorpe	North Kesteven	h	53.0147	-0.3106
Elsthorpe	South Kesteven	h	52.8009	-0.4307
Easton	East Riding of Yorkshire	h	54.0955	-0.2409
Emmotland	East Riding of Yorkshire	h	53.9509	-0.3441
Eppleworth	East Riding of Yorkshire	h	53.7762	-0.4583
East Bloxworth	Dorset	h	50.7488	-2.1557
East Creech	Dorset	h	50.6425	-2.1036
East Holme	Dorset	h	50.6726	-2.1481
Eastdown	South Hams	h	50.3332	-3.6525
East Cornworthy	South Hams	h	50.3858	-3.6227
Easton	West Devon	h	50.6847	-3.8147
Easton	South Hams	h	50.3081	-3.8678
Easton	South Hams	h	50.2711	-3.7896
East Charleton	South Hams	h	50.2723	-3.7356
Eworthy	West Devon	h	50.7352	-4.201
East Panson	Torridge	h	50.7078	-4.3235
Engollan	Cornwall	h	50.4908	-5.0132
Enniscaven	Cornwall	h	50.3994	-4.8645
East Portholland	Cornwall	h	50.2364	-4.8632
Ellenglaze	Cornwall	h	50.3776	-5.1292
Escalls	Cornwall	h	50.0845	-5.6833
Egham Wick	Runnymede	h	51.4201	-0.5878
Ebernoe	Chichester	h	51.0433	-0.6101
Elsted Marsh	Chichester	h	50.9792	-0.8134
Eartham	Chichester	h	50.8768	-0.6667
Elbridge	Arun	h	50.8112	-0.7059
East Lavington	Chichester	h	50.9397	-0.6582
East Marden	Chichester	h	50.9252	-0.8528
Exlade Street	South Oxfordshire	h	51.5315	-1.0501
Easington	South Oxfordshire	h	51.6689	-1.0442
Empshott Green	East Hampshire	h	51.0737	-0.9345
East Ginge	Vale of White Horse	h	51.5766	-1.3548
Enborne	West Berkshire	h	51.3909	-1.3722
Eling	West Berkshire	h	51.4716	-1.2488
Earlstone Common	Basingstoke and Deane	h	51.3539	-1.3222
East Woodhay	Basingstoke and Deane	h	51.3506	-1.4171
Easton	West Berkshire	h	51.4475	-1.401
Egypt	Winchester	h	51.1577	-1.3311
Egbury	Basingstoke and Deane	h	51.2704	-1.3735
Eaton Hastings	Vale of White Horse	h	51.6846	-1.6213
Elcot	West Berkshire	h	51.4251	-1.4318
East Garston Woodlands	West Berkshire	h	51.4748	-1.4927
East Anton	Test Valley	h	51.2282	-1.4696
East Winterslow	Wiltshire	h	51.1036	-1.6515
East Stowell	Wiltshire	h	51.3579	-1.7924
East Sharcott	Wiltshire	h	51.3331	-1.7835
Eastcott	Wiltshire	h	51.2995	-1.9665
Easterton Sands	Wiltshire	h	51.3002	-1.9825
Elston	Wiltshire	h	51.2028	-1.9081
East Martin	New Forest	h	50.9757	-1.8961
Ellingham	New Forest	h	50.8732	-1.7961
Eastcourt	Wiltshire	h	51.6323	-2.0354
Easton Piercy	Wiltshire	h	51.4975	-2.1654
Easton	Wiltshire	h	51.4344	-2.1592
East Town	Wiltshire	h	51.3007	-2.1558
East Hatch	Wiltshire	h	51.0547	-2.107
East Melbury	Dorset	h	50.9816	-2.1596
East Orchard	Dorset	h	50.9591	-2.2392
Elcombe	Stroud	h	51.6738	-2.3164
Earthcott Green	South Gloucestershire	h	51.5668	-2.5049
East Compton	Mendip	h	51.172	-2.5505
East Cranmore	Mendip	h	51.1926	-2.4561
Egford	Mendip	h	51.2322	-2.3495
Emborough	Mendip	h	51.2576	-2.5537
East Woodlands	Mendip	h	51.2004	-2.2988
Elliots Green	Mendip	h	51.2126	-2.2895
Eccliffe	Dorset	h	51.0275	-2.2899
East Pulham	Dorset	h	50.8841	-2.406
East Dundry	North Somerset	h	51.3934	-2.6115
East End	Mendip	h	51.2609	-2.5836
East Street	Mendip	h	51.1471	-2.6579
Easton Town	Mendip	h	51.1027	-2.5743
East Pennard	Mendip	h	51.1354	-2.5766
East Chelborough	Dorset	h	50.8492	-2.6376
East Rolstone	North Somerset	h	51.3506	-2.8677
Edingworth	Sedgemoor	h	51.2751	-2.9228
Edbrook	Sedgemoor	h	51.1577	-3.0936
Elworthy	Somerset West and Taunton	h	51.1062	-3.3101
Escott	Somerset West and Taunton	h	51.1334	-3.3005
East Town	Somerset West and Taunton	h	51.0818	-3.275
East Combe	Somerset West and Taunton	h	51.0734	-3.1991
East Lydeard	Somerset West and Taunton	h	51.0633	-3.1746
East Nynehead	Somerset West and Taunton	h	50.9996	-3.2061
Eglwys Fair y Mynydd	Bro Morgannwg - the Vale of Glamorgan	h	51.4964	-3.4983
Ellicombe	Somerset West and Taunton	h	51.1911	-3.4598
Exton	Somerset West and Taunton	h	51.0917	-3.5353
East Knowstone	North Devon	h	50.9956	-3.6535
East Village	Mid Devon	h	50.8337	-3.6464
East Mere	Mid Devon	h	50.9359	-3.4288
East Butterleigh	Mid Devon	h	50.8703	-3.4468
East Down	North Devon	h	51.1592	-4.0005
East Stowford	North Devon	h	51.0232	-3.9504
East Buckland	North Devon	h	51.0661	-3.8931
East Worlington	North Devon	h	50.9106	-3.7452
East Leigh	Mid Devon	h	50.8326	-3.8494
Eastington	Mid Devon	h	50.8672	-3.7835
Ellicombe	Mid Devon	h	50.8321	-3.7844
Eastleigh	North Devon	h	51.03	-4.1585
Elmscott	Torridge	h	50.9666	-4.52
Edistone	Torridge	h	50.9692	-4.4951
Exmansworthy	Torridge	h	51.013	-4.4672
East Youlstone	Torridge	h	50.9142	-4.4541
East Putford	Torridge	h	50.9237	-4.3238
Eastcott	Cornwall	h	50.9156	-4.4885
East Trewent	Sir Benfro - Pembrokeshire	h	51.6397	-4.88
East End	Milton Keynes	h	52.0928	-0.625
Elkington	West Northamptonshire	h	52.3842	-1.0865
Easington	Buckinghamshire	h	51.7874	-1.0039
Edgcote	West Northamptonshire	h	52.1274	-1.2643
East End	West Oxfordshire	h	51.836	-1.3803
Enslow	Cherwell	h	51.8599	-1.3003
Eaton	Vale of White Horse	h	51.7261	-1.353
Edgehill	Stratford-on-Avon	h	52.1228	-1.4565
Elcock's Brook	Redditch	h	52.2783	-1.9927
Edstone	Stratford-on-Avon	h	52.2522	-1.7354
Edgiock	Wychavon	h	52.2406	-1.9427
Eastington	Cotswold	h	51.8165	-1.8147
Elmley Lovett	Wychavon	h	52.3239	-2.1903
Earl's Common	Wychavon	h	52.2308	-2.0629
Egdon	Wychavon	h	52.1625	-2.1239
Evington	Tewkesbury	h	51.9295	-2.1904
Eldersfield	Malvern Hills	h	51.9786	-2.2919
Eastham	Malvern Hills	h	52.3154	-2.5028
Elms Green	Malvern Hills	h	52.3002	-2.4021
Evesbatch	County of Herefordshire	h	52.1306	-2.4612
Evendine	County of Herefordshire	h	52.0692	-2.3566
Edvin Loach	County of Herefordshire	h	52.2206	-2.4924
Eastwood	County of Herefordshire	h	52.059	-2.5334
Eight Oaks	Malvern Hills	h	52.0427	-2.3254
Eggs Tump	Forest of Dean	h	52.0008	-2.3459
Elmore Back	Stroud	h	51.848	-2.3393
Etloe	Forest of Dean	h	51.7488	-2.4728
Elmore	Stroud	h	51.8351	-2.3091
East Wall	Shropshire	h	52.5347	-2.697
Eaton	Shropshire	h	52.5067	-2.7425
Enchmarsh	Shropshire	h	52.5646	-2.7369
Easthampton	County of Herefordshire	h	52.2622	-2.8709
Eyton	County of Herefordshire	h	52.2495	-2.7694
Eau Withington	County of Herefordshire	h	52.0827	-2.6659
Elms Green	County of Herefordshire	h	52.2043	-2.7301
Ebnall	County of Herefordshire	h	52.226	-2.7708
Elton's Marsh	County of Herefordshire	h	52.0902	-2.7421
Even Pits	County of Herefordshire	h	52.024	-2.6307
Edgton	Shropshire	h	52.4668	-2.9055
Eyton	Shropshire	h	52.4826	-2.9261
Esgair	Sir Gaerfyrddin - Carmarthenshire	h	51.9337	-4.3646
Eagle Hall	North Kesteven	h	53.18	-0.7047
East Norton	Harborough	h	52.5957	-0.8418
Ewden Village	Sheffield	h	53.4618	-1.5889
Eastmoor	North East Derbyshire	h	53.2389	-1.541
Edlaston	Derbyshire Dales	h	52.9812	-1.729
Ecton	Staffordshire Moorlands	h	53.1228	-1.8586
Elmhurst	Lichfield	h	52.7076	-1.8341
Elford Heath	Stafford	h	52.8578	-2.2675
Enson	Stafford	h	52.857	-2.089
Englesea-brook	Cheshire East	h	53.061	-2.3719
Ellerdine	Telford and Wrekin	h	52.7835	-2.5804
Ellerton	Shropshire	h	52.8298	-2.4234
Eyton upon the Weald Moors	Telford and Wrekin	h	52.728	-2.5171
Edgeley	Shropshire	h	52.956	-2.6593
Edge Green	Cheshire West and Chester	h	53.0523	-2.7686
Egerton Green	Cheshire East	h	53.066	-2.7134
Eglwys Cross	Wrecsam - Wrexham	h	52.9632	-2.7877
Ebnal	Cheshire West and Chester	h	53.0335	-2.7536
Edstaston	Shropshire	h	52.8819	-2.7155
Eyton	Shropshire	h	52.7974	-2.8378
English Frankton	Shropshire	h	52.8628	-2.8135
Eyton on Severn	Shropshire	h	52.6519	-2.6317
Eaton Mascott	Shropshire	h	52.6482	-2.6856
Emstrey	Shropshire	h	52.6916	-2.709
Ensdon	Shropshire	h	52.746	-2.8774
Edge	Shropshire	h	52.6739	-2.8888
Eyton	Wrecsam - Wrexham	h	52.9971	-2.9687
Eardiston	Shropshire	h	52.8189	-2.9372
Elbridge	Shropshire	h	52.8102	-2.9425
Etsell	Shropshire	h	52.6287	-2.951
Eyton	Shropshire	h	52.7201	-2.9254
Efenechtyd	Sir Ddinbych - Denbighshire	h	53.0918	-3.3286
Efail-rhyd	Powys - Powys	h	52.8291	-3.2467
Esgyryn	Conwy - Conwy	h	53.2937	-3.7908
Eisingrug	Gwynedd - Gwynedd	h	52.8894	-4.0606
Elim	Sir Ynys Mon - Isle of Anglesey	h	53.3355	-4.4726
Engedi	Sir Ynys Mon - Isle of Anglesey	h	53.26	-4.463
East Knapton	Ryedale	h	54.1717	-0.6499
East Lutton	Ryedale	h	54.1148	-0.5579
Eastburn	East Riding of Yorkshire	h	53.9877	-0.4883
Elmswell	East Riding of Yorkshire	h	54.0112	-0.4813
Everthorpe	East Riding of Yorkshire	h	53.7763	-0.6214
East Newton	Ryedale	h	54.2037	-1.0151
Eskholme	Doncaster	h	53.6524	-1.0384
Ellerbeck	Hambleton	h	54.3642	-1.3366
Edderthorpe	Barnsley	h	53.5473	-1.381
East Appleton	Richmondshire	h	54.3573	-1.635
Ellerton-on-Swale	Richmondshire	h	54.3772	-1.6011
Eavestone	Harrogate	h	54.1104	-1.66
Eccup	Leeds	h	53.8779	-1.5653
East Hauxwell	Richmondshire	h	54.3383	-1.7432
Ellingstring	Harrogate	h	54.2479	-1.7398
Eshton	Craven	h	54.006	-2.1088
Eldroth	Craven	h	54.0826	-2.3626
Easington	Ribble Valley	h	53.9513	-2.4431
Edge Fold	Blackburn with Darwen	h	53.6592	-2.4209
Edgworth Moor	Blackburn with Darwen	h	53.6599	-2.3859
Entwistle	Blackburn with Darwen	h	53.6543	-2.4125
Eskrigge	Lancaster	h	54.1175	-2.659
Eagland Hill	Wyre	h	53.9004	-2.8684
Elswick Leys	Fylde	h	53.8319	-2.877
Elston	Preston	h	53.7862	-2.6132
East Barnby	Scarborough	h	54.5033	-0.724
Ellerby	Scarborough	h	54.5199	-0.7672
East Rounton	Hambleton	h	54.4227	-1.3492
Easby	Hambleton	h	54.4699	-1.1111
Elemore Vale	Sunderland	h	54.8039	-1.4454
Elstob	County Durham	h	54.6078	-1.4777
East Howle	County Durham	h	54.7027	-1.5404
Eryholme	Richmondshire	h	54.474	-1.5062
East Thirston	Northumberland	h	55.2923	-1.6936
Earsdon	Northumberland	h	55.2369	-1.7041
Eltringham	Northumberland	h	54.9585	-1.8858
Eachwick	Northumberland	h	55.0344	-1.8172
Easby	Richmondshire	h	54.3988	-1.7133
East Woodburn	Northumberland	h	55.1757	-2.1505
Elrington	Northumberland	h	54.9655	-2.2176
East Blackdene	County Durham	h	54.7422	-2.1864
Egglesburn	County Durham	h	54.6156	-2.0282
Eastgate	County Durham	h	54.7435	-2.0766
Eals	Northumberland	h	54.8952	-2.4999
Easton	Carlisle	h	55.0385	-2.8925
Ellonby	Eden	h	54.7104	-2.894
Evertown	Dumfries and Galloway	h	55.0755	-3.0068
East Curthwaite	Allerdale	h	54.8284	-3.0387
Easton	Allerdale	h	54.9205	-3.1299
Edderside	Allerdale	h	54.7967	-3.4
East Cluden	Dumfries and Galloway	h	55.0974	-3.6601
Elrig	Dumfries and Galloway	h	54.7928	-4.6106
Ervie	Dumfries and Galloway	h	54.9642	-5.1287
East Kyloe	Northumberland	h	55.6508	-1.9086
Elwick	Northumberland	h	55.6255	-1.8179
Easington	Northumberland	h	55.6067	-1.8087
Edlingham	Northumberland	h	55.3753	-1.8223
Etal	Northumberland	h	55.6481	-2.1162
East Gordon	Scottish Borders	h	55.6877	-2.528
Edgerston	Scottish Borders	h	55.3958	-2.4989
Eildon	Scottish Borders	h	55.5852	-2.6806
Easter Howgate	Midlothian	h	55.8637	-3.2131
Enterkinfoot	Dumfries and Galloway	h	55.3172	-3.7983
Earlston	East Ayrshire	h	55.5862	-4.5305
Elliot	Angus	h	56.5449	-2.6213
Easter Balmoral	Aberdeenshire	h	57.0326	-3.2129
Easter Lednathie	Angus	h	56.7546	-3.0823
Edenstown	Fife	h	56.2773	-3.1441
East Coldrain	Perth and Kinross	h	56.1871	-3.4768
Eredine	Argyll and Bute	h	56.2336	-5.2793
Eorabus	Argyll and Bute	h	56.3332	-6.2403
Easterton of Auchleuchries	Aberdeenshire	h	57.4147	-1.9762
Enzie	Moray	h	57.6524	-2.996
Embo Street	Highland	h	57.8956	-4.0268
Easter Lonvine	Highland	h	57.7302	-4.1345
Englishton Muir	Highland	h	57.4642	-4.3229
Easterton	Highland	h	57.5398	-4.0872
East Croachy	Highland	h	57.3205	-4.2411
Eskadale	Highland	h	57.4226	-4.5734
Easter Milton	Highland	h	57.3385	-4.4954
Errogie	Highland	h	57.2729	-4.3785
Easter Mandally	Highland	h	57.067	-4.7974
Eilanreach	Highland	h	57.2003	-5.63
Erbusaig	Highland	h	57.3019	-5.7137
Ealaiseadar	Highland	h	57.6102	-6.1869
Eyre	Highland	h	57.4934	-6.3207
Eubost	Highland	h	57.3623	-6.4576
Earsairidh	Na h-Eileanan an Iar	h	56.9734	-7.4229
Easter Head	Highland	h	58.6704	-3.3764
East Clyne	Highland	h	58.032	-3.8635
Eòradal	Na h-Eileanan an Iar	h	58.4802	-6.2277
Eisgean	Na h-Eileanan an Iar	h	58.0164	-6.5309
Earshader	Na h-Eileanan an Iar	h	58.2017	-6.8315
Einacleit	Na h-Eileanan an Iar	h	58.1501	-6.8942
East Burrafirth	Shetland Islands	h	60.3047	-1.3379
Ebbsfleet Valley	Dartford	o	51.4347	0.3034
East Ham	Newham	o	51.5331	0.0544
Eltham	Greenwich	o	51.4507	0.0573
Erith	Bexley	o	51.4808	0.1792
Edmonton	Enfield	o	51.6245	-0.0606
Enfield		o	51.6522	-0.0844
East Saltdean	Lewes	o	50.7991	-0.0347
Eastbury	Three Rivers	o	51.6213	-0.4178
Ealing		o	51.5138	-0.3028
Edgware	Barnet	o	51.6165	-0.2743
Easton Green	East Suffolk	o	52.1947	1.325
East Walton	King's Lynn and West Norfolk	o	52.719	0.5808
Edlington	East Lindsey	o	53.2268	-0.1519
East Firsby	West Lindsey	o	53.3566	-0.4841
East Parley	"Bournemouth, Christchurch and Poole"	o	50.7791	-1.8595
East Stoke	Dorset	o	50.6753	-2.1829
East Holton	Dorset	o	50.7216	-2.0563
East Shilvinghampton	Dorset	o	50.6583	-2.5274
Elmers Marsh	Chichester	o	51.0483	-0.7695
Elvetham	Hart	o	51.2968	-0.8712
Eysey	Wiltshire	o	51.6485	-1.8388
Elcombe	Swindon	o	51.5217	-1.8123
Earlswood	Sir Fynwy - Monmouthshire	o	51.6617	-2.8088
East Water	Mendip	o	51.2552	-2.6648
Edgarley	Mendip	o	51.1392	-2.6912
Eyewell	South Somerset	o	51.0249	-2.5891
Efford	Mid Devon	o	50.7986	-3.5764
Eversholt	Central Bedfordshire	o	51.9931	-0.5697
Emery Row	West Northamptonshire	o	52.3339	-1.1749
Elmbridge	Wychavon	o	52.3081	-2.1465
Eastnor	County of Herefordshire	o	52.0318	-2.3922
Elton	County of Herefordshire	o	52.331	-2.7996
Eaton	County of Herefordshire	o	52.2201	-2.7191
Eaton	Shropshire	o	52.5016	-2.9224
Esgairdawe	Sir Gaerfyrddin - Carmarthenshire	o	52.0503	-4.0259
Eglwyswen	Sir Benfro - Pembrokeshire	o	51.9945	-4.6944
Eagle Barnsdale	North Kesteven	o	53.1789	-0.6851
Easton	South Kesteven	o	52.8303	-0.6188
Everley	Scarborough	o	54.2867	-0.5065
East Ness	Ryedale	o	54.2006	-0.9361
Eldmire	Hambleton	o	54.1668	-1.3559
Eastfield	Barnsley	o	53.5198	-1.5564
East Scrafton	Richmondshire	o	54.2578	-1.8655
Erlings	Bradford	o	53.798	-1.8796
Elslack	Craven	o	53.9426	-2.1132
Embleton	County Durham	o	54.6621	-1.3489
East Holywell	North Tyneside	o	55.0504	-1.5141
Elm Terrace	County Durham	o	54.6459	-1.652
East Kyo	County Durham	o	54.8688	-1.7257
East Butsfield	County Durham	o	54.8016	-1.8235
East Hope	County Durham	o	54.4762	-1.9416
Egglestone Abbey	County Durham	o	54.5309	-1.9066
Ettersgill	County Durham	o	54.6641	-2.1842
Ewes	Dumfries and Galloway	o	55.212	-2.9878
East Causewayhead	Allerdale	o	54.8624	-3.3584
Elvingston	East Lothian	o	55.9598	-2.8605
Ettrick	Scottish Borders	o	55.4192	-3.1529
East Croft	Scottish Borders	o	55.6246	-3.3089
Elvanfoot	South Lanarkshire	o	55.4391	-3.6601
East Bennan	North Ayrshire	o	55.4475	-5.1747
Ellister	Argyll and Bute	o	55.6931	-6.4536
Ethie	Angus	o	56.6221	-2.5035
Eassie	Angus	o	56.6113	-3.0673
Enochdhu	Perth and Kinross	o	56.7446	-3.536
Etteridge	Highland	o	57.0064	-4.1683
Eriska Village	Argyll and Bute	o	56.5233	-5.4185
Esslemont	Aberdeenshire	o	57.357	-2.1172
Eastertown	Aberdeenshire	o	57.3685	-2.3886
Evelix	Highland	o	57.8917	-4.0832
Easter Clunes	Highland	o	57.4424	-4.4193
Eynort	Highland	o	57.2601	-6.3391
Eastside	Orkney Islands	o	58.8095	-2.9304
East Mey	Highland	o	58.6527	-3.2035
East Watten	Highland	o	58.484	-3.2656
East Clyth	Highland	o	58.3374	-3.1989
East Langwell	Highland	o	58.0273	-4.1549
Elphin	Highland	o	58.0591	-5.0261
Eilean Anabaich	Na h-Eileanan an Iar	o	57.9511	-6.7326
Easting	Orkney Islands	o	59.3847	-2.397
Everbay	Orkney Islands	o	59.1074	-2.5721
Evie	Orkney Islands	o	59.1212	-3.1238
Eswick	Shetland Islands	o	60.2657	-1.1195
East Houlland	Shetland Islands	o	60.2649	-1.3773
Effirth	Shetland Islands	o	60.2511	-1.4333
Exnaboe	Shetland Islands	o	59.8891	-1.2908
